University,Private,Apps,Accept,Enroll,Top10perc,Top25perc,F.Undergrad,P.Undergrad,Outstate,Room.Board,Books,Personal,PhD,Terminal,S.F.Ratio,perc.alumni,Expend,Grad.Rate,Apps_transformed,Accept_transformed,Enroll_transformed,Top10perc_transformed,F.Undergrad_transformed,P.Undergrad_transformed,Outstate_transformed,Books_transformed,Personal_transformed,PhD_transformed,Terminal_transformed,S.F.Ratio_transformed,perc.alumni_transformed,Expend_transformed,Accept_Rate,Outstate_Tier,Outstate_Tier_Encoded,Private_Encoded,Apps_transformed_scaled,Accept_transformed_scaled,Enroll_transformed_scaled,Top10perc_transformed_scaled,F.Undergrad_transformed_scaled,P.Undergrad_transformed_scaled,Outstate_transformed_scaled,Books_transformed_scaled,Personal_transformed_scaled,PhD_transformed_scaled,Terminal_transformed_scaled,S.F.Ratio_transformed_scaled,perc.alumni_transformed_scaled,Expend_transformed_scaled,Accept_Rate_scaled,Outstate_Tier_Encoded_scaled,Private_Encoded_scaled
Abilene Christian University,Yes,1660,1232,721,23,52,2885,537,7440,3300,450,2200,70.0,78,18.1,12,7041,60,5.712145845268364,5.60138391141987,4.140800558787514,4.818997178837589,3.7793224449099174,8.713823289558528,59.28601536151998,9.270525807002555,10.37136003078452,2436.7893025328367,34618.54631426671,7.958870720536977,4.953303378471571,1.831301764113729,0.7421686746987952,Low,0,1,0.029312272275010876,0.04288239431274337,0.49336561124255446,-0.055200718403029835,0.43216965815596997,0.29827525513441944,-0.6932389470072864,-0.6133100630418952,1.2708345600115423,-0.29347540133892097,-0.28553671812966114,1.0174287020688955,-0.8342724276648658,-0.49129705864050627,-0.031096899061405527,-1.0977194109733543,0.6130958528832952
Adelphi University,Yes,2186,1924,512,16,29,2683,1227,12280,6450,750,1500,29.0,30,12.2,16,10527,56,5.86990002120935,5.867695650668914,4.012906675204298,4.043409132038042,3.7664414683973004,10.31616502414638,70.96603541179472,10.425882498985677,9.703857838201385,418.32997716220666,2831.0418238990724,5.904911098320331,5.900304933741678,1.8342822362322242,0.8801463860933212,Medium,1,1,0.28434669507156074,0.48759673934664766,0.14244007812373818,-0.5871679226871698,0.36395770875153927,0.8671677596340062,0.5556885167378008,1.3022200552656582,0.45491530270202957,-2.1903483440074316,-2.252377593209516,-0.4346095870330258,-0.4321419230686565,0.5515921981628045,0.9074561211357447,0.3584006965742063,0.6130958528832952
Adrian College,Yes,1428,1097,336,22,50,1036,99,11250,3750,400,1165,53.0,66,12.9,30,8735,54,5.62450342068577,5.530669104537276,3.8460195507069965,4.72006404693986,3.577305065125934,5.815891280490231,68.77646840509966,9.014694833976261,9.273611547555127,1397.2527513082268,22346.50996978621,6.166254230007078,8.505142557374741,1.832979823178354,0.7682072829131653,Medium,1,1,-0.1123754835804902,-0.07520436038935675,-0.3154782483361486,-0.12305785184375591,-0.6376249552526602,-0.7306012715900319,0.32156131861648807,-1.0374664620381557,-0.07099493073970593,-1.27039315843607,-1.0448647336429244,-0.24985413726745317,0.673964674278998,0.09586822967712032,0.1460231164420328,0.3584006965742063,0.6130958528832952
Agnes Scott College,Yes,417,349,137,60,89,510,63,12960,5450,450,875,92.0,97,7.7,37,19016,59,4.8701900010031,4.801085118572678,3.452449203759191,7.2527986409147225,3.4086271807865107,5.11982162968427,72.34620391901926,9.270525807002555,8.795945969733173,4207.948159114593,61289.05591242347,4.0573219946362835,9.567248268196495,1.8376384148601677,0.8369304556354916,Medium,1,1,-1.331841697067143,-1.293537676751549,-1.3953882483523,1.614116601411784,-1.5308683596589256,-0.9777325784800756,0.7032679169314024,-0.6133100630418952,-0.654867984385544,1.37099376580703,1.3646918631281069,-1.7407550886575778,1.1249724926404445,1.7259439437387076,0.6134923958218088,0.3584006965742063,0.6130958528832952
Alaska Pacific University,Yes,193,146,55,16,44,249,869,7560,4120,800,1500,76.0,72,11.9,2,10922,15,4.362064838213612,4.2052709915517985,2.9923472083582627,4.043409132038042,3.2092912862271707,9.631261026407856,59.62873261684401,10.577309512175834,9.703857838201385,2872.1891570226703,28068.836197330573,5.791125549906482,1.435570769429468,1.8345241384664746,0.7564766839378239,Low,0,1,-2.153305894939775,-2.2884885189757864,-2.6578531411322968,-0.5871679226871698,-2.5864630143693197,0.6240006859663723,-0.6565926920667006,1.5532793225065122,0.45491530270202957,0.11569717540939685,-0.6907977722592065,-0.5150498114932618,-2.328026668337858,0.6362355805755846,0.0662291483746286,-1.0977194109733543,0.6130958528832952
Albertson College,Yes,587,479,158,38,62,678,41,13500,3335,500,675,75.0,73,9.4,11,9727,55,5.086638092124851,5.008692512033041,3.518695890502607,6.018587232987885,3.4795426837702896,4.486482023874574,73.40871283345535,9.502670860800531,8.371563707208031,2797.1408339686877,29101.843668955273,4.794954971684336,4.6929731524538,1.8337466143551389,0.8160136286201022,Medium,1,1,-0.9819193342809999,-0.9468538006773457,-1.21361525646671,0.7675847409999096,-1.1553312490383814,-1.2025923239204166,0.8168804413963757,-0.22842386689854197,-1.1736103410433745,0.04516955486019143,-0.6268807912936191,-1.2192884958420362,-0.9448178904126144,0.3641741385021251,0.471211798688974,0.3584006965742063,0.6130958528832952
Albertus Magnus College,Yes,353,340,103,17,45,416,230,13290,5720,500,1500,90.0,93,11.5,26,8861,63,4.762726931643527,4.783747634543557,3.3155094793550686,4.167994170464725,3.3551173311172127,7.200125826038053,72.99889021389272,9.502670860800531,9.703857838201385,4027.0838434683237,54886.120254639376,5.637657762251316,7.8398782563579585,1.8330845106913258,0.9631728045325779,Medium,1,1,-1.505572640812917,-1.3224895655277928,-1.7711344876976116,-0.5017164322200872,-1.8142328355358628,-0.2391451480720982,0.7730587079890185,-0.22842386689854197,0.45491530270202957,1.2010242141140972,0.9685124280279964,-0.6235432314264993,0.3914698171492021,0.13249916540110146,1.4722190454859183,0.3584006965742063,0.6130958528832952
Albion College,Yes,1899,1720,489,37,68,1594,32,13868,4826,450,850,89.0,100,13.7,37,11487,73,5.789635826463403,5.801517400083841,3.9952166693171267,5.950905246358549,3.6678204044253406,4.133121168004016,74.11689862840286,9.270525807002555,8.74813681377624,3938.140272384894,66380.98635477376,6.458258782327776,9.567248268196495,1.8348476293299478,0.9057398630858347,Medium,1,1,0.1545870075313709,0.3770855863369489,0.093900815940873,0.7211624200833137,-0.15829578804485464,-1.3280489215668767,0.892605712837437,-0.6133100630418952,-0.7133073594983343,1.1174383566772665,1.6797533027611797,-0.04342272256216631,1.1249724926404445,0.7494274283022593,1.0815482617133334,0.3584006965742063,0.6130958528832952
Albright College,Yes,1038,839,227,30,63,973,306,15595,4400,300,500,79.0,84,11.3,23,11644,80,5.435556518760654,5.365082447796826,3.680629920666159,5.434512156192033,3.563401962354302,7.6957126061998125,77.2851223643358,8.405836708794975,7.890855810096345,3103.2898290035896,42037.76711508565,5.560145089438339,7.305625713076967,1.8349331981899324,0.8082851637764933,High,2,1,-0.41783785111676847,-0.3517177495712697,-0.7692876289594262,0.3669741501362814,-0.7112496328455621,-0.06319291611227368,1.2313792438813873,-2.046926211268621,-1.7612021643396472,0.33287698488245776,0.17352500962299197,-0.678340495986942,0.16460720682316513,0.779368605822774,0.41864117733900724,1.8145208041217669,0.6130958528832952
Alderson-Broaddus College,Yes,582,498,172,21,44,799,78,10468,3380,660,1800,40.0,41,11.5,15,8991,52,5.081289418596912,5.033881369715475,3.5574494258172917,4.61773086410158,3.5184836514404063,5.44485925764363,67.0244891916229,10.129619880423451,10.019259575285039,795.9675972970406,6418.606091926495,5.637657762251316,5.675799188389897,1.833190143327847,0.8556701030927835,Medium,1,1,-0.990566305797211,-0.9047908920801377,-1.1072801866453614,-0.1932470423613438,-0.9491171228134194,-0.862331808322911,0.13422474331924178,0.8110297824067062,0.840445648422016,-1.8354585650737079,-2.0303982916738934,-0.6235432314264993,-0.5274750385853566,0.16946080685117496,0.7409633658843612,0.3584006965742063,0.6130958528832952
Alfred University,Yes,1732,1425,472,37,75,1830,110,16548,5406,500,600,82.0,88,11.3,31,10932,73,5.7366892716807865,5.689246441330375,3.9815128430930846,5.950905246358549,3.6950716074792,5.982666302508909,78.93552617010309,9.502670860800531,8.18162464989385,3343.323684287649,47487.224979564795,5.560145089438339,8.664190735529143,1.8345300871822185,0.8227482678983834,High,2,1,0.06899057905329407,0.18960415563033936,0.05629915440159747,0.7211624200833137,-0.013985480352037364,-0.671389770125531,1.4078545093706523,-0.22842386689854197,-1.4057817650474291,0.5584518675118793,0.5107083351693819,-0.678340495986942,0.7415021812454939,0.6383170802489733,0.5170222123469872,1.8145208041217669,0.6130958528832952
Allegheny College,Yes,2652,1900,484,44,77,1707,44,17080,4440,400,600,73.0,91,9.9,41,11711,76,5.9787530140406435,5.860309977981476,3.9912438940861508,6.3990538472540806,3.681441201161774,4.588761724271104,79.82982165876625,9.014694833976261,8.18162464989385,2650.022148392148,51847.00689353883,5.001743657107565,10.12756185867775,1.834969175446058,0.7164404223227753,High,2,1,0.46032466859152044,0.47526339421852687,0.08299999545726995,1.0285425548159215,-0.08616607824190928,-1.1662791245185324,1.5034802182039588,-1.0374664620381557,-1.4057817650474291,-0.09308710977675971,0.7804683371675396,-1.0731000870048981,1.3629015494814063,0.7919573140578902,-0.2061058097604855,1.8145208041217669,0.6130958528832952
Allentown Coll. of St. Francis de Sales,Yes,1179,780,290,38,64,1130,638,9690,4785,600,1000,60.0,84,13.3,21,7940,74,5.511537706061379,5.3195092088807785,3.785092002463567,6.018587232987885,3.5962403709853796,9.037298362046258,65.19398064813774,9.911870086910547,9.01750885336023,1790.5445158830128,42037.76711508565,6.31311179805378,6.929403951155235,1.8322611777606723,0.6615776081424937,Medium,1,1,-0.29500231835796586,-0.42782056483872183,-0.4826561598195867,0.7675847409999096,-0.537351957784123,0.41312125842975483,-0.06150885839875067,0.450010288926062,-0.38404127330500104,-0.9007921972379641,0.17352500962299197,-0.14603378484101692,0.0048500806392386695,-0.1555911216452529,-0.5792940546226276,0.3584006965742063,0.6130958528832952
Alma College,Yes,1267,1080,385,44,73,1306,28,12572,4552,400,400,79.0,87,15.3,32,9305,68,5.554165000094791,5.5211089658244745,3.9011413635315217,6.3990538472540806,3.6270133819544674,3.9462911658014495,71.5646911791033,9.014694833976261,7.540282586470517,3103.2898290035896,46086.272753520185,7.023054080272134,8.820611540394847,1.8334358435964344,0.8524072612470402,Medium,1,1,-0.22608859696616584,-0.09116884936789561,-0.164230581051607,1.0285425548159215,-0.3743917144214137,-1.3943807068374012,0.6197019024942315,-1.0374664620381557,-2.1897242687337264,0.33287698488245776,0.4240248994484804,0.35585698539765914,0.8079240121706287,0.2554331495929184,0.7187688386828509,0.3584006965742063,0.6130958528832952
Alverno College,Yes,494,313,157,23,46,1317,1235,8352,3640,650,2449,36.0,69,11.1,26,8127,55,4.978133779111628,4.728629271653737,3.5157773328895465,4.818997178837589,3.6287668844534715,10.329292595590491,61.805639720315234,10.094559934711176,10.561649244502703,644.7330171299121,25106.93423290231,5.482096185079573,7.8398782563579585,1.8324399290446465,0.6336032388663968,Low,0,1,-1.1573336120660473,-1.414531796640125,-1.2216234297867012,-0.055200718403029835,-0.3651059414347578,0.8718285488000315,-0.4238191988839534,0.7529019484450437,1.5034339966218024,-1.9775831942446136,-0.8740644345850307,-0.7335168472284893,0.3914698171492021,-0.0930447242004866,-0.7695815184950914,-1.0977194109733543,0.6130958528832952
American International College,Yes,1420,1093,220,9,22,1018,287,8700,4780,450,1400,78.0,84,14.7,19,7355,69,5.621213897014765,5.528433994880008,3.666985302275609,2.9528188947255454,3.5734400748625195,7.5832212297939945,62.71933465913548,9.270525807002555,9.585611403607514,3025.263672430051,42037.76711508565,6.814084059463645,6.534472866673584,1.8316573586842353,0.7697183098591549,Low,0,1,-0.11769351567508371,-0.07893677312532452,-0.8067268312789887,-1.3351916215524642,-0.6580922327170985,-0.10313165045134533,-0.3261191352140588,-0.6133100630418952,0.31037713613816026,0.2595509072328201,0.17352500962299197,0.2081264905007414,-0.16285168859179217,-0.36687188617963684,0.15630143523297682,-1.0977194109733543,0.6130958528832952
Amherst College,Yes,4302,992,418,83,96,1593,5,19760,5300,660,1598,75.0,98,8.4,63,21424,100,6.244556208702437,5.468899013007099,3.9338864519701247,8.22193341022547,3.6676946608085563,1.7444748095764888,84.07689359534504,10.129619880423451,9.812858591942838,2797.1408339686877,62958.47816557827,4.368041271262717,12.79505833659775,1.8381943950817923,0.23059042305904232,High,2,1,0.890037314381693,-0.17835432244130456,-0.07438197144344937,2.27883534731329,-0.15896167057461622,-2.176109594191858,1.9576134096936015,0.8110297824067062,0.5881520396402784,0.04516955486019143,1.4679867891663476,-1.5210933767410013,2.4956153224473097,1.920485538853575,-3.510958307769455,1.8145208041217669,0.6130958528832952
Anderson University,Yes,1216,908,423,19,40,1819,281,10100,3520,550,1100,48.0,61,12.1,14,7994,59,5.529863467219629,5.414216041867759,3.9385869012923544,4.401674224577899,3.6938986802341676,7.5463012617331255,66.1701970968664,9.715390024589627,9.176997673903145,1146.123359651444,18178.60612562006,5.8671049482622815,5.443683341838181,1.832313457227704,0.7467105263157895,Medium,1,1,-0.2653758448182091,-0.2696694922618811,-0.061484500211150775,-0.3414378853851846,-0.020196783805222843,-0.11623964897801099,0.04287653889757052,0.12425506576926057,-0.1890906028016409,-1.5063952131493028,-1.3027523462610369,-0.46133648899060975,-0.6260396734364524,-0.13729814913918253,-0.00020228202990137085,0.3584006965742063,0.6130958528832952
Andrews University,Yes,1130,704,322,14,23,1586,326,9996,3090,900,1320,62.0,66,11.5,18,10908,46,5.486294603323879,5.255040846008085,3.82854869394382,3.7757494643672955,3.666811754898651,7.807518182292734,65.9250715115624,10.856914905640831,9.485241066919812,1911.850540404655,22346.50996978621,5.637657762251316,6.329097661694977,1.834515796144545,0.6230088495575221,Medium,1,1,-0.3358117618978988,-0.5354763739712171,-0.36341619151128945,-0.7707527080612918,-0.16363714942486735,-0.023497667072978456,0.016665618519435942,2.016852655434644,0.1876897630087672,-0.7867933106586992,-1.0448647336429244,-0.6235432314264993,-0.25006129701322827,0.6333165403795503,-0.8416467526730749,0.3584006965742063,0.6130958528832952
Angelo State University,No,3540,2001,1016,24,54,4190,1512,5130,3592,500,2000,60.0,62,23.1,5,4010,34,6.1385787637394005,5.890742335206159,4.26237563158847,4.914783971046612,3.842418411241212,10.742310814777072,51.83093555758719,9.502670860800531,10.203474874757537,1790.5445158830128,18969.870093350863,9.499875213037079,2.8029031764133614,1.8258736488134952,0.5652542372881356,Low,0,0,0.7187081159983048,0.5260824300191098,0.8269530826783935,0.010498375683124296,0.7662979642512601,1.018465788563027,-1.490399728535567,-0.22842386689854197,1.0656206545879023,-0.9007921972379641,-1.253793161208231,2.10683547646955,-1.747408750963526,-2.3906347830818544,-1.234505608120786,-1.0977194109733543,-1.6310663255951814
Antioch University,Yes,713,661,252,25,44,712,23,15476,3336,400,1100,69.0,82,11.3,35,42926,48,5.207317989597523,5.215176100320248,3.725670994635937,5.0076495594765635,3.4912920582122515,3.6755164054749305,77.07443026174116,9.014694833976261,9.176997673903145,2367.6971460616746,39465.53223109407,5.560145089438339,9.275276881632609,1.8408087870884555,0.9270687237026648,High,2,1,-0.7868213103364338,-0.6020465684301659,-0.6457003044349969,0.07419384862799155,-1.0931117632576415,-1.4905160868454934,1.2088502454556984,-1.0374664620381557,-0.1890906028016409,-0.3584056382346787,0.01436886348154269,-0.678340495986942,1.0009910690058206,2.835280654668368,1.2266315968909323,1.8145208041217669,0.6130958528832952
Appalachian State University,No,7313,4664,1910,20,63,9940,1035,6806,2540,96,2000,83.0,96,18.3,14,5854,70,6.5253836272195285,6.372607290848894,4.470044968921533,4.511710153177958,3.9702073184252664,9.975403768831844,57.41231101659019,6.203289667757594,10.203474874757537,3425.3200408639627,59647.28650004573,8.023471582250671,5.443683341838181,1.8297004667353385,0.6377683577191303,Low,0,0,1.344038979692563,1.3307493919326905,1.3967729276486842,-0.2659654673280361,1.4430114465519315,0.7461845013266436,-0.8935914126065444,-5.698651451942537,1.0656206545879023,0.6355089913449042,1.2631079470739583,1.0630980149914302,-0.6260396734364524,-1.0516028647266802,-0.7412495158897182,-1.0977194109733543,-1.6310663255951814
Aquinas College,Yes,619,516,219,20,51,1251,767,11208,4124,350,1615,55.0,65,12.7,25,6584,65,5.119751685169152,5.056813304751676,3.6649952336617475,4.511710153177958,3.6179676459931267,9.389079241626145,68.68444130837047,8.729291720840871,9.831134084672719,1504.656575461497,21470.19703315302,6.092161014487607,7.665481401085836,1.8307381558520661,0.8336025848142165,Medium,1,1,-0.9283860059973014,-0.8664968217596126,-0.8121873417404444,-0.2659654673280361,-0.42229392766715884,0.5380169041583767,0.31172099573869333,-1.5106521568656046,0.610491032112236,-1.1694590422937714,-1.0990862943084903,-0.3022340305882601,0.3174147165843801,-0.6885077614303057,0.5908555280366711,0.3584006965742063,0.6130958528832952
Arizona State University Main campus,No,12809,10308,3761,24,49,22593,7585,7434,4850,700,2100,88.0,93,18.9,5,4602,48,6.810357250825293,6.798934897573202,4.671654906623113,4.914783971046612,4.071271908929298,14.346451293156315,59.26878452812914,10.265383834059623,10.28926887219915,3850.189112920918,54886.120254639376,8.215644031739009,2.8029031764133614,1.8273579938302282,0.8047466625029276,Low,0,0,1.8047436372714876,2.0426744573800373,1.9499665041338634,0.010498375683124296,1.9782047781512868,2.2980732899184684,-0.6950814148243284,1.036120392064417,1.1704906841578149,1.0347851307407439,0.9685124280279964,1.1989535360782697,-1.747408750963526,-1.8712514740636974,0.3945715575162776,-1.0977194109733543,-1.6310663255951814
Arkansas College (Lyon College),Yes,708,334,166,46,74,530,182,8644,3922,500,800,79.0,88,12.6,24,14579,54,5.2029807203087595,4.771914208831943,3.5413033708036714,6.517276073871263,3.4184665777029966,6.804119297184665,62.573943995983456,9.502670860800531,8.648479600106288,3103.2898290035896,47487.224979564795,6.05494407369219,7.487471891197417,1.8362623937321896,0.4717514124293785,Low,0,1,-0.7938331879173275,-1.3422502196382253,-1.151583032134714,1.1096298635196908,-1.478763269335996,-0.37974258814036077,-0.34166554621344736,-0.22842386689854197,-0.835123048894733,0.33287698488245776,0.5107083351693819,-0.328544393486175,0.2418255545223002,1.2444639652488378,-1.8705312225566062,-1.0977194109733543,0.6130958528832952
Arkansas Tech University,No,1734,1729,951,12,52,3602,939,3460,2650,450,1000,57.0,60,19.6,5,4739,48,5.737355305881059,5.804610451914921,4.239436536625783,3.4779670941379464,3.8174687500420217,9.783041973075147,44.90558782575826,9.270525807002555,9.01750885336023,1616.0326987995059,17408.082037358414,8.436867020058239,2.8029031764133614,1.8276601636597412,0.9971164936562861,Low,0,0,0.07006732803198891,0.38225067790630013,0.7640109473431553,-0.9749983196713342,0.6341756033642671,0.6778887181014667,-2.2309170342453672,-0.6133100630418952,-0.38404127330500104,-1.064791907235012,-1.3504282584260159,1.3553462158537377,-1.747408750963526,-1.7655200139458214,1.7031110614623,-1.0977194109733543,-1.6310663255951814
Assumption College,Yes,2135,1700,491,23,59,1708,689,12000,5920,500,500,93.0,93,13.8,30,7100,88,5.856495689808271,5.794581488140009,3.996792677564345,4.818997178837589,3.6815567950719528,9.183428957298142,70.38313867181212,9.502670860800531,7.890855810096345,4299.868873409913,54886.120254639376,6.494286444209187,8.505142557374741,1.8313704255044547,0.7962529274004684,Medium,1,1,0.2626764863340956,0.36550329730225656,0.09822519423684477,-0.055200718403029835,-0.08555394406521388,0.46500320004206824,0.49336022072818697,-0.22842386689854197,-1.7612021643396472,1.4573774316188435,0.9685124280279964,-0.01795311549064537,0.673964674278998,-0.46727192976892323,0.3367954090891345,0.3584006965742063,0.6130958528832952
Auburn University-Main Campus,No,7548,6791,3070,25,57,16262,1716,6300,3933,600,1908,85.0,91,16.7,18,6642,69,6.541780222113849,6.577549735934137,4.613437573482033,5.0076495594765635,4.0329568292589535,11.004852686166782,55.83285878504789,9.911870086910547,10.120960995298347,3592.2902607546,51847.00689353883,7.498611600723711,6.329097661694977,1.8308129855133946,0.8997085320614733,Low,0,0,1.3705466527209225,1.6729830669961077,1.790225099018143,0.07419384862799155,1.7753050777023098,1.1116781786087233,-1.0624799300196837,0.450010288926062,0.9647600671709042,0.7924213890142526,0.7804683371675396,0.6920504143711256,-0.25006129701322827,-0.6623243090150365,1.0405218967192282,-1.0977194109733543,-1.6310663255951814
Augsburg College,Yes,662,513,257,12,30,2074,726,11902,4372,540,950,65.0,65,12.8,31,7836,58,5.1614635670733975,5.053051335848673,3.734060385518556,3.4779670941379464,3.71907651384366,9.283462143789318,70.17701651260464,9.67423499739097,8.932140965162741,2101.2563449237364,21470.19703315302,6.129263988156606,8.664190735529143,1.8321589305371524,0.7749244712990937,Medium,1,1,-0.8609521922059836,-0.8727789388809025,-0.622680818392808,-0.9749983196713342,0.11313387715837982,0.500518801219789,0.4713198796660493,0.05602185721487039,-0.48839044954759636,-0.6087967856553352,-1.0990862943084903,-0.27600423628062626,0.7415021812454939,-0.1913681820261212,0.19171482550959185,0.3584006965742063,0.6130958528832952
Augustana College IL,Yes,1879,1658,497,36,69,1950,38,13353,4173,540,821,78.0,83,12.7,40,9220,71,5.783564153845409,5.77972741350932,4.0014766284440615,5.881850116998911,3.7073346304020376,4.377221246358051,73.12228071145017,9.67423499739097,8.69101906515015,3025.263672430051,40739.09727963728,6.092161014487607,9.990248962005056,1.8333706072319433,0.8823842469398616,Medium,1,1,0.1447711943378163,0.34069845734627535,0.11107739571446495,0.6737982758594397,0.0509540603992901,-1.241384072286713,0.7862526734532344,0.05602185721487039,-0.7831250643029304,0.2595509072328201,0.0931702615374012,-0.3022340305882601,1.304593615223782,0.23260646275412494,0.9226785149200266,0.3584006965742063,0.6130958528832952
Augustana College,Yes,761,725,306,21,58,1337,300,10990,3244,600,1021,66.0,70,10.4,30,6871,69,5.247366000390284,5.273572699671045,3.8074759493471153,4.61773086410158,3.631909825872327,7.660885745171172,68.2031027313402,9.911870086910547,9.05218978992931,2166.3773306690255,26071.58053472029,5.204502215977128,8.505142557374741,1.831098866282368,0.9526938239159002,Medium,1,1,-0.7220774057408268,-0.5045300056765754,-0.42123728447281134,-0.1932470423613438,-0.3484623150113997,-0.07555778171289308,0.260252165580397,0.450010288926062,-0.34164913688558746,-0.5475985071923998,-0.8143772774197001,-0.9297607595238646,0.673964674278998,-0.5622925117575066,1.400938845176983,0.3584006965742063,0.6130958528832952
Austin College,Yes,948,798,295,42,74,1120,15,11280,4342,400,1150,81.0,95,13.0,33,11361,71,5.381016344021545,5.333793541638213,3.792237022415062,6.276768658259247,3.5943188144659874,3.104966547551385,68.84206402518987,9.014694833976261,9.251767375413102,3262.3198521504246,58032.99277532507,6.203132952498875,8.97452607649717,1.8347776413118406,0.8417721518987342,Medium,1,1,-0.506010616755727,-0.40396713763201336,-0.46305107890896174,0.9446685054628217,-0.5475276704678739,-1.6930830740303442,0.3285753623492402,-1.0374664620381557,-0.0976960875429358,0.4823274812028567,1.1632240797157132,-0.22378287640524416,0.8732815923383459,0.7249381026897083,0.6464266183481573,0.3584006965742063,0.6130958528832952
Averett College,Yes,627,556,172,16,40,777,538,9925,4135,750,1350,59.0,67,22.4,11,6523,48,5.127743109348188,5.104847284735625,3.5574494258172917,4.043409132038042,3.5119606525103886,8.717285972790766,65.75676282988424,10.425882498985677,9.523523757948993,1731.3809243997205,23244.601297193447,9.292589974720725,4.6929731524538,1.830658351374996,0.886762360446571,Medium,1,1,-0.9154666126394648,-0.7862848115486885,-1.1072801866453614,-0.5871679226871698,-0.983660037517417,0.29950463991155823,-0.0013313826868790503,1.3022200552656582,0.23448449294285456,-0.9563919383202588,-0.9892956425607811,1.9602960316112636,-0.9448178904126144,-0.7164319386989533,0.9524593513533741,0.3584006965742063,0.6130958528832952
Baker University,Yes,602,483,206,21,47,958,466,8620,4100,400,2250,58.0,68,11.0,21,6136,65,5.102395314024826,5.014083248901862,3.6381283853360924,4.61773086410158,3.559929569305118,8.451747844621089,62.51144437982418,9.014694833976261,10.411117942427786,1673.2103108531687,24164.67508092954,5.442866458260426,6.929403951155235,1.830123847427526,0.8023255813953488,Low,0,1,-0.956445308201077,-0.9378518016568441,-0.8859067629336266,-0.1932470423613438,-0.7296378892600673,0.2052284642907345,-0.3483485387732943,-1.0374664620381557,1.3194325213375049,-1.0110585156983387,-0.9323663945762501,-0.7612501409097624,0.0048500806392386695,-0.9034588265119079,0.3781028615023034,-1.0977194109733543,0.6130958528832952
Baldwin-Wallace College,Yes,1690,1366,662,30,61,2718,1460,10995,4410,1000,1000,68.0,74,17.6,20,8086,85,5.722508574171623,5.663810150603363,4.109530421500235,5.434512156192033,3.768756326991732,10.670290916397505,68.21421252259567,11.110633242948902,9.01750885336023,2299.597751802593,30158.03455349912,7.796140014934541,6.734445050971812,1.8324012835674426,0.808284023668639,Medium,1,1,0.046065252465077554,0.14712805824667724,0.4075640913356484,0.3669741501362814,0.37621617511603594,0.992895974410058,0.26144011931298633,2.437506398173015,-0.38404127330500104,-0.42240291415622744,-0.5615293446508958,0.9023869004718892,-0.07793639470495539,-0.10656706274204769,0.4186334220888358,0.3584006965742063,0.6130958528832952
Barat College,Yes,261,192,111,15,36,453,266,9690,4300,500,500,57.0,77,9.7,35,9337,71,4.564585768567148,4.3964685511713455,3.3520014668581686,3.912896621040344,3.377786958852212,7.450796475513653,65.19398064813774,9.502670860800531,7.890855810096345,1616.0326987995059,33467.66720923342,4.919527835158992,9.275276881632609,1.8334601656707252,0.735632183908046,Medium,1,1,-1.8258989767466491,-1.9692074473337564,-1.671004834814265,-0.676685000581864,-1.6941845225401522,-0.15014749513298145,-0.06150885839875067,-0.22842386689854197,-1.7612021643396472,-1.064791907235012,-0.3567469657519844,-1.1312222234617375,1.0009910690058206,0.26394362342814137,-0.07555946559584333,0.3584006965742063,0.6130958528832952
Bard College,Yes,1910,838,285,50,85,1004,15,19264,6206,750,750,98.0,98,10.4,30,13894,79,5.792946049394598,5.364338939810456,3.777803433607071,6.742710203651236,3.5703759653073535,3.104966547551385,83.32074096459141,10.425882498985677,8.542878851701946,4774.357418802408,62958.47816557827,5.204502215977128,8.505142557374741,1.835991281223432,0.4387434554973822,High,2,1,0.15993850323377998,-0.35295933459534146,-0.5026551217713106,1.2642526226817787,-0.6743184004879884,-1.6930830740303442,1.8767591146439029,1.3022200552656582,-0.9642037997398595,1.903284105113934,1.4679867891663476,-0.9297607595238646,0.673964674278998,1.1495996915608824,-2.095058194021446,1.8145208041217669,0.6130958528832952
Barnard College,Yes,2496,1402,531,53,95,2121,69,17926,8124,600,850,83.0,93,10.3,33,12580,91,5.944769766928787,5.679467048869875,4.0268422865688205,6.903140484602667,3.7233055200076763,5.257433064570879,81.21502815066718,9.911870086910547,8.74813681377624,3425.3200408639627,54886.120254639376,5.164259653618441,8.97452607649717,1.835408743761391,0.561698717948718,High,2,1,0.4053854078066458,0.17327353451253144,0.18067773038996052,1.3742899658208605,0.13552882168827307,-0.928875264119128,1.6515983227317301,0.450010288926062,-0.7133073594983343,0.6355089913449042,0.9685124280279964,-0.958210073115202,0.8732815923383459,0.9457655214379576,-1.258690988358309,1.8145208041217669,0.6130958528832952
Barry University,Yes,990,784,279,18,45,1811,3144,11290,5360,600,1800,76.0,78,12.6,11,9084,72,5.407130525969504,5.322713777266144,3.7688599295831082,4.287247085802575,3.6930402024121496,12.30734831827442,68.86390377519027,9.911870086910547,10.019259575285039,2872.1891570226703,34618.54631426671,6.05494407369219,4.6929731524538,1.8332642775943315,0.7919191919191919,Medium,1,1,-0.4637929367470966,-0.42246925161973703,-0.5271950280563313,-0.4199221856006509,-0.024742902315955148,1.5741138664865515,0.3309106548795111,0.450010288926062,0.840445648422016,0.11569717540939685,-0.28553671812966114,-0.328544393486175,-0.9448178904126144,0.19540093546298665,0.30731644119223006,0.3584006965742063,0.6130958528832952
Baylor University,Yes,6075,5349,2367,34,66,9919,484,6450,3920,600,1346,71.0,76,18.5,38,7503,72,6.4284614243144125,6.447981818652869,4.5361583039568,5.739346337815967,3.9699229374816873,8.521428126763759,56.30950185476713,9.911870086910547,9.518465184331802,2506.874201393403,32340.751369602982,8.087798029755431,9.710163764170094,1.831816958547229,0.8804938271604938,Low,0,1,1.1873490034898204,1.456617421104464,1.5781800183827612,0.5760565206522865,1.4415054909657228,0.22996762533653825,-1.0115131835916997,0.450010288926062,0.22830116100081005,-0.2276122220975675,-0.4264744945937568,1.1085733319200137,1.1856594896053954,-0.311026712701721,0.90981948736091,-1.0977194109733543,0.6130958528832952
Beaver College,Yes,1163,850,348,23,56,878,519,12850,5400,400,800,78.0,89,12.2,30,8954,73,5.503420915675759,5.373198991292569,3.8603389773668533,4.818997178837589,3.5402201595660845,8.650480016705622,72.12621930447686,9.014694833976261,8.648479600106288,3025.263672430051,48914.209492885086,5.904911098320331,8.505142557374741,1.8331603194572783,0.7308684436801376,Medium,1,1,-0.30812438589506497,-0.338163922260364,-0.2761874527658006,-0.055200718403029835,-0.8340101981912487,0.2757859743782396,0.6797452837920086,-1.0374664620381557,-0.835123048894733,0.2595509072328201,0.5990025096854961,-0.4346095870330258,0.673964674278998,0.15902521377201317,-0.10796341499571319,0.3584006965742063,0.6130958528832952
Bellarmine College,Yes,807,707,308,39,63,1198,605,8840,2950,750,1290,74.0,82,13.1,31,6668,84,5.283277844463575,5.257724203636085,3.810178735574704,6.0849584643019385,3.6087803824383187,8.937025676652672,63.08014289724547,10.425882498985677,9.446144075113722,2723.085158261725,39465.53223109407,6.239901345838685,8.664190735529143,1.830846203721078,0.8760842627013631,Medium,1,1,-0.6640202648115267,-0.5309954313233529,-0.41382116204968095,0.813108029442438,-0.4709456083958596,0.37752062599591957,-0.28753843793944656,1.3022200552656582,0.13989967501817485,-0.024425212660713208,0.01436886348154269,-0.19778961228228817,0.7415021812454939,-0.6507010122533143,0.8798247150238223,0.3584006965742063,0.6130958528832952
Belmont Abbey College,Yes,632,494,129,17,36,709,131,9000,4850,300,2480,78.0,85,13.2,10,7550,52,5.132682349526494,5.028664917616362,3.424061617614297,4.167994170464725,3.4902830999141568,6.263081208036455,63.487930385819865,8.405836708794975,10.58407213659315,3025.263672430051,43361.72889933899,6.276560578554963,4.420803225514992,1.831866630804817,0.7816455696202531,Medium,1,1,-0.9074815544917869,-0.9135018527204745,-1.473280392391943,-0.5017164322200872,-1.0984547597543286,-0.5718317704422652,-0.24393431811259617,-2.046926211268621,1.5308425499785614,0.2595509072328201,0.2554446883163039,-0.1718735188122101,-1.0603909108017935,-0.29364602207950696,0.23743313076781652,0.3584006965742063,0.6130958528832952
Belmont University,Yes,1220,974,481,28,67,1964,623,7800,3664,650,900,61.0,61,11.1,19,7614,49,5.531808679976489,5.457609526861189,3.9888374344550432,5.270625276993018,3.7087052668822764,8.992313841986139,60.30359854778309,10.094559934711176,8.842506598639705,1850.701062143412,18178.60612562006,5.482096185079573,6.534472866673584,1.8319335082441826,0.7983606557377049,Low,0,1,-0.26223110262863997,-0.19720665111185023,0.07639695780359013,0.25456596475215887,0.058212344439350285,0.39715003598181964,-0.5844302649588907,0.7529019484450437,-0.5979547424825227,-0.8442593142160162,-1.3027523462610369,-0.7335168472284893,-0.16285168859179217,-0.2702451109943133,0.35113261454554356,-1.0977194109733543,0.6130958528832952
Beloit College,Yes,1320,923,284,26,54,1085,81,16304,3616,355,715,75.0,95,11.1,26,12957,69,5.5783310571766584,5.424368099217903,3.776328017113851,5.097794723902809,3.587425098374815,5.503012675985996,78.51903961555239,8.759377814891117,8.465006124490426,2797.1408339686877,58032.99277532507,5.482096185079573,7.8398782563579585,1.8355851675262689,0.6992424242424242,High,2,1,-0.18702036702943126,-0.2527165575247689,-0.5067034883151151,0.13602341304359422,-0.5840337391466704,-0.8416851241032616,1.3633202111399996,-1.4607707482102756,-1.0593912889452626,0.04516955486019143,1.1632240797157132,-0.7335168472284893,0.3914698171492021,1.0074975027217672,-0.3230901609032937,1.8145208041217669,0.6130958528832952
Bemidji State University,No,1208,877,546,12,36,3796,824,4425,2700,660,1800,57.0,62,19.6,16,3752,46,5.525952346872266,5.392654099508034,4.037443786297279,3.4779670941379464,3.8262176741334932,9.527757625924883,49.120965092411744,10.129619880423451,10.019259575285039,1616.0326987995059,18969.870093350863,8.436867020058239,5.900304933741678,1.8251161634161965,0.7259933774834437,Low,0,0,-0.2716987856489522,-0.3056758099000103,0.209766978756148,-0.9749983196713342,0.6805060323411471,0.5872530263042917,-1.7801729074622634,0.8110297824067062,0.840445648422016,-1.064791907235012,-1.253793161208231,1.3553462158537377,-0.4321419230686565,-2.655684530779898,-0.14112462673291257,-1.0977194109733543,-1.6310663255951814
Benedictine College,Yes,632,620,222,14,24,702,501,9550,3850,350,250,75.0,84,14.1,18,5922,58,5.132682349526494,5.174491575265412,3.670934316220106,3.7757494643672955,3.487908504228824,8.585125083938845,64.85443546814734,8.729291720840871,6.820549362024394,2797.1408339686877,42037.76711508565,6.601764206578399,6.329097661694977,1.8298053969354215,0.9810126582278481,Medium,1,1,-0.9074815544917869,-0.6699857135981411,-0.7958912089259886,-0.7707527080612918,-1.1110295673075634,0.25258247753325663,-0.09781592796258232,-1.5106521568656046,-3.0694879676041555,0.04516955486019143,0.17352500962299197,0.05802784562419385,-0.25006129701322827,-1.0148870109859982,1.5935694316921025,0.3584006965742063,0.6130958528832952
Bennington College,Yes,519,327,114,25,53,457,2,21700,4100,600,500,35.0,59,10.1,33,16364,55,5.009329971680414,4.75781759766434,3.364910578563031,5.0076495594765635,3.3801020335462018,0.7174355025159702,86.9201966772716,9.911870086910547,7.890855810096345,609.4084262343519,16658.086300281702,5.083315041368852,8.97452607649717,1.8368849563870588,0.630057803468208,High,2,1,-1.10690006304731,-1.3657901703000899,-1.6355837749465225,0.07419384862799155,-1.681924911808059,-2.5407477678105854,2.261643650351074,0.450010288926062,-1.7612021643396472,-2.0107799299124576,-1.3968339859427865,-1.015433533114901,0.8732815923383459,1.4623032466234656,-0.7936983056721828,1.8145208041217669,0.6130958528832952
Bentley College,Yes,3466,2330,640,20,60,3095,1533,13800,5510,630,850,87.0,87,17.5,20,10941,82,6.127003111452982,5.979545909700487,4.097037555097611,4.511710153177958,3.7915979569186,10.770764545022212,73.98697567685812,10.023005814993539,8.74813681377624,3763.230380637817,46086.272753520185,7.763378856053728,6.734445050971812,1.83453543385874,0.6722446624350836,Medium,1,1,0.699994254499864,0.6743756430005439,0.3732851588355612,-0.2659654673280361,0.497175335577208,1.0285679493643725,0.8787132416210683,0.6342683936656499,-0.7133073594983343,0.9530645509285739,0.4240248994484804,0.8792265342330661,-0.07793639470495539,0.6401879219419041,-0.5067345381490527,0.3584006965742063,0.6130958528832952
Berry College,Yes,1858,1221,480,37,68,1620,49,8050,3940,350,2375,80.0,80,16.3,17,10511,63,5.777113757811133,5.595939843848422,3.988031431130897,5.950905246358549,3.671056411766957,4.746029037207325,60.99223862991692,8.729291720840871,10.50704250434032,3182.3085613523126,36992.96354026978,7.364378221795919,6.117876942980019,1.8342721432428284,0.6571582346609257,Low,0,1,0.13434311521028786,0.033791338277498,0.07418538100025152,0.7211624200833137,-0.1411593256933787,-1.1104432228497667,-0.5107949880064011,-1.5106521568656046,1.4366856153094285,0.4071358482998492,-0.13862047133804148,0.5971546804090669,-0.3397531182413292,0.5480605864612232,-0.609355549965486,-1.0977194109733543,0.6130958528832952
Bethany College,Yes,878,816,200,16,41,706,62,8740,3363,550,1700,62.0,68,11.6,29,7718,48,5.334602759227474,5.347737139602873,3.6250603630130502,4.043409132038042,3.4892689281960636,5.095745846599826,62.82280934924012,9.715390024589627,9.919921665567582,1911.850540404655,24164.67508092954,5.676217068867042,8.343335916108645,1.832040355801466,0.929384965831435,Low,0,1,-0.5810454723293936,-0.38068270393128667,-0.9217638545476934,-0.5871679226871698,-1.1038253642154279,-0.9862804008584406,-0.3150547379169704,0.12425506576926057,0.7190202592323733,-0.7867933106586992,-0.9323663945762501,-0.5962838885447581,0.6052558258750537,-0.23285835977625383,1.2423871564193056,-1.0977194109733543,0.6130958528832952
Bethel College KS,Yes,202,184,122,19,42,537,101,8540,3580,500,1400,61.0,80,8.8,32,8324,56,4.392935833999529,4.366999014565807,3.3975036926544715,4.401674224577899,3.421804027828907,5.847416939712312,62.30228343768758,9.502670860800531,9.585611403607514,1850.701062143412,36992.96354026978,4.54106182496124,8.820611540394847,1.832621507163919,0.9108910891089109,Low,0,1,-2.1033980776382455,-2.0184186676387275,-1.5461521647859078,-0.3414378853851846,-1.4610896109060294,-0.7194084586939341,-0.37071381245029034,-0.22842386689854197,0.31037713613816026,-0.8442593142160162,-0.13862047133804148,-1.3987772094442272,0.8079240121706287,-0.029509196159583823,1.1165879698865784,-1.0977194109733543,0.6130958528832952
Bethel College,Yes,502,384,104,11,28,347,74,6200,2900,600,800,63.0,63,11.7,13,7623,35,4.988297568889259,4.864235844066211,3.3202466881417814,3.3150176007474266,3.3054404656561394,5.364102816591983,55.51094262165439,9.911870086910547,8.648479600106288,1973.9929282613914,19782.08415571577,5.714647119153561,5.203164536960752,1.8319428434093774,0.7649402390438247,Low,0,1,-1.140902248243811,-1.1880821921173963,-1.7581361528875605,-1.086763562568219,-2.077299523848067,-0.8910034287473528,-1.0969019546185317,0.450010288926062,-0.835123048894733,-0.7283942076217277,-1.2035376962767816,-0.5691159228921928,-0.7281725029254713,-0.26697866759033473,0.12380000620418698,-1.0977194109733543,0.6130958528832952
Bethune Cookman College,Yes,1646,1150,542,12,30,2128,82,5188,3396,650,2500,48.0,48,13.8,9,6817,58,5.707240878314079,5.559486927732473,4.034649876227171,3.4779670941379464,3.7239256013915965,5.5219662118910735,52.0427082942478,10.094559934711176,10.598401182873939,1146.123359651444,9701.095221244075,6.494286444209187,4.135098422421764,1.8310327890838676,0.6986634264884569,Low,0,1,0.021382622181372338,-0.027081437217840256,0.20210082339852323,-0.9749983196713342,0.1388124981972053,-0.8349558950771351,-1.4677551794894657,0.7529019484450437,1.5483576157405647,-1.5063952131493028,-1.8272954091087186,-0.01795311549064537,-1.1817113204611744,-0.585413412640317,-0.3270286237548738,-1.0977194109733543,0.6130958528832952
Birmingham-Southern College,Yes,805,588,287,67,88,1376,207,11660,4325,400,900,74.0,79,14.0,34,8649,72,5.281762656709998,5.140683965175862,3.780736430965072,7.573335810475324,3.6378770112331362,7.02074186571306,69.66320220279987,9.014694833976261,8.842506598639705,2723.085158261725,35793.58122346702,6.566038151310228,9.126046493076482,1.8329070233575724,0.7304347826086957,Medium,1,1,-0.666469803987633,-0.7264410888682336,-0.4946073275167645,1.8339694764837164,-0.3168627429199748,-0.302833304133632,0.4163784668929341,-1.0374664620381557,-0.5979547424825227,-0.024425212660713208,-0.21283183845717074,0.0327714581047688,0.9376225443004441,0.07039503349478184,-0.11091326757864209,0.3584006965742063,0.6130958528832952
Blackburn College,Yes,500,336,156,25,55,421,27,6500,2700,500,1000,76.0,76,14.3,53,8377,51,4.985773011328747,4.775883788341312,3.512837250742626,5.0076495594765635,3.3583214718818084,3.895833163481379,56.46676398800446,9.502670860800531,9.01750885336023,2872.1891570226703,32340.751369602982,6.672921618566724,11.655607344432926,1.832669231278689,0.672,Low,0,1,-1.1449835923757254,-1.3356214132756254,-1.229690663855404,0.07419384862799155,-1.7972651244694542,-1.4122952245038178,-0.994697373656286,-0.22842386689854197,-0.38404127330500104,0.11569717540939685,-0.4264744945937568,0.10833228473918503,2.0117639497732696,-0.012810175130235545,-0.5083987827944788,-1.0977194109733543,0.6130958528832952
Bloomsburg Univ. of Pennsylvania,No,6773,3028,1025,15,55,5847,946,7844,2948,500,1680,75.0,68,18.0,19,7041,75,6.4854580540046225,6.130207608410016,4.265417986722095,3.912896621040344,3.8945814756714325,9.797653976929121,60.42583937424156,9.502670860800531,9.899406549946837,2797.1408339686877,24164.67508092954,7.926466069189679,6.534472866673584,1.831301764113729,0.4470692455337369,Low,0,0,1.2794930146875285,0.9259658239375039,0.8353009416009008,-0.676685000581864,1.0425304617027562,0.6830765374591041,-0.5713592321440718,-0.22842386689854197,0.6939436705905885,0.04516955486019143,-0.9323663945762501,0.994520367361471,-0.16285168859179217,-0.49129705864050627,-2.0384244427787936,-1.0977194109733543,-1.6310663255951814
Bluefield College,Yes,377,358,181,15,30,653,129,7150,4350,450,1500,61.0,67,17.8,3,6259,53,4.805308689740323,4.817950583741878,3.580488388019648,3.912896621040344,3.470435769454939,6.238194090164499,58.44252281022346,9.270525807002555,9.703857838201385,1850.701062143412,23244.601297193447,7.861445633866882,1.9499330346678316,1.8302992425423463,0.9496021220159151,Low,0,1,-1.4367325354204534,-1.2653740129282331,-1.0440640275386948,-0.676685000581864,-1.2035574357642644,-0.5806676476526877,-0.7834323720394512,-0.6133100630418952,0.45491530270202957,-0.8442593142160162,-0.9892956425607811,0.9485544386053418,-2.1096101767128186,-0.8420867774976877,1.3799084473942336,-1.0977194109733543,0.6130958528832952
Bluffton College,Yes,692,514,209,20,50,760,81,9900,3990,400,900,76.0,71,13.3,19,9073,58,5.188877182025991,5.054307935617552,3.6444987621072795,4.511710153177958,3.5067641130770872,5.503012675985996,65.69731106546233,9.014694833976261,8.842506598639705,2872.1891570226703,27058.81466023696,6.31311179805378,6.534472866673584,1.8332555701450113,0.7427745664739884,Medium,1,1,-0.8166337744874121,-0.8706805411731543,-0.8684272103392136,-0.2659654673280361,-1.0111786099296312,-0.8416851241032616,-0.007688472917462823,-1.0374664620381557,-0.5979547424825227,0.11569717540939685,-0.7532925064547982,-0.14603378484101692,-0.16285168859179217,0.19235413449011693,-0.026975497497538428,0.3584006965742063,0.6130958528832952
Boston University,Yes,20192,13007,3810,45,80,14971,3113,18420,6810,475,1025,80.0,81,11.9,16,16836,72,7.033257204543737,6.919524368143712,4.6753057910607065,6.4586530156495385,4.022877975373612,12.285399767300108,82.00412131330411,9.389262578036165,9.058720703941752,3182.3085613523126,38216.88394908151,5.791125549906482,5.900304933741678,1.8370323453049218,0.6441660063391442,High,2,1,2.165096450113837,2.244046982579158,1.9599840947466636,1.0694209607168643,1.7219319292761692,1.5663212927400252,1.7359749006852543,-0.41644976643940557,-0.3336660941783224,0.4071358482998492,-0.06289081824039729,-0.5150498114932618,-0.4321419230686565,1.5138757200102375,-0.6977313826072697,1.8145208041217669,0.6130958528832952
Bowdoin College,Yes,3356,1019,418,76,100,1490,8,19030,5885,1495,875,93.0,96,11.2,52,20447,96,6.109296283656687,5.485428616699893,3.9338864519701247,7.9507514375752795,3.654202194337,2.3084899027353596,82.95956533762563,12.111114208227301,8.795945969733173,4299.868873409913,59647.28650004573,5.521188494835537,11.535678590176726,1.8379810101315892,0.3036352800953516,High,2,1,0.6713683840298782,-0.15075151416616325,-0.07438197144344937,2.0928346521784613,-0.2304118001045701,-1.9758626980419243,1.838139133016192,4.096259435293245,-0.654867984385544,1.4573774316188435,1.2631079470739583,-0.7058806999736407,1.9608379399940299,1.8458205652242814,-3.0140920350330522,1.8145208041217669,0.6130958528832952
Bowling Green State University,No,9251,7333,3076,14,45,13699,1213,7452,3352,600,1700,81.0,89,21.1,14,6918,67,6.646339972047896,6.618772545785989,4.614006189116403,3.7757494643672955,4.0118545630352935,10.293005040519805,59.32044967693873,9.911870086910547,9.919921665567582,3262.3198521504246,48914.209492885086,8.900809119803762,5.443683341838181,1.8311557296737997,0.7926710625878284,Low,0,0,1.5395839242423859,1.7418210946978445,1.7917853123687786,-0.7707527080612918,1.6635568174242794,0.8589450810348739,-0.6895569360144435,0.450010288926062,0.7190202592323733,0.4823274812028567,0.5990025096854961,1.683328171034445,-0.6260396734364524,-0.542395590171975,0.31243082147665624,-1.0977194109733543,-1.6310663255951814
Bradford College,Yes,443,330,151,5,36,453,42,14080,6270,500,900,57.0,80,10.2,21,15387,46,4.90887448115124,4.763898169452948,3.497803316291966,1.9933074045048962,3.377786958852212,4.521303780672907,74.5192872763711,9.502670860800531,8.842506598639705,1616.0326987995059,36992.96354026978,5.123864622430816,6.929403951155235,1.8365579884931091,0.744920993227991,Medium,1,1,-1.2693021540920262,-1.3556362149843109,-1.2709419834193951,-1.9933098674917418,-1.6941845225401522,-1.1902292705164716,0.9356325425332442,-0.22842386689854197,-0.5979547424825227,-1.064791907235012,-0.13862047133804148,-0.986767173916724,0.0048500806392386695,1.3478947601948406,-0.012375057381229954,0.3584006965742063,0.6130958528832952
Bradley University,Yes,3767,3414,1061,30,58,4531,643,10870,4440,2000,1522,75.0,81,14.4,21,7671,85,6.172530472549233,6.198274289446508,4.2772864273164934,5.434512156192033,3.8550088938306817,9.052081526619784,67.93546620639478,12.868023871687608,9.728889646733194,2797.1408339686877,38216.88394908151,6.708354885340432,6.929403951155235,1.8319923455083338,0.9062914786302098,Medium,1,1,0.7735963901604497,1.0396304695935024,0.8678665243026582,0.3669741501362814,0.8329715864358084,0.41836984637895774,0.2316341833451897,5.3511820641721135,0.48551285706713176,0.04516955486019143,-0.06289081824039729,0.13338168663923877,0.0048500806392386695,-0.24965751673290412,1.085300465094071,0.3584006965742063,0.6130958528832952
Brandeis University,Yes,4186,2743,740,48,77,2819,62,19380,6750,410,1000,90.0,97,9.8,24,17150,84,6.229788745209453,6.073697029193875,4.15024650937585,6.631738515706971,3.775237888859461,5.095745846599826,83.49871801454343,9.068008920836098,9.01750885336023,4027.0838434683237,61289.05591242347,4.960717438383923,7.487471891197417,1.8371269154629937,0.65527950310559,High,2,1,0.8661633883468534,0.8315987288388865,0.519284170857402,1.1881383777111363,0.41053965748168897,-0.9862804008584406,1.8957899403312424,-0.949074072208492,-0.38404127330500104,1.2010242141140972,1.3646918631281069,-1.1021034032334367,0.2418255545223002,1.5469665183624048,-0.6221350717996912,1.8145208041217669,0.6130958528832952
Brenau University,Yes,367,274,158,12,41,917,479,9592,5879,500,700,71.0,80,13.7,12,5935,49,4.787930321875802,4.639307909055427,3.518695890502607,3.4779670941379464,3.550090123144155,8.502309936390109,64.95664023403403,9.502670860800531,8.430546202210584,2506.874201393403,36992.96354026978,6.458258782327776,4.953303378471571,1.829825245841495,0.7465940054495913,Medium,1,1,-1.4648273987800908,-1.5636896646990175,-1.21361525646671,-0.9749983196713342,-0.7817432403599494,0.22317993768639843,-0.08688732180505161,-0.22842386689854197,-1.101513269226264,-0.2276122220975675,-0.13862047133804148,-0.04342272256216631,-0.8342724276648658,-1.0079417318220625,-0.0009948811372570993,0.3584006965742063,0.6130958528832952
Brewton-Parker College,Yes,1436,1228,1202,10,26,1320,822,4371,2370,500,2000,62.0,62,12.6,10,4900,18,5.627773216489542,5.599410291205333,4.319665564909506,3.140658651142298,3.6292420182433163,9.523040216237458,48.902015881586316,9.502670860800531,10.203474874757537,1911.850540404655,18969.870093350863,6.05494407369219,4.420803225514992,1.8279985009337794,0.8551532033426184,Low,0,1,-0.10708934468430219,0.03958664316212533,0.9841498135130224,-1.2063544244260114,-0.3625898432180208,0.5855781657212463,-1.8035848263963203,-0.22842386689854197,1.0656206545879023,-0.7867933106586992,-1.253793161208231,-0.328544393486175,-1.0603909108017935,-1.6471332972639314,0.7374473065385916,-1.0977194109733543,0.6130958528832952
Briar Cliff College,Yes,392,351,155,16,44,738,430,10260,3597,600,1500,39.0,66,13.1,26,8355,58,4.830469293001723,4.804872908087352,3.509875345804183,4.043409132038042,3.4998250346251876,8.30478756751194,66.54409798806623,9.911870086910547,9.703857838201385,756.6685933472796,22346.50996978621,6.239901345838685,7.8398782563579585,1.8326494779273428,0.8954081632653061,Medium,1,1,-1.3960564652517327,-1.287212441754796,-1.2378177770562007,-0.5871679226871698,-1.0479248975896334,0.15305195393598117,0.08285721442108897,0.450010288926062,0.45491530270202957,-1.87239030619385,-1.0448647336429244,-0.19778961228228817,0.3914698171492021,-0.019722018987778266,1.011269895937279,0.3584006965742063,0.6130958528832952
Bridgewater College,Yes,838,673,292,22,53,881,55,10265,4725,560,875,75.0,73,13.2,24,8655,82,5.306260783249726,5.226574206217809,3.7879669394287894,4.72006404693986,3.540998191249425,4.916684846997572,66.55572050340699,9.755897800226949,8.795945969733173,2797.1408339686877,29101.843668955273,6.276560578554963,7.487471891197417,1.8329121385768914,0.8031026252983293,Medium,1,1,-0.6268647315742489,-0.5830128554847483,-0.4747676763445558,-0.12305785184375591,-0.8298900868187086,-1.0498538935304813,0.08409999299033755,0.19141515996125183,-0.654867984385544,0.04516955486019143,-0.6268807912936191,-0.1718735188122101,0.2418255545223002,0.07218488659922187,0.3833884753496212,0.3584006965742063,0.6130958528832952
Brigham Young University at Provo,Yes,7365,5402,4615,48,82,27378,1253,2340,3580,860,1220,76.0,76,20.5,40,7916,33,6.529060077244107,6.453377038956342,4.728527837101528,6.631738515706971,4.092418032098066,10.358551669142003,38.895372651691666,10.748491085901986,9.351539002938038,2872.1891570226703,32340.751369602982,8.716825611146128,9.990248962005056,1.83223776614676,0.73346911065852,Low,0,1,1.3499825390586846,1.4656269070187482,2.1060190290005534,1.1881383777111363,2.0901852853958247,0.8822166372288324,-2.8735805537940915,1.8370907743698288,0.024259455278098353,0.11569717540939685,-0.4264744945937568,1.5532617879154385,1.304593615223782,-0.16378301865450598,-0.09027313862847745,-1.0977194109733543,0.6130958528832952
Brown University,Yes,12586,3239,1462,87,95,5643,349,19528,5926,720,1100,99.0,100,7.6,39,20440,97,6.801605195517057,6.168493215935289,4.384557914213814,8.369336520622584,3.8892010239534676,7.928694875601042,83.7247796110727,10.330746531345232,9.176997673903145,4872.2320217118595,66380.98635477376,4.012051107229865,9.85113937380516,1.8379794247487389,0.2573494358811378,High,2,1,1.7905945641296497,0.9898990133749573,1.162206665310235,2.3799374992408655,1.0140379712460492,0.019524686433199854,1.9199623762678428,1.1444888432390026,-0.1890906028016409,1.9952630138290124,1.6797533027611797,-1.7727591559161155,1.2455227419124493,1.8452658280293677,-3.328937950656412,1.8145208041217669,0.6130958528832952
Bryn Mawr College,Yes,1465,810,313,71,95,1088,16,18165,6750,500,1200,100.0,100,12.3,49,17449,89,5.639464383345972,5.343126162028975,3.8168480609470468,7.7454549301539934,3.588026536176218,3.189575270591066,81.59855497102023,9.502670860800531,9.32358530355288,4971.098889607087,66380.98635477376,5.942596739668135,11.16847437899351,1.837214519629787,0.552901023890785,High,2,1,-0.08818873572569587,-0.38838258181697155,-0.3955213302183218,1.95202406393789,-0.5808487907975284,-1.6630437463928247,1.6926082847831645,-0.22842386689854197,-0.009909663407681455,2.088174416243526,1.6797533027611797,-0.40796787821144803,1.8049099862211955,1.5776198648014257,-1.3185347286652749,1.8145208041217669,0.6130958528832952
Bucknell University,Yes,6548,3813,862,49,85,3316,31,18550,4750,800,1200,95.0,97,14.2,36,13675,93,6.46780225787964,6.26047428317268,4.204911344088751,6.68764507875179,3.803466291687796,4.088476448978968,82.20946303585508,10.577309512175834,9.32358530355288,4486.687340503674,61289.05591242347,6.6373917079764695,9.422314061223904,1.8359002149780415,0.5823152107513745,High,2,1,1.250949644935891,1.1434983259225089,0.6692779448129408,1.226484066723249,0.5600247825891081,-1.343899501671359,1.7579317907969794,1.5532793225065122,-0.009909663407681455,1.6329424732160491,1.3646918631281069,0.08321456089136182,1.0634282792663534,1.117734938193154,-1.1184533268531207,1.8145208041217669,0.6130958528832952
Buena Vista College,Yes,860,688,285,32,70,1928,442,13306,3797,450,950,62.0,69,8.8,10,6333,78,5.32202416687831,5.240519769554198,3.777803433607071,5.590470826008503,3.705156375805209,8.35496728966088,73.03026380235369,9.270525807002555,8.932140965162741,1911.850540404655,25106.93423290231,4.54106182496124,4.420803225514992,1.8304022263883362,0.8,Medium,1,1,-0.6013807440914685,-0.559725139807028,-0.5026551217713106,0.47394446499414217,0.03941898833365029,0.1708676715149447,0.7764134399241075,-0.6133100630418952,-0.48839044954759636,-0.7867933106586992,-0.8740644345850307,-1.3987772094442272,-1.0603909108017935,-0.8060519674618496,0.3622837743449736,0.3584006965742063,0.6130958528832952
Butler University,Yes,2362,2037,700,40,68,2607,148,13130,4650,500,1600,77.0,81,10.9,29,9511,83,5.9137058062393555,5.901193852538349,4.130020317914744,6.150076980026682,3.7612857778065316,6.461801928909156,72.68378159504344,9.502670860800531,9.81501796881166,2948.2301091785516,38216.88394908151,5.403497575431053,8.343335916108645,1.8335902023055257,0.8624047417442845,Medium,1,1,0.3551656324064207,0.5435354333981643,0.46378591853610596,0.8577720942126082,0.3366554537262352,-0.5012783259722486,0.7393646041732985,-0.22842386689854197,0.5907915473312447,0.18715763184081718,-0.06289081824039729,-0.7890818103589035,0.6052558258750537,0.30944440452343897,0.7867737752788855,0.3584006965742063,0.6130958528832952
Cabrini College,Yes,599,494,224,8,28,1035,446,10518,6250,300,300,59.0,76,16.5,36,7117,71,5.09927784330687,5.028664917616362,3.6748424997321827,2.7487654512087505,3.577092495677194,8.371421225661294,67.13903177203859,8.405836708794975,7.096776161387666,1731.3809243997205,32340.751369602982,7.43165335007073,9.422314061223904,1.8313900462938366,0.8247078464106845,Medium,1,1,-0.9614851896520531,-0.9135018527204745,-0.785167620400277,-1.475149606103812,-0.6387506289520245,0.17670944712254238,0.14647261394220504,-2.046926211268621,-2.73184298682397,-0.9563919383202588,-0.4264744945937568,0.6447145550544336,1.0634282792663534,-0.46040647032395915,0.530351671956408,0.3584006965742063,0.6130958528832952
Caldwell College,Yes,1011,604,213,17,42,693,868,8900,4600,425,1000,87.0,96,13.9,25,7922,55,5.419745055754312,5.157827404416118,3.652830398130165,4.167994170464725,3.484812724412042,9.629013976705869,63.233626708455446,9.145892219823459,9.01750885336023,3763.230380637817,59647.28650004573,6.530212562649016,7.665481401085836,1.8322436292993984,0.5974282888229476,Medium,1,1,-0.4433995664712953,-0.6978132357557231,-0.8455661967303754,-0.5017164322200872,-1.1274234467640425,0.6232028975139438,-0.27112663845320395,-0.8199470191013106,-0.38404127330500104,0.9530645509285739,1.2631079470739583,0.007444705863380859,0.3174147165843801,-0.16173145814509748,-1.015651034184328,0.3584006965742063,0.6130958528832952
California Lutheran University,Yes,563,247,247,23,52,1427,432,12950,5300,612,576,72.0,74,12.4,17,8985,60,5.060504697083384,4.569095662826447,3.717087341187898,4.818997178837589,3.645376577174089,8.313237795678251,72.32625609378537,9.956893319259096,8.11617983106566,2577.9518231023017,30158.03455349912,5.980163231535211,6.117876942980019,1.8331853198886023,0.43872113676731794,Medium,1,1,-1.0241680752753934,-1.6809371926642802,-0.6692528237421483,-0.055200718403029835,-0.2771483616369722,0.1560521076243964,0.7011349251497659,0.5246568099404275,-1.485778038567388,-0.1608161188745901,-0.5615293446508958,-0.38141040162417134,-0.3397531182413292,0.16777304975460344,-2.0952100106539806,0.3584006965742063,0.6130958528832952
California Polytechnic-San Luis,No,7811,3817,1650,47,73,12911,1404,7380,4877,612,2091,72.0,81,19.8,13,8453,59,6.559492664001518,6.261061998906308,4.423681560360378,6.57495971719884,4.004380027431008,10.590098376787825,59.1132945531613,9.956893319259096,10.281704113517716,2577.9518231023017,38216.88394908151,8.49950553939069,5.203164536960752,1.832736859381591,0.4886698246063244,Low,0,0,1.3991815992520937,1.1444797532463034,1.2695572750256838,1.1491944321080274,1.6239749857237296,0.9644245605312529,-0.7117077304674936,0.5246568099404275,1.1612439245910844,-0.1608161188745901,-0.06289081824039729,1.3996282589180564,-0.7281725029254713,0.01085339868304446,-1.7554486727365868,-1.0977194109733543,-1.6310663255951814
California State University at Fresno,No,4540,3294,1483,5,60,13494,1254,7706,4368,600,1926,90.0,90,21.2,8,7268,61,6.27356024396271,6.178034901557255,4.389208276159005,1.9933074045048962,4.009961403727365,10.360166042951056,60.040922649627994,9.911870086910547,10.137390742318816,4027.0838434683237,50367.40936643958,8.931273828043768,3.833720635194582,1.8315612095246643,0.7255506607929515,Low,0,0,0.9369268965258877,1.0058326875113566,1.1749667027654254,-1.9933098674917418,1.6535314838014397,0.8827898015792367,-0.6125178146255618,0.450010288926062,0.9848429180374274,1.2010242141140972,0.6889187505729792,1.7048650709580508,-1.3096870359996657,-0.4005151888446871,-0.14413607751546012,-1.0977194109733543,-1.6310663255951814
Calvin College,Yes,1784,1512,913,29,56,3401,136,10230,3710,400,1210,75.0,81,14.8,41,7786,81,5.753743271996333,5.724767968338511,4.225171540770063,5.353618702746615,3.8077770231537653,6.3238321379192275,66.47428468320665,9.014694833976261,9.337615634420624,2797.1408339686877,38216.88394908151,6.849139912449009,10.12756185867775,1.8321090252904824,0.8475336322869955,Medium,1,1,0.09656105128266095,0.24892160315470346,0.7248695033948277,0.3114902312545731,0.5828525081396341,-0.550262870434441,0.0753921798236624,-1.0374664620381557,0.007240268485599216,0.04516955486019143,-0.06289081824039729,0.23290908127871499,1.3629015494814063,-0.20883039725280678,0.6856174033275334,0.3584006965742063,0.6130958528832952
Campbell University,Yes,2087,1339,657,20,54,3191,1204,7550,2790,600,500,77.0,77,21.8,34,3739,63,5.8435619948989865,5.651774861887548,4.10673362184083,4.511710153177958,3.7968762998206316,10.277988942038915,59.600309854197064,9.911870086910547,7.890855810096345,2948.2301091785516,33467.66720923342,9.11290037232206,9.126046493076482,1.8250758752575105,0.6415908001916627,Low,0,1,0.24176713546499462,0.12703031282381136,0.39989000729030194,-0.2659654673280361,0.5251271029467052,0.8536137926534955,-0.659631896512625,0.450010288926062,-1.7612021643396472,0.18715763184081718,-0.3567469657519844,1.8332652078238023,0.9376225443004441,-2.6697816557317986,-0.7152484691201639,-1.0977194109733543,0.6130958528832952
Campbellsville College,Yes,848,587,298,25,55,935,184,6060,3070,600,1300,62.0,66,17.7,13,5391,49,5.313480373193082,5.139595973745186,3.796457301175654,5.0076495594765635,3.5544745534303983,6.822406084497604,55.054481210256604,9.911870086910547,9.45926910861573,1911.850540404655,22346.50996978621,7.828828751567432,5.203164536960752,1.8289325139731618,0.6922169811320755,Low,0,1,-0.6151931295830582,-0.7282579272767095,-0.4514711383169854,0.07419384862799155,-0.7585252384825645,-0.37325008032561235,-1.1457107058347702,0.450010288926062,0.1559430194537629,-0.7867933106586992,-1.0448647336429244,0.9254960681010471,-0.7281725029254713,-1.3203152208787803,-0.3708786825623261,-1.0977194109733543,0.6130958528832952
Canisius College,Yes,2853,2193,753,16,34,2978,434,10750,5340,400,1130,90.0,92,14.6,26,7972,64,6.019503998298245,5.9443077012330505,4.156549744639357,4.043409132038042,3.7848887029386264,8.321652841303363,67.66588268573386,9.014694833976261,9.222227730828438,4027.0838434683237,53353.18359977521,6.778935197303488,7.8398782563579585,1.8322922240899617,0.768664563617245,Medium,1,1,0.5262050402934817,0.6155313095026899,0.5365794951782119,-0.5871679226871698,0.46164609658083644,0.15903977016716825,0.20280801170530546,-1.0374664620381557,-0.13380378147789557,1.2010242141140972,0.8736625013025863,0.18327814727000463,0.3914698171492021,-0.1447277812106344,0.14913363466670962,0.3584006965742063,0.6130958528832952
Capital University,Yes,1747,1382,449,34,66,1662,960,13050,4000,500,800,64.0,69,12.1,27,9557,83,5.741664522974475,5.670822635562239,3.962037869694683,5.739346337815967,3.676152414072322,9.826587988150127,72.5252812416588,9.502670860800531,8.648479600106288,2037.1282036672906,25106.93423290231,5.8671049482622815,8.010865648125515,1.8336239685329927,0.7910704064109902,Medium,1,1,0.07703385482957786,0.15883821666605502,0.002862154673130663,0.5760565206522865,-0.11417315340450603,0.6933492163474008,0.7224163931682395,-0.22842386689854197,-0.835123048894733,-0.6690620258234224,-0.8740644345850307,-0.46133648899060975,0.46407713838160014,0.3212594574640685,0.3015428260614181,0.3584006965742063,0.6130958528832952
Capitol College,Yes,100,90,35,10,52,282,331,8400,2812,300,2134,10.0,50,12.1,24,7976,52,3.904971175575861,3.858426841319579,2.739458629320739,3.140658651142298,3.2461654889471316,7.834501970038455,61.93313448205593,8.405836708794975,10.317578500322108,49.3747522438537,10796.30707838356,5.8671049482622815,7.487471891197417,1.8322960913749051,0.9,Low,0,1,-2.892269651172693,-2.8676840495007,-3.351749181599782,-1.2063544244260114,-2.3911935603959362,-0.01391739199170982,-0.4101863704524781,-2.046926211268621,1.20509487124431,-2.5370787310937746,-1.7595295532471238,-0.46133648899060975,0.2418255545223002,-0.14337458958188734,1.0425045221101708,-1.0977194109733543,0.6130958528832952
Carleton College,Yes,2694,1579,489,75,93,1870,12,19292,3957,550,550,81.0,93,10.4,60,17960,91,5.987536216444367,5.750663734178623,3.9952166693171267,7.9105127518545855,3.6992655013085276,2.8165528522127667,83.36376522858014,9.715390024589627,8.042368215839243,3262.3198521504246,54886.120254639376,5.204502215977128,12.463860795793481,1.8373590035591387,0.5861172976985894,High,2,1,0.4745240959092278,0.2921649786709718,0.093900815940873,2.065235385744127,0.008223524797024862,-1.7954809495468116,1.8813596362758565,0.12425506576926057,-1.5760014399966686,0.4823274812028567,0.9685124280279964,-0.9297607595238646,2.354977080130319,1.6281758612043096,-1.0925907425900923,1.8145208041217669,0.6130958528832952
Carnegie Mellon University,Yes,8728,5201,1191,60,89,4265,291,17900,5690,450,1250,86.0,93,9.2,31,24386,74,6.616591207669399,6.432607551232734,4.316570673712862,7.2527986409147225,3.845292174818777,7.607450012381185,81.17310352524774,9.270525807002555,9.392683958613311,3677.2640912751194,54886.120254639376,4.711044876780013,8.664190735529143,1.8387589350961888,0.5958982584784601,High,2,1,1.4914903704145699,1.430943910483412,0.9756578019116975,1.614116601411784,0.781516143987955,-0.09452950740690409,1.6471153838439383,-0.6133100630418952,0.07455286562134684,0.87227663203218,0.9685124280279964,-1.2786083915816426,0.7415021812454939,2.118022268822047,-1.0260586180346352,1.8145208041217669,0.6130958528832952
Carroll College,Yes,1160,991,352,19,55,1357,737,12200,3880,480,930,74.0,81,17.8,25,7666,79,5.501885673841806,5.468277591043915,3.8649859517421437,4.401674224577899,3.6349960176616443,9.31231580522031,70.8003917705344,9.412353836528984,8.89682380139973,2723.085158261725,38216.88394908151,7.861445633866882,7.665481401085836,1.8319872113418283,0.8543103448275862,Medium,1,1,-0.31060634564440237,-0.17939203584487587,-0.26343671039759975,-0.3414378853851846,-0.33211920950390256,0.5107629528643082,0.5379764844061541,-0.3781654846937416,-0.5315602763256643,-0.024425212660713208,-0.06289081824039729,0.9485544386053418,0.3174147165843801,-0.25145399959814974,0.7317140080450371,0.3584006965742063,0.6130958528832952
Carson-Newman College,Yes,1096,951,464,27,62,1776,239,8150,3150,400,500,61.0,62,13.6,16,6716,67,5.468078257278213,5.442854697076603,3.974865533478006,5.185399347607472,3.6892292955209367,7.265943307634496,61.2637622651952,9.014694833976261,7.890855810096345,1850.701062143412,18969.870093350863,6.422128545636341,5.900304933741678,1.830907008089209,0.8677007299270073,Low,0,1,-0.365261348709195,-0.22184576196081893,0.03805973117726899,0.19611044886994475,-0.04492377818307497,-0.21577742872920366,-0.4817613627476012,-1.0374664620381557,-1.7612021643396472,-0.8442593142160162,-1.253793161208231,-0.0689648444728493,-0.4321419230686565,-0.6294251137481851,0.8227981856969591,-1.0977194109733543,0.6130958528832952
Carthage College,Yes,1616,1427,434,20,43,1405,580,13125,3775,500,1300,74.0,89,15.9,22,7364,62,5.696577670938,5.690088827805992,3.9487060300996504,4.511710153177958,3.6421821648305395,8.857724676570404,72.67389392854243,9.502670860800531,9.45926910861573,2723.085158261725,48914.209492885086,7.228855508595915,7.119694928162363,1.831667205095763,0.8830445544554455,Medium,1,1,0.004143871307762715,0.1910108579815986,-0.03371882000887782,-0.2659654673280361,-0.29406455529214015,0.3493657426946199,0.7383073304535347,-0.22842386689854197,0.1559430194537629,-0.024425212660713208,0.5990025096854961,0.5013474568975291,0.08565438996495688,-0.3634265538993714,0.927170063640081,0.3584006965742063,0.6130958528832952
Case Western Reserve University,Yes,3877,3156,713,71,93,3051,513,15700,4730,525,1460,95.0,95,2.9,29,19733,67,6.188200916094218,6.1537606257578865,4.136737034955282,7.7454549301539934,3.7891116321218186,8.628925163440373,77.47015230409401,9.611239042489787,9.657461613446234,4486.687340503674,58032.99277532507,1.499679370813454,8.343335916108645,1.8378148596299595,0.8140314676296105,High,2,1,0.7989301253888369,0.9652970404770616,0.4822157874416457,1.95202406393789,0.4840088601104682,0.2681331783525887,1.2511642247619372,-0.048422640127014555,0.3982030197090816,1.6329424732160491,1.1632240797157132,-3.5488699997101616,0.6052558258750537,1.7876832747974225,0.45772872837754175,1.8145208041217669,0.6130958528832952
Castleton State College,No,1257,940,363,9,22,1547,294,7656,4690,400,700,75.0,91,14.7,8,6318,79,5.549483757929952,5.435662459362474,3.8774574061769953,2.9528188947255454,3.661804259655584,7.625425419553961,59.900343551502075,9.014694833976261,8.430546202210584,2797.1408339686877,51847.00689353883,6.814084059463645,3.833720635194582,1.8303815016205027,0.7478122513922036,Low,0,0,-0.23365656077035193,-0.23385608975705618,-0.22921652977833126,-1.3351916215524642,-0.1901546274925,-0.08814755143260576,-0.6275497320128821,-1.0374664620381557,-1.101513269226264,0.04516955486019143,0.7804683371675396,0.2081264905007414,-1.3096870359996657,-0.8133037171390602,0.007291880523199654,-1.0977194109733543,-1.6310663255951814
Catawba College,Yes,1083,880,291,13,34,915,80,9270,4100,600,1860,75.0,82,13.5,27,8425,55,5.460952272104619,5.394776112194595,3.7865323202585106,3.631117880323472,3.549596499462019,5.483847081706926,64.16541147370597,9.911870086910547,10.076436323029949,2797.1408339686877,39465.53223109407,6.385894684619047,8.010865648125515,1.8327120531986747,0.8125577100646353,Medium,1,1,-0.3767816238763279,-0.3021322579532629,-0.47870409990952617,-0.8699539009271027,-0.7843572528610742,-0.8484896419500415,-0.17149225609670468,0.450010288926062,0.9103354706185022,0.04516955486019143,0.01436886348154269,-0.09458022317358943,0.46407713838160014,0.0021735316562421117,0.4477039236488209,0.3584006965742063,0.6130958528832952
Catholic University of America,Yes,1754,1465,505,24,49,2159,211,13712,6408,526,1100,90.0,96,9.3,18,12751,75,5.74397063272122,5.705858375772086,4.007621408842922,4.914783971046612,3.7266421174561684,7.053189331293821,73.81821461690795,9.615487274346656,9.176997673903145,4027.0838434683237,59647.28650004573,4.753087782720941,6.329097661694977,1.8354897624940008,0.8352337514253135,Medium,1,1,0.08076204373271416,0.2173444481379987,0.12793793882218113,0.010498375683124296,0.15319796471609853,-0.2913132147791276,0.8606678682676603,-0.041379260253205055,-0.1890906028016409,1.2010242141140972,1.2631079470739583,-1.2488863325153332,-0.25006129701322827,0.974114575708299,0.6019510617559718,0.3584006965742063,0.6130958528832952
Cedar Crest College,Yes,776,607,198,25,58,791,764,14340,5285,500,1000,58.0,83,11.7,39,10961,74,5.2593267707788565,5.160987653714203,3.6206035481380234,5.0076495594765635,3.5161372454080357,9.381525854810135,75.00738840021306,9.502670860800531,9.01750885336023,1673.2103108531687,40739.09727963728,5.714647119153561,9.85113937380516,1.8345472911241045,0.7822164948453608,Medium,1,1,-0.702740940293517,-0.6925359310424386,-0.9339928219714014,0.07419384862799155,-0.961542650443684,0.5353351633970531,0.9878244819329308,-0.22842386689854197,-0.38404127330500104,-1.0110585156983387,0.0931702615374012,-0.5691159228921928,1.2455227419124493,0.644336866864731,0.2413166826032243,0.3584006965742063,0.6130958528832952
Cedarville College,Yes,1307,1090,616,25,55,2196,82,7344,4410,570,1000,50.0,52,15.3,34,6897,64,5.572501242590196,5.526751910254947,4.0828310869526865,5.0076495594765635,3.729822881531189,5.5219662118910735,59.00921912810935,9.79577979342351,9.01750885336023,1243.5955249411834,11964.851253424988,7.023054080272134,9.126046493076482,1.831130396454594,0.8339709257842387,Low,0,1,-0.1964451786973366,-0.08174568858821449,0.33430430793154414,0.07419384862799155,0.17004188318301078,-0.8349558950771351,-0.7228363634740156,0.2575377346399167,-0.38404127330500104,-1.414794500329653,-1.6872262855117024,0.35585698539765914,0.9376225443004441,-0.5512598710977881,0.593361059737282,-1.0977194109733543,0.6130958528832952
Centenary College,Yes,369,312,90,12,46,396,526,11400,5400,500,760,41.0,85,9.5,20,9583,24,4.791446349327735,4.726491172908631,3.248618981516476,3.4779670941379464,3.341815120163522,8.675345324216593,69.10330708078301,9.502670860800531,8.56451014799636,836.2601149054223,43361.72889933899,4.836649035820484,6.734445050971812,1.833642943180931,0.8455284552845529,Medium,1,1,-1.459143187719484,-1.4181022107184857,-1.954674020292364,-0.9749983196713342,-1.8846754560663366,0.28461410807763887,0.3565097002560731,-0.22842386689854197,-0.9377628510758862,-1.797593156797869,0.2554446883163039,-1.1898130490517917,-0.07793639470495539,0.32789882723491315,0.6719777733275024,0.3584006965742063,0.6130958528832952
Centenary College of Louisiana,Yes,495,434,210,35,55,775,44,8950,3490,600,1900,86.0,92,11.3,25,9685,66,4.979413880240798,4.944499778972967,3.6465988118529613,5.811354652879335,3.5113565170925414,4.588761724271104,63.36101174437204,9.911870086910547,10.113612769182097,3677.2640912751194,53353.18359977521,5.560145089438339,7.665481401085836,1.8337166225036068,0.8767676767676768,Medium,1,1,-1.1552641273715751,-1.0540493352010805,-0.8626649247948864,0.6254462220634173,-0.9868592712490564,-1.1662791245185324,-0.25750554284364213,0.450010288926062,0.9557779855209387,0.87227663203218,0.8736625013025863,-0.678340495986942,0.3174147165843801,0.3536797676404268,0.8844734392960337,0.3584006965742063,0.6130958528832952
Center for Creative Studies,Yes,601,396,203,1,20,525,323,11230,6643,2340,620,8.0,58,6.8,4,13025,47,5.101358014093881,4.884479004437553,3.6316500739486894,0.0,3.4160496393841098,7.791148337495588,68.73267416244848,13.288251191327673,8.234335889720578,31.429601965459977,15928.406042687022,3.6411284346293966,2.399320130769619,1.8356161487765115,0.6589018302828619,Medium,1,1,-0.9581222665926854,-1.1542781103621447,-0.9036824752166527,-3.3604972185977373,-1.491562304732113,-0.02930958709222038,0.3168784642921328,6.047900309621076,-1.3413503427552385,-2.553942915369054,-1.4419827001745347,-2.0349814104756483,-1.9187844502831575,1.0183380715161652,-0.5974952507879507,0.3584006965742063,0.6130958528832952
Central College,Yes,1283,1113,401,31,65,1355,40,10938,3660,650,600,76.0,90,13.5,29,8444,67,5.5615730858528565,5.539523142964107,3.9174059646783506,5.5134261936560724,3.6346898991272307,4.450886290871309,68.08736367810234,10.094559934711176,8.18162464989385,2872.1891570226703,50367.40936643958,6.385894684619047,8.343335916108645,1.8327288997955407,0.8674980514419329,Medium,1,1,-0.21411226186082877,-0.060418989263786714,-0.11960245913909935,0.4211004096393092,-0.33374027774827997,-1.2152301684329885,0.24787635786821607,0.7529019484450437,-1.4057817650474291,0.11569717540939685,0.6889187505729792,-0.09458022317358943,0.6052558258750537,0.008068280604297016,0.8214195245902269,0.3584006965742063,0.6130958528832952
Central Connecticut State University,No,4158,2532,902,6,24,6394,3881,5962,4444,500,985,69.0,73,16.7,4,4900,49,6.2261583284196025,6.027650090572404,4.220913996439952,2.2755807268401735,3.9079478452504244,12.778942032172266,54.73082276214723,9.502670860800531,8.992321401322972,2367.6971460616746,29101.843668955273,7.498611600723711,2.399320130769619,1.8279985009337794,0.6089466089466089,Low,0,0,0.8602942489406364,0.7547048817722583,0.7131873105333609,-1.7997017391221424,1.1133128379108064,1.7415476436980117,-1.1803190303904636,-0.22842386689854197,-0.4148290780314987,-0.3584056382346787,-0.6268807912936191,0.6920504143711256,-1.9187844502831575,-1.6471332972639314,-0.9373010309091699,-1.0977194109733543,-1.6310663255951814
Central Missouri State University,No,4681,4101,1436,10,35,8094,1596,4620,3288,300,2250,69.0,80,19.7,4,5501,50,6.289983164209273,6.301186680795996,4.378692395694434,3.140658651142298,3.941960859541958,10.854066339295079,49.8973159444233,8.405836708794975,10.411117942427786,2367.6971460616746,36992.96354026978,8.468217241114084,2.399320130769619,1.829123960433649,0.8760948515274514,Low,0,0,0.9634771286242302,1.2114840155314874,1.146112383427767,-1.2063544244260114,1.2934307045705058,1.0581432673819051,-1.6971588461502436,-2.046926211268621,1.3194325213375049,-0.3584056382346787,-0.13862047133804148,1.3775091254126752,-1.9187844502831575,-1.2533266871977373,0.8798967424158196,-1.0977194109733543,-1.6310663255951814
Central Washington University,No,2785,2011,1007,8,65,6507,898,7242,3603,654,1416,67.0,89,18.1,0,6413,51,6.006072407347568,5.8936655949427905,4.259302026270539,2.7487654512087505,3.910535760905744,9.695432519176743,58.712507645669724,10.10863996431492,9.605046159830916,2232.4911398680765,48914.209492885086,7.958870720536977,0.0,1.8305114937781481,0.7220825852782765,Low,0,0,0.5044907622091611,0.5309639855329817,0.8185194769845778,-1.475149606103812,1.1270172935916851,0.6467840164200094,-0.7545632883964305,0.7762460126286665,0.3341331507849811,-0.48546721020260253,0.5990025096854961,1.0174287020688955,-2.9376210187183966,-0.7678184989295578,-0.167726646714444,-1.0977194109733543,-1.6310663255951814
Central Wesleyan College,Yes,174,146,88,8,29,1047,33,8300,3080,600,600,62.0,62,15.2,18,3365,58,4.29148263473667,4.2052709915517985,3.2373420376818305,2.7487654512087505,3.579626960948904,4.176525845568229,61.66697632686607,9.911870086910547,8.18162464989385,1911.850540404655,18969.870093350863,6.988450466626353,6.329097661694977,1.8238157768461014,0.8390804597701149,Low,0,1,-2.2674131216808564,-2.2884885189757864,-1.9856166065697527,-1.475149606103812,-0.625329222841094,-1.3126386035345292,-0.4386462727716115,0.450010288926062,-1.4057817650474291,-0.7867933106586992,-1.253793161208231,0.3313941033568047,-0.25006129701322827,-3.1106994175919347,0.6281171700233261,-1.0977194109733543,0.6130958528832952
Centre College,Yes,1013,888,288,55,82,943,7,11850,4270,600,900,95.0,99,11.4,60,13118,74,5.420931739231249,5.400397179237296,3.7821941009197433,7.006381291564477,3.5563903135307218,2.145576604714225,70.0671928037699,9.911870086910547,8.842506598639705,4486.687340503674,64655.72972029902,5.598967634870062,12.463860795793481,1.8356581187665189,0.876604146100691,Medium,1,1,-0.441481106095983,-0.2927456302539534,-0.4906076553540109,1.445101685617397,-0.7483802210682177,-2.033703140019409,0.4595765910806138,0.450010288926062,-0.5979547424825227,1.6329424732160491,1.5730036436391222,-0.6508950575092252,2.354977080130319,1.033023681696925,0.8833610697702381,0.3584006965742063,0.6130958528832952
Chapman University,Yes,959,771,351,23,48,1662,209,16624,5895,600,1100,72.0,80,12.8,6,12692,47,5.387974093010691,5.312234161733132,3.8638299401974967,4.818997178837589,3.676152414072322,7.037035554888178,79.0644273118152,9.911870086910547,9.176997673903145,2577.9518231023017,36992.96354026978,6.129263988156606,3.171990682507586,1.8354619988573673,0.8039624608967675,High,2,1,-0.49476232182581037,-0.4399691762235579,-0.266608667931697,-0.055200718403029835,-0.11417315340450603,-0.2970484222683694,1.4216377199558567,0.450010288926062,-0.1890906028016409,-0.1608161188745901,-0.13862047133804148,-0.27600423628062626,-1.5906810832634517,0.9643998737336774,0.38923725548686866,1.8145208041217669,0.6130958528832952
Chatham College,Yes,212,197,91,28,56,471,148,13500,5230,400,850,95.0,98,9.3,37,16095,52,4.425550377791056,4.414227173530866,3.25414955987401,5.270625276993018,3.3880145136973754,6.461801928909156,73.40871283345535,9.014694833976261,8.74813681377624,4486.687340503674,62958.47816557827,4.753087782720941,9.567248268196495,1.8367979904739338,0.9292452830188679,Medium,1,1,-2.0506715409172367,-1.939552299071843,-1.939498774188354,0.25456596475215887,-1.640023919658376,-0.5012783259722486,0.8168804413963757,-1.0374664620381557,-0.7133073594983343,1.6329424732160491,1.4679867891663476,-1.2488863325153332,1.1249724926404445,1.431873229867591,1.241437004947162,0.3584006965742063,0.6130958528832952
Chestnut Hill College,Yes,342,254,126,25,64,518,232,10335,5015,700,850,71.0,71,8.3,29,7729,73,4.7421594067826165,4.5880601257209355,3.4128883288031564,5.0076495594765635,3.4126184135478272,7.214950014994106,66.71804685395954,10.265383834059623,8.74813681377624,2506.874201393403,27058.81466023696,4.3242882412261405,8.343335916108645,1.83205152721608,0.7426900584795322,Medium,1,1,-1.5388232777609885,-1.6492684096101644,-1.5039385616717023,0.07419384862799155,-1.5097325578111729,-0.23388199490049744,0.10145731227762936,1.036120392064417,-0.7133073594983343,-0.2276122220975675,-0.7532925064547982,-1.5520244009880955,0.6052558258750537,-0.22894939910791445,-0.02755033840935011,0.3584006965742063,0.6130958528832952
Christendom College,Yes,81,72,51,33,71,139,3,8730,3600,400,800,92.0,92,9.3,17,10922,58,3.7537323993892895,3.6944378863286578,2.9513124563255153,5.665746738617808,3.0225949000286043,1.1604596941657,62.79696987488925,9.014694833976261,8.648479600106288,4207.948159114593,53353.18359977521,4.753087782720941,6.117876942980019,1.8345241384664746,0.8888888888888888,Low,0,1,-3.1367709061101716,-3.141529434301339,-2.77044759702057,0.5255753751737814,-3.57512442811328,-2.3834572619832834,-0.3178177151230563,-1.0374664620381557,-0.835123048894733,1.37099376580703,0.8736625013025863,-1.2488863325153332,-0.3397531182413292,0.6362355805755846,0.9669244390251482,-1.0977194109733543,0.6130958528832952
Christian Brothers University,Yes,880,520,224,16,42,1068,364,9300,3260,600,900,81.0,81,11.1,24,8129,63,5.335983261349325,5.061793013102604,3.6748424997321827,4.043409132038042,3.5839782562911835,8.003901811667367,64.23988356005013,9.911870086910547,8.842506598639705,3262.3198521504246,38216.88394908151,5.482096185079573,7.487471891197417,1.832441806500525,0.5909090909090909,Medium,1,1,-0.578813673648214,-0.8581811998347686,-0.785167620400277,-0.5871679226871698,-0.602286688958623,0.04622602066856948,-0.1635290648078826,0.450010288926062,-0.5979547424825227,0.4823274812028567,-0.06289081824039729,-0.7335168472284893,0.2418255545223002,-0.09238778849097196,-1.0599959709822568,0.3584006965742063,0.6130958528832952
Christopher Newport University,No,883,766,428,3,37,2910,1749,7860,4750,525,1889,75.0,82,21.2,16,4639,48,5.338047710716957,5.308153092593613,3.943223687030702,1.2693752740102677,3.7808400048227444,11.0446513168162,60.47017894739613,9.611239042489787,10.1034620393768,2797.1408339686877,39465.53223109407,8.931273828043768,5.900304933741678,1.827440956295351,0.8674971687429218,Low,0,0,-0.5754761667345228,-0.44678415927513915,-0.048761714245170354,-2.4898468540270966,0.44020598365431646,1.1258082122819866,-0.5666180664264522,-0.048422640127014555,0.9433702720843187,0.04516955486019143,0.01436886348154269,1.7048650709580508,-0.4321419230686565,-1.8422222933987824,0.8214135202884131,-1.0977194109733543,-1.6310663255951814
Claflin College,Yes,1196,697,499,21,47,959,13,4412,2460,500,1000,69.0,69,16.9,31,7083,21,5.52003321419981,5.248731790918573,4.003023466071104,4.61773086410158,3.560163116683708,2.919277627428197,49.06841612968556,9.502670860800531,9.01750885336023,2367.6971460616746,25106.93423290231,7.56525823478441,8.664190735529143,1.8313507321598064,0.5827759197324415,Low,0,1,-0.2812679940427819,-0.5460118738700462,0.11532173331458948,-0.1932470423613438,-0.7284011257308174,-1.7590097315881188,-1.785791891201808,-0.22842386689854197,-0.38404127330500104,-0.3584056382346787,-0.8740644345850307,0.7391659776222961,0.7415021812454939,-0.4741627768387028,-1.1153194887770854,-1.0977194109733543,0.6130958528832952
Claremont McKenna College,Yes,1860,767,227,71,93,887,1,17000,6010,500,850,99.0,99,9.6,52,18443,87,5.777731445471169,5.308971582769306,3.680629920666159,7.7454549301539934,3.542544617904109,0.0,79.69652079343818,9.502670860800531,8.74813681377624,4872.2320217118595,64655.72972029902,4.878172502210449,11.535678590176726,1.8374898619908846,0.41236559139784945,High,2,1,0.13534170440709414,-0.445417361388472,-0.7692876289594262,1.95202406393789,-0.8217008958343398,-2.7954647679567564,1.489226551606418,-0.22842386689854197,-0.7133073594983343,1.9952630138290124,1.5730036436391222,-1.1604582056350563,1.9608379399940299,1.6739641951340372,-2.274485898443775,1.8145208041217669,0.6130958528832952
Clark University,Yes,2887,2059,457,30,61,1928,296,17500,4200,500,950,94.0,95,10.5,35,11951,79,6.026091471713682,5.9074840317331265,3.968939756759842,5.434512156192033,3.705156375805209,7.6373174144759615,80.52300861308431,9.502670860800531,8.932140965162741,4392.781938782297,58032.99277532507,5.2445943428256845,9.275276881632609,1.8350954885076562,0.713197090405265,High,2,1,0.5368547265548591,0.5540394124140321,0.021800107998247276,0.3669741501362814,0.03941898833365029,-0.0839254391149651,1.5776016855500083,-0.22842386689854197,-0.48839044954759636,1.5446936720354811,1.1632240797157132,-0.9014177956963633,1.0009910690058206,0.8361551893264841,-0.22816762638228102,1.8145208041217669,0.6130958528832952
Clarke College,Yes,460,340,167,14,45,604,350,10740,3676,350,900,67.0,71,11.0,27,7963,74,4.932872253017589,4.783747634543557,3.5440406992492552,3.7757494643672955,3.4512881600133976,7.93379843709479,67.64332838203181,8.729291720840871,8.842506598639705,2232.4911398680765,27058.81466023696,5.442866458260426,8.010865648125515,1.8322835117518899,0.7391304347826086,Medium,1,1,-1.2305059836589396,-1.3224895655277928,-1.1440721299932306,-0.7707527080612918,-1.3049546990201129,0.02133664565349253,0.20039631299264127,-1.5106521568656046,-0.5979547424825227,-0.48546721020260253,-0.7532925064547982,-0.7612501409097624,0.46407713838160014,-0.1477762927938863,-0.051763637338190505,0.3584006965742063,0.6130958528832952
Clarkson University,Yes,2174,1953,557,35,68,2332,53,15960,5580,700,1300,95.0,95,15.8,32,11659,77,5.86677649513875,5.8764895591135025,4.045006896311964,5.811354652879335,3.7409767188558174,4.861748707197349,77.92485132724285,10.265383834059623,9.45926910861573,4486.687340503674,58032.99277532507,7.194768122981464,8.820611540394847,1.834941280482378,0.8983440662373505,High,2,1,0.2792970241911941,0.5022816993309546,0.23051924883802855,0.6254462220634173,0.22910766802529944,-1.0693583210092592,1.299784526379937,1.036120392064417,0.1559430194537629,1.6329424732160491,1.1632240797157132,0.4772495201356816,0.8079240121706287,0.7821966597775428,1.03124051708738,1.8145208041217669,0.6130958528832952
Clemson University,No,8065,5257,2301,37,65,11755,770,8116,3610,800,1618,82.0,88,18.0,17,7597,73,6.576001346881212,6.4384792613313735,4.5275669611958955,5.950905246358549,3.992346217948028,9.396606050584769,61.17169090495555,10.577309512175834,9.834340667239921,3343.323684287649,47487.224979564795,7.926466069189679,6.117876942980019,1.8319158286598891,0.651828890266584,Low,0,0,1.425870480127926,1.4407490873716282,1.5546064005199878,0.7211624200833137,1.5602492578806921,0.5406892087653976,-0.4916064186578401,1.5532793225065122,0.6144105884759513,0.5584518675118793,0.5107083351693819,0.994520367361471,-0.3397531182413292,-0.27643132840932,-0.64560685625566,-1.0977194109733543,-1.6310663255951814
Clinch Valley Coll. of  the Univ. of Virginia,No,689,561,250,15,30,1125,422,7168,3689,600,1900,67.0,67,18.1,9,4417,46,5.186193810250838,5.110590121282921,3.7222613125627264,3.912896621040344,3.5952821932724355,8.270628530128414,58.49552464220208,9.911870086910547,10.113612769182097,2232.4911398680765,23244.601297193447,7.958870720536977,4.135098422421764,1.8269272231003464,0.8142235123367199,Low,0,0,-0.8209718667613101,-0.7766948407837152,-0.6550560645838286,-0.676685000581864,-0.5424260427816214,0.1409241912315992,-0.7777649636529952,0.450010288926062,0.9557779855209387,-0.48546721020260253,-0.9892956425607811,1.0174287020688955,-1.1817113204611744,-2.0219813411714367,0.4590350563202842,-1.0977194109733543,-1.6310663255951814
Coe College,Yes,1006,742,275,29,60,1127,205,13925,4390,500,2200,73.0,86,12.7,32,10141,67,5.416767285047744,5.288158741184141,3.7627734193210793,5.353618702746615,3.595666085621721,7.00430568241221,74.22548275312985,9.502670860800531,10.37136003078452,2650.022148392148,44711.16894989349,6.092161014487607,8.820611540394847,1.8340319337604596,0.7375745526838966,Medium,1,1,-0.4482136008944108,-0.4801727545977274,-0.5438956848719161,0.3114902312545731,-0.5403931188429315,-0.3086687768549612,0.9042164545069317,-0.22842386689854197,1.2708345600115423,-0.09308710977675971,0.3389408259481421,-0.3022340305882601,0.8079240121706287,0.46400951046216593,-0.062347070184394435,0.3584006965742063,0.6130958528832952
Coker College,Yes,604,452,295,15,47,690,222,9888,4502,400,1000,64.0,77,12.1,39,8741,75,5.104464374880176,4.9709954084378225,3.792237022415062,3.912896621040344,3.483769898971322,7.139643017346398,65.66873920232459,9.014694833976261,9.01750885336023,2037.1282036672906,33467.66720923342,5.8671049482622815,9.85113937380516,1.8329848609961648,0.7483443708609272,Medium,1,1,-0.9531003460926099,-1.009804246580691,-0.46305107890896174,-0.676685000581864,-1.132945788655621,-0.2606188548183158,-0.010743620460831344,-1.0374664620381557,-0.38404127330500104,-0.6690620258234224,-0.3567469657519844,-0.46133648899060975,1.2455227419124493,0.09763099942084716,0.010911467552355232,0.3584006965742063,0.6130958528832952
Colby College,Yes,2848,1319,456,58,84,1720,35,18930,5590,500,1000,83.0,94,10.2,41,15954,91,6.018528147255027,5.642691168348485,3.968084674338515,7.156133307455386,3.68293752496271,4.259891121389493,82.8043273066122,9.502670860800531,9.01750885336023,3425.3200408639627,56445.99688283852,5.123864622430816,10.12756185867775,1.8367515055309338,0.4631320224719101,High,2,1,0.5246274236880376,0.11186144030582072,0.01945386401724006,1.5478149256655516,-0.07824220979124237,-1.283040747143142,1.821539757371641,-0.22842386689854197,-0.38404127330500104,0.6355089913449042,1.0650292563104273,-0.986767173916724,1.3629015494814063,1.4156078042133966,-1.9291621013780962,1.8145208041217669,0.6130958528832952
Colgate University,Yes,4856,2492,727,46,75,2649,25,19510,5565,500,750,95.0,98,10.5,45,15494,93,6.309642709855376,6.0184584987014,4.143814216720859,6.517276073871263,3.764157255805762,3.7896501633318223,83.69734585230519,9.502670860800531,8.542878851701946,4486.687340503674,62958.47816557827,5.2445943428256845,10.660094564281724,1.8365953418462377,0.5131795716639209,High,2,1,0.9952598744462602,0.7393558296791773,0.5016347284768342,1.1096298635196908,0.35186153005185966,-1.4499942443735705,1.9170289245604804,-0.22842386689854197,-0.9642037997398595,1.6329424732160491,1.4679867891663476,-0.9014177956963633,1.5890338556289196,1.3609649749576833,-1.5887282880260454,1.8145208041217669,0.6130958528832952
College Misericordia,Yes,1432,888,317,29,58,1121,493,10860,5760,550,900,56.0,62,12.9,23,8604,96,5.626140770277587,5.400397179237296,3.8220956347077903,5.353618702746615,3.594511908782858,8.555396720292523,67.91307576883082,9.715390024589627,8.842506598639705,1559.8481122051853,18969.870093350863,6.166254230007078,7.305625713076967,1.8328684840848908,0.6201117318435754,Medium,1,1,-0.10972845059024133,-0.2927456302539534,-0.38112261490860133,0.3114902312545731,-0.5465051284455542,0.24202777319998847,0.22924000659904303,0.12425506576926057,-0.5979547424825227,-1.1175920904074985,-1.253793161208231,-0.24985413726745317,0.16460720682316513,0.05690985670173381,-0.8613535484505214,0.3584006965742063,0.6130958528832952
College of Charleston,No,4772,3140,1265,22,55,6851,1200,6120,3460,666,2316,73.0,78,17.2,18,4776,51,6.300302763031795,6.150872963024443,4.336783383580002,4.72006404693986,3.9180889577335294,10.271282626754711,55.250946429116404,10.150434175300996,10.462363887649751,2650.022148392148,34618.54631426671,7.664655049418726,6.329097661694977,1.8277394720826017,0.6580050293378038,Low,0,0,0.980160382259167,0.9604749284484918,1.0311190623502144,-0.12305785184375591,1.1670156803097993,0.8512327946331351,-1.124702967282222,0.8455389595343643,1.3820728452648627,-0.09308710977675971,-0.28553671812966114,0.809434146043267,-0.25006129701322827,-1.7377694097170473,-0.60359547688239,-1.0977194109733543,-1.6310663255951814
College of Mount St. Joseph,Yes,798,620,238,14,41,1165,1232,9800,4430,400,1150,46.0,46,11.1,35,6889,100,5.276427489128453,5.174491575265412,3.701119508843938,3.7757494643672955,3.602806171567219,10.324378761446699,65.45851332017735,9.014694833976261,9.251767375413102,1052.6242441965287,8677.382214256915,5.482096185079573,9.275276881632609,1.8311207144037016,0.7769423558897243,Medium,1,1,-0.6750949410184975,-0.6699857135981411,-0.7130666475237222,-0.7707527080612918,-0.5025823844796993,0.870083950034103,-0.03322276661585463,-1.0374664620381557,-0.0976960875429358,-1.5942622016194825,-1.890637298281031,-0.7335168472284893,1.0009910690058206,-0.5546476923750963,0.2054408951610178,0.3584006965742063,0.6130958528832952
College of Mount St. Vincent,Yes,946,648,177,23,46,707,432,11790,5770,500,1000,75.0,77,11.9,35,10015,83,5.3797419885804265,5.202575520171173,3.5704158430607547,4.818997178837589,3.4896075677314724,8.313237795678251,69.94007924061256,9.502670860800531,9.01750885336023,2797.1408339686877,33467.66720923342,5.791125549906482,9.275276881632609,1.833947024628305,0.6849894291754757,Medium,1,1,-0.5080708126423001,-0.6230882948063455,-1.0717018872277622,-0.055200718403029835,-1.102032079146317,0.1560521076243964,0.44598452365621244,-0.22842386689854197,-0.38404127330500104,0.04516955486019143,-0.3567469657519844,-0.5150498114932618,1.0009910690058206,0.4342991765928868,-0.4200419905266278,0.3584006965742063,0.6130958528832952
College of Notre Dame,Yes,344,264,97,11,42,500,331,12600,5520,630,2250,77.0,80,10.4,7,9773,43,4.745951319028746,4.614203503026604,3.2859247891612267,3.3150176007474266,3.4035295462728734,7.834501970038455,71.62161491904696,10.023005814993539,10.411117942427786,2948.2301091785516,36992.96354026978,5.204502215977128,3.513908539388445,1.8337792343543313,0.7674418604651163,Medium,1,1,-1.5326930555642164,-1.6056115473619996,-1.8523113421925632,-1.086763562568219,-1.5578631754002565,-0.01391739199170982,0.6257886747642023,0.6342683936656499,1.3194325213375049,0.18715763184081718,-0.13862047133804148,-0.9297607595238646,-1.4454906138784915,0.375588117684701,0.1408165541423512,0.3584006965742063,0.6130958528832952
College of Notre Dame of Maryland,Yes,457,356,177,35,61,667,1983,11180,5620,600,700,64.0,64,11.5,32,7477,75,4.928707264984022,4.814242223319055,3.5704158430607547,5.811354652879335,3.4755868952390543,11.308888708429901,68.62296405243697,9.911870086910547,8.430546202210584,2037.1282036672906,20615.457243900444,5.637657762251316,8.820611540394847,1.8317892737028338,0.7789934354485777,Medium,1,1,-1.2372393415099083,-1.2715666091736546,-1.0717018872277622,0.6254462220634173,-1.176279353934229,1.2196225767541333,0.30514732266274486,0.450010288926062,-1.101513269226264,-0.6690620258234224,-1.1519730239216481,-0.6235432314264993,0.8079240121706287,-0.3207138446889161,0.21939276387350962,0.3584006965742063,0.6130958528832952
College of Saint Benedict,Yes,938,864,511,29,62,1715,103,12247,4221,500,600,70.0,88,13.1,26,8847,72,5.3746154782305045,5.383368062362508,4.012156757938682,5.353618702746615,3.682363651121234,5.878384950812178,70.89779351513197,9.502670860800531,8.18162464989385,2436.7893025328367,47487.224979564795,6.239901345838685,7.8398782563579585,1.8330729923443345,0.9211087420042644,Medium,1,1,-0.5163586224594046,-0.32118257628882235,0.14038239476267148,0.3114902312545731,-0.08128119161074647,-0.7084136321761657,0.5483915105209182,-0.22842386689854197,-1.4057817650474291,-0.29347540133892097,0.5107083351693819,-0.19778961228228817,0.3914698171492021,0.128468810525835,1.186090564815404,0.3584006965742063,0.6130958528832952
College of Saint Catherine,Yes,511,411,186,23,51,1692,562,12224,4440,450,1000,63.0,87,11.5,32,7315,77,4.999525988391545,4.908878983975256,3.592723856342787,4.818997178837589,3.6796973307836556,8.798697382371099,70.8501595539345,9.270525807002555,9.01750885336023,1973.9929282613914,46086.272753520185,5.637657762251316,8.820611540394847,1.8316133711177727,0.8043052837573386,Medium,1,1,-1.122749743122461,-1.1135325504797748,-1.0104913646094145,-0.055200718403029835,-0.09540084378034308,0.32840879917500665,0.5432980807074069,-0.6133100630418952,-0.38404127330500104,-0.7283942076217277,0.4240248994484804,-0.6235432314264993,0.8079240121706287,-0.3822634612969213,0.39156920771255527,0.3584006965742063,0.6130958528832952
College of Saint Elizabeth,Yes,444,359,122,34,53,493,968,10900,5250,380,1000,68.0,70,11.4,23,9447,78,4.910313284720791,4.819796458508065,3.3975036926544715,5.739346337815967,3.399886735234572,9.842951420088228,68.00255648013339,8.90448488799467,9.01750885336023,2299.597751802593,26071.58053472029,5.598967634870062,7.305625713076967,1.8335428021662619,0.8085585585585585,Medium,1,1,-1.2669761019562304,-1.262291584080094,-1.5461521647859078,0.5760565206522865,-1.5771538900437572,0.6991588595567936,0.2388080482068652,-1.2201896611416496,-0.38404127330500104,-0.42240291415622744,-0.8143772774197001,-0.6508950575092252,0.16460720682316513,0.292858744921895,0.4205008653699223,0.3584006965742063,0.6130958528832952
College of Saint Rose,Yes,983,664,249,23,57,1698,894,9990,5666,800,1500,66.0,71,14.3,28,6084,64,5.402861731907908,5.218046265283665,3.7205446503913824,4.818997178837589,3.6803971300776737,9.686693297008215,65.91087866375833,10.577309512175834,9.703857838201385,2166.3773306690255,27058.81466023696,6.672921618566724,8.178628549458342,1.8300480573161995,0.6754832146490336,Medium,1,1,-0.470694113359649,-0.5972536759521819,-0.6597663804393311,-0.055200718403029835,-0.09169501650940118,0.6436812588249757,0.01514799805860137,1.5532793225065122,0.45491530270202957,-0.5475985071923998,-0.7532925064547982,0.10833228473918503,0.5353152264185853,-0.9299783474911485,-0.48470523406255583,0.3584006965742063,0.6130958528832952
College of Santa Fe,Yes,546,447,189,16,42,873,683,11138,4138,600,1200,40.0,74,14.0,7,8820,80,5.041259178235229,4.963750373436026,3.599884401044797,4.043409132038042,3.538916217323,9.166753059865755,68.53055833545017,9.911870086910547,9.32358530355288,795.9675972970406,30158.03455349912,6.566038151310228,3.513908539388445,1.8330506988440267,0.8186813186813187,Medium,1,1,-1.0552814816976444,-1.021902740641287,-0.9908436856385981,-0.5871679226871698,-0.8409152990758328,0.4590826196500652,0.29526651447447805,0.450010288926062,-0.009909663407681455,-1.8354585650737079,-0.5615293446508958,0.0327714581047688,-1.4454906138784915,0.12066814974351357,0.4893579799714386,0.3584006965742063,0.6130958528832952
College of St. Joseph,Yes,141,118,55,12,21,201,173,8300,4850,450,1300,53.0,53,9.5,19,6936,76,4.1465897310130755,4.054072945459004,2.9923472083582627,3.4779670941379464,3.143452289538583,6.719519529147808,61.66697632686607,9.270525807002555,9.45926910861573,1397.2527513082268,12577.188313886023,4.836649035820484,6.534472866673584,1.8311773496940587,0.8368794326241135,Low,0,1,-2.5016552762738766,-2.5409743471565824,-2.6578531411322968,-0.9749983196713342,-2.9351171949402937,-0.40977873640991264,-0.4386462727716115,-0.6133100630418952,0.1559430194537629,-1.27039315843607,-1.6493381411244652,-1.1898130490517917,-0.16285168859179217,-0.534830585044088,0.61314532671228,-1.0977194109733543,0.6130958528832952
College of St. Scholastica,Yes,672,596,278,29,60,1350,275,11844,3696,450,1146,54.0,76,11.6,33,8996,72,5.170747119451636,5.149317253017809,3.767347783220598,5.353618702746615,3.6339221889188957,7.508663903085353,70.05450049036857,9.270525807002555,9.245897708152143,1450.45811339991,32340.751369602982,5.676217068867042,8.97452607649717,1.833194159071702,0.8869047619047619,Medium,1,1,-0.8459438705044319,-0.712024349452438,-0.5313441769722156,0.3114902312545731,-0.33780573115834694,-0.12960234855806538,0.4582194205691634,-0.6133100630418952,-0.10487085731213011,-1.2203927395581404,-0.4264744945937568,-0.5962838885447581,0.8732815923383459,0.17086594535204086,0.9534279956171087,0.3584006965742063,0.6130958528832952
College of the Holy Cross,Yes,2994,1691,659,70,95,2675,22,18000,6300,400,900,92.0,96,11.3,55,12138,95,6.04629165412628,5.7914317848466155,4.1078552786720435,7.703114507680223,3.7659071908361126,3.61505348869291,81.33413398839762,9.014694833976261,8.842506598639705,4207.948159114593,59647.28650004573,5.560145089438339,11.891964015137606,1.8351912283650722,0.5647962591850367,High,2,1,0.5695114966926533,0.3602436033769247,0.4029676995961576,1.9229832396697435,0.3611284113037898,-1.5119827312041771,1.6643341357862993,-1.0374664620381557,-0.5979547424825227,1.37099376580703,1.2631079470739583,-0.678340495986942,2.1121293892239406,0.8696552741376758,-1.237620870198286,1.8145208041217669,0.6130958528832952
College of William and Mary,No,7117,3106,1217,68,88,5186,134,11720,4298,600,800,89.0,92,12.1,31,9534,93,6.511269463138102,6.1446840422887075,4.323833614962627,7.6170666571932575,3.876237196537535,6.299777257260397,69.79124212120443,9.911870086910547,8.648479600106288,3938.140272384894,53353.18359977521,5.8671049482622815,8.664190735529143,1.833607116812409,0.4364198398201489,Medium,1,0,1.3212212148486766,0.9501400410746929,0.9955864447730747,1.8639639772570498,0.9453872801344545,-0.5588032716535111,0.43006958812926993,0.450010288926062,-0.835123048894733,1.1174383566772665,0.8736625013025863,-0.46133648899060975,0.7415021812454939,0.3153629156892724,-2.1108639099563113,0.3584006965742063,-1.6310663255951814
College of Wooster,Yes,2100,1883,553,29,65,1704,1,16240,4690,500,500,84.0,96,11.1,43,14140,69,5.847096162989408,5.855017795447642,4.042276770679928,5.353618702746615,3.6810939239388074,0.0,78.40912054507538,9.502670860800531,7.890855810096345,3508.30890518449,59647.28650004573,5.482096185079573,10.397054457490185,1.8360909718703515,0.8966666666666666,High,2,1,0.2474806737192458,0.46642597121956175,0.2230281103561777,0.3114902312545731,-0.08800510468055671,-2.7954647679567564,1.3515667256736084,-0.22842386689854197,-1.7612021643396472,0.7134988370127088,1.2631079470739583,-0.7335168472284893,1.4773376812303964,1.1844821868645508,1.0198304971846637,1.8145208041217669,0.6130958528832952
Colorado College,Yes,3207,1577,490,56,87,1892,7,17142,4190,450,1200,85.0,97,11.3,51,14664,84,6.08429145579165,5.749907883066244,3.996005601053297,7.056958567922015,3.701525839664214,2.145576604714225,79.9328481384042,9.270525807002555,9.32358530355288,3592.2902607546,61289.05591242347,5.560145089438339,11.414537756392667,1.8362946676356173,0.49173682569379484,High,2,1,0.6309441492757225,0.2909027818435512,0.0960655503468763,1.479792076238102,0.020193276112380865,-2.033703140019409,1.5144966890112823,-0.6133100630418952,-0.009909663407681455,0.7924213890142526,1.3646918631281069,-0.678340495986942,1.9093972381855786,1.2557568429614134,-1.7345862950054285,1.8145208041217669,0.6130958528832952
Colorado State University,No,9478,6312,2194,29,65,15646,1829,8412,4180,470,1800,87.0,89,19.2,10,7850,59,6.658694409975896,6.538074356516063,4.5130161365168995,5.353618702746615,4.02827415652626,11.138393481495225,61.96493339517732,9.365958434056012,10.019259575285039,3763.230380637817,48914.209492885086,8.310838038076563,4.420803225514992,1.8321728161293478,0.6659632833931209,Low,0,0,1.5595568151478025,1.6070630758144318,1.514680676437392,0.3114902312545731,1.750507715855782,1.1590902604807625,-0.4067861591734216,-0.4550870028747937,0.840445648422016,0.9530645509285739,0.5990025096854961,1.266250546496598,-1.0603909108017935,-0.18650951053073378,-0.5494617816382577,-1.0977194109733543,-1.6310663255951814
Columbia College MO,Yes,314,158,132,10,28,690,5346,8294,3700,400,900,87.0,87,15.3,2,5015,37,4.6864240792472005,4.260789288824349,3.434939088341612,3.140658651142298,3.483769898971322,13.515171782409212,61.65094003745506,9.014694833976261,8.842506598639705,3763.230380637817,46086.272753520185,7.023054080272134,1.435570769429468,1.828229856639625,0.5031847133757962,Low,0,1,-1.628928195761314,-2.195778436879589,-1.4434339125836755,-1.2063544244260114,-1.132945788655621,2.0029373194822053,-0.4403610097477271,-1.0374664620381557,-0.5979547424825227,0.9530645509285739,0.4240248994484804,0.35585698539765914,-2.328026668337858,-1.5661802232092483,-1.6567153878115992,-1.0977194109733543,0.6130958528832952
Columbia College,Yes,737,614,242,21,67,968,237,10425,3975,500,1500,61.0,77,14.7,34,8693,76,5.227692122192279,5.168297027925209,3.708300855341823,4.61773086410158,3.5622517850492152,7.251512623819878,66.92569492639191,9.502670860800531,9.703857838201385,1850.701062143412,33467.66720923342,6.814084059463645,9.126046493076482,1.8329444084857363,0.8331071913161465,Medium,1,1,-0.753883322385942,-0.6803299968465929,-0.6933618909108576,-0.1932470423613438,-0.7173404626878371,-0.22090087254878993,0.12366081700949194,-0.22842386689854197,0.45491530270202957,-0.8442593142160162,-0.3567469657519844,0.2081264905007414,0.9376225443004441,0.08347636657767588,0.5874857586797196,0.3584006965742063,0.6130958528832952
Columbia University,Yes,6756,1930,871,78,96,3376,55,18624,6664,550,300,97.0,98,5.9,21,30639,99,6.484146207210359,5.86952666644287,4.2085856031040665,8.030063136282875,3.8065229026888705,4.916684846997572,82.32592813643716,9.715390024589627,7.096776161387666,4677.47509485812,62958.47816557827,3.2028376127203932,6.929403951155235,1.839662558868111,0.28567199526346954,High,2,1,1.277372208135329,0.4906543551429244,0.6793596724737255,2.1472336631000544,0.5762112413370222,-1.0498538935304813,1.770385233689945,0.12425506576926057,-2.73184298682397,1.8122377032356005,1.4679867891663476,-2.3448293005169343,0.0048500806392386695,2.434206915570417,-3.136282025439673,1.8145208041217669,0.6130958528832952
Concordia College at St. Paul,Yes,281,266,139,13,29,1049,181,10500,3750,450,950,69.0,75,12.8,18,6955,45,4.613444679013165,4.619304909531357,3.4592478987717046,3.631117880323472,3.580045931673338,6.7949078912644305,67.09783771091139,9.270525807002555,8.932140965162741,2367.6971460616746,31237.605304478584,6.129263988156606,6.329097661694977,1.831200077191436,0.9466192170818505,Medium,1,1,-1.7469108678757324,-1.5970927015202416,-1.3767334416880999,-0.8699539009271027,-0.6231105393562639,-0.3830129889985601,0.1420677932258447,-0.6133100630418952,-0.48839044954759636,-0.3584056382346787,-0.4947312768374728,-0.27600423628062626,-0.25006129701322827,-0.5268780654745034,1.3596181091466144,0.3584006965742063,0.6130958528832952
Concordia Lutheran College,Yes,232,216,106,16,34,534,172,6900,3800,450,1825,67.0,76,12.1,9,6875,42,4.486091768267716,4.477567540292379,3.329565396171535,4.043409132038042,3.4203802186793166,6.709876109567898,57.69715432294186,9.270525807002555,10.043294559277673,2232.4911398680765,32340.751369602982,5.8671049482622815,4.135098422421764,1.8311037290401468,0.9310344827586207,Low,0,1,-1.9527968667070805,-1.8337801322196265,-1.732566731647865,-0.5871679226871698,-1.4686294738642682,-0.4132025186146285,-0.8631335343978341,-0.6133100630418952,0.8698247373697621,-0.48546721020260253,-0.4264744945937568,-0.46133648899060975,-1.1817113204611744,-0.5605909968147662,1.2536075127959212,-1.0977194109733543,0.6130958528832952
Concordia University CA,Yes,688,497,144,30,75,641,101,10800,4440,570,1515,55.0,60,13.1,13,8415,55,5.185296564289971,5.032581471564874,3.475762340683434,5.434512156192033,3.465912281716413,5.847416939712312,67.77844806036023,9.79577979342351,9.72096152580224,1504.656575461497,17408.082037358414,6.239901345838685,5.203164536960752,1.8327031630248543,0.7223837209302325,Medium,1,1,-0.8224224058951953,-0.9069615938159515,-1.3314197865729003,0.3669741501362814,-1.2275118243503824,-0.7194084586939341,0.21484446260457613,0.2575377346399167,0.47582194276944095,-1.1694590422937714,-1.3504282584260159,-0.19778961228228817,-0.7281725029254713,-0.0009372059718400408,-0.16567825953092133,0.3584006965742063,0.6130958528832952
Concordia University,Yes,528,403,186,22,56,1168,145,9216,4191,400,1000,56.0,64,12.1,13,7309,75,5.020167338392964,4.895986573917944,3.592723856342787,4.72006404693986,3.6033577519243103,6.4282818545025044,64.03096195567198,9.014694833976261,9.01750885336023,1559.8481122051853,20615.457243900444,5.8671049482622815,5.203164536960752,1.8316067409927508,0.7632575757575758,Medium,1,1,-1.0893797562301784,-1.1350616040269943,-1.0104913646094145,-0.12305785184375591,-0.4996614590845208,-0.5131792324197223,-0.18586874644836204,-1.0374664620381557,-0.38404127330500104,-1.1175920904074985,-1.1519730239216481,-0.46133648899060975,-0.7281725029254713,-0.3845833911206843,0.11235418141609435,0.3584006965742063,0.6130958528832952
Connecticut College,Yes,3035,1546,438,42,93,1630,232,18740,6300,600,500,75.0,95,10.7,40,14773,91,6.053827286751151,5.73805922580465,3.9523125743928875,6.276768658259247,3.6722842271460037,7.214950014994106,82.5078851627005,9.911870086910547,7.890855810096345,2797.1408339686877,58032.99277532507,5.324335193798416,9.990248962005056,1.836335634600541,0.5093904448105436,High,2,1,0.5816940313572803,0.2711166925465524,-0.023822893453505273,0.9446685054628217,-0.13465735898056985,-0.23388199490049744,1.7898416324241522,0.450010288926062,-1.7612021643396472,0.04516955486019143,1.1632240797157132,-0.8450453297697846,1.304593615223782,1.2700914872406441,-1.6145027150418603,1.8145208041217669,0.6130958528832952
Converse College,Yes,440,407,149,35,70,643,80,12050,3700,500,900,63.0,76,10.2,31,10965,75,4.904537055719881,4.902466679657074,3.4916281463919545,5.811354652879335,3.466673325469548,5.483847081706926,70.48787744182641,9.502670860800531,8.842506598639705,1973.9929282613914,32340.751369602982,5.123864622430816,8.664190735529143,1.8345496585755987,0.925,Medium,1,1,-1.27631428410197,-1.124240466409652,-1.2878859116866985,0.6254462220634173,-1.223481673535921,-0.8484896419500415,0.5045597842414923,-0.22842386689854197,-0.5979547424825227,-0.7283942076217277,-0.4264744945937568,-0.986767173916724,0.7415021812454939,0.6451652556672837,1.2125597090514701,0.3584006965742063,0.6130958528832952
Cornell College,Yes,1538,1329,383,33,68,1140,10,15248,4323,550,800,71.0,76,12.2,31,10340,64,5.6678271144823515,5.647251302174896,3.8990535721709625,5.665746738617808,3.598141326041966,2.585576899213972,76.66776064287558,9.715390024589627,8.648479600106288,2506.874201393403,32340.751369602982,5.904911098320331,8.664190735529143,1.8341627747226357,0.864109232769831,High,2,1,-0.04233592250440769,0.11947641414662027,-0.16995923105204586,0.5255753751737814,-0.5272853413274476,-1.8774862331540947,1.1653656578020992,0.12425506576926057,-0.835123048894733,-0.2276122220975675,-0.4264744945937568,-0.4346095870330258,0.7415021812454939,0.5097917316601078,0.7983680768784485,1.8145208041217669,0.6130958528832952
Creighton University,Yes,2967,2836,876,30,60,3450,644,10628,4372,650,2055,85.0,90,6.5,32,22906,85,6.0412684045954315,6.092802030713218,4.210607982967262,5.434512156192033,3.8102028395151812,9.05502572252416,67.38977290896426,10.094559934711176,10.251140440777847,3592.2902607546,50367.40936643958,3.4976933534793133,8.820611540394847,1.8384909284410145,0.9558476575665655,Medium,1,1,0.5613906242211548,0.8635021975387803,0.6849088411421302,0.3669741501362814,0.595698557718815,0.41941514835519883,0.17328399704336409,0.7529019484450437,1.1238845129821728,0.7924213890142526,0.6889187505729792,-2.1363822498970158,0.8079240121706287,2.024244756293517,1.4223918760188092,0.3584006965742063,0.6130958528832952
Culver-Stockton College,Yes,1576,1110,274,24,55,992,112,8000,3700,400,500,51.0,52,14.1,28,5807,51,5.682024629013141,5.537873429285187,3.761235824570413,4.914783971046612,3.5677078709301617,6.01136203171981,60.855645789027534,9.014694833976261,7.890855810096345,1293.8214305708966,11964.851253424988,6.601764206578399,8.178628549458342,1.8296268367502206,0.7043147208121827,Low,0,1,-0.01938340855726426,-0.06317384843853863,-0.5481146611237961,0.010498375683124296,-0.6884474471860382,-0.6612016904501111,-0.5254006607367062,-1.0374664620381557,-1.7612021643396472,-1.3675940637330268,-1.6872262855117024,0.05802784562419385,0.5353152264185853,-1.0773665415554214,-0.288587347247614,-1.0977194109733543,0.6130958528832952
Cumberland College,Yes,995,789,398,26,47,1306,122,6230,3526,400,600,42.0,44,13.0,4,8189,63,5.410159870185048,5.326694970282212,3.9144140168715293,5.097794723902809,3.6270133819544674,6.148260971517689,55.60787318949491,9.014694833976261,8.18162464989385,877.5461121268073,7723.305321472121,6.203132952498875,2.399320130769619,1.832497801115703,0.792964824120603,Low,0,1,-0.4588955256398794,-0.41582105184609375,-0.12781200638057666,0.13602341304359422,-0.3743917144214137,-0.6125973390537558,-1.0865373107453744,-1.0374664620381557,-1.4057817650474291,-1.7587941133611364,-1.9496704769084046,-0.22378287640524416,-1.9187844502831575,-0.07279485814765294,0.3144290483715422,-1.0977194109733543,0.6130958528832952
D'Youville College,Yes,866,619,157,18,47,1074,336,8920,4310,680,1320,68.0,68,14.6,42,6898,46,5.32624818938385,5.173463617617317,3.5157773328895465,4.287247085802575,3.585202372392669,7.861120892993484,63.284636967018166,10.198372275405962,9.485241066919812,2299.597751802593,24164.67508092954,6.778935197303488,10.26314323792509,1.8311316054937212,0.7147806004618937,Medium,1,1,-0.5945519477369245,-0.6717023015093015,-1.2216234297867012,-0.4199221856006509,-0.5958043119821659,-0.004466657844250936,-0.26567218609974075,0.9250182019213093,0.1876897630087672,-0.42240291415622744,-0.9323663945762501,0.18327814727000463,1.4204742199244158,-0.5508368193574115,-0.21739626243414412,0.3584006965742063,0.6130958528832952
Dana College,Yes,504,482,185,10,36,550,84,9130,3322,450,1450,46.0,51,12.6,25,8686,54,4.990811350088617,5.012740056019004,3.5903073527881726,3.140658651142298,3.427863798730194,5.559256498356435,63.81576669352747,9.270525807002555,9.645678727479,1052.6242441965287,11371.299132786136,6.05494407369219,7.665481401085836,1.8329384803847795,0.9563492063492064,Medium,1,1,-1.1368383257936379,-0.9400948013264756,-1.0171219615889389,-1.2063544244260114,-1.4289997467784035,-0.8217164193755033,-0.2088792611395404,-0.6133100630418952,0.38380024519512246,-1.5942622016194825,-1.723952118227403,-0.328544393486175,0.3174147165843801,0.0814020801709304,1.4258035148984962,0.3584006965742063,0.6130958528832952
Daniel Webster College,Yes,585,508,153,12,30,460,536,12292,4934,500,500,61.0,61,22.2,10,8643,72,5.084504514469979,5.046728760741695,3.503884843901794,3.4779670941379464,3.381822202478301,8.710354790395316,70.99082079235767,9.502670860800531,7.890855810096345,1850.701062143412,18178.60612562006,9.23290413292054,4.420803225514992,1.8329019026650533,0.8683760683760684,Medium,1,1,-0.9853685979372929,-0.883337015875766,-1.2542549984060187,-0.9749983196713342,-1.672815658635484,0.29704380547969156,0.5583387812365942,-0.22842386689854197,-1.7612021643396472,-0.8442593142160162,-1.3027523462610369,1.918101371758302,-1.0603909108017935,0.06860326527710682,0.8273919779451083,0.3584006965742063,0.6130958528832952
Dartmouth College,Yes,8587,2273,1087,87,99,3918,32,19545,6070,550,1100,75.0,99,4.7,49,29619,98,6.608242710335261,5.965161347594554,4.285572776596899,8.369336520622584,3.831445264276064,4.133121168004016,83.75067403145519,9.715390024589627,9.176997673903145,2797.1408339686877,64655.72972029902,2.5753819952543644,11.16847437899351,1.8395354797972239,0.2647024572027483,High,2,1,1.4779937121731617,0.6503548426648993,0.8906032765019373,2.3799374992408655,0.7081890355639906,-1.3280489215668767,1.9227312287727396,0.12425506576926057,-0.1890906028016409,0.04516955486019143,1.5730036436391222,-2.788406463094993,1.8049099862211955,2.389741007981361,-3.2789211740392186,1.8145208041217669,0.6130958528832952
Davidson College,Yes,2373,956,452,77,96,1601,6,17295,5070,600,1011,95.0,97,12.0,46,17581,94,5.916326289608682,5.4460945180600815,3.9646425817117357,7.990598625691102,3.668697927880242,1.9601606952040518,80.18604835694906,9.911870086910547,9.035758267161174,4486.687340503674,61289.05591242347,5.829176903378423,10.78932967832484,1.837252461788451,0.4028655710071639,High,2,1,0.3594020556868673,-0.21643558037904764,0.01000917318250654,2.1201653947653654,-0.15364881229357583,-2.099532868384091,1.5415710181139535,0.450010288926062,-0.36173415833182265,1.6329424732160491,1.3646918631281069,-0.4881495639928844,1.6439116764017525,1.5908961069795944,-2.3391070081831424,1.8145208041217669,0.6130958528832952
Defiance College,Yes,571,461,174,10,26,645,283,10850,3670,400,1159,58.0,60,12.8,19,7505,56,5.0693465990266295,4.98382289164204,3.562687533107371,3.140658651142298,3.467431491425824,7.558686196993491,67.89067179043364,9.014694833976261,9.264905307730983,1673.2103108531687,17408.082037358414,6.129263988156606,6.534472866673584,1.8318190820247662,0.8073555166374781,Medium,1,1,-1.0098737509250642,-0.9883836144760642,-1.092907446199892,-1.2063544244260114,-1.2194667622596673,-0.11184252401630823,0.22684438195140125,-1.0374664620381557,-0.08163697627933893,-1.0110585156983387,-1.3504282584260159,-0.27600423628062626,-0.16285168859179217,-0.31028369219271984,0.41231752461842014,0.3584006965742063,0.6130958528832952
Delta State University,No,967,945,459,15,48,2806,538,4528,1880,500,1200,49.0,63,17.1,16,5113,58,5.392980665608474,5.438942763470649,3.970643464330538,3.912896621040344,3.774419618827212,8.717285972790766,49.53377454511763,9.502670860800531,9.32358530355288,1194.3628253525847,19782.08415571577,7.631598364843213,5.900304933741678,1.8284206515490815,0.9772492244053774,Low,0,0,-0.48666841023806195,-0.22837830534885561,0.026474877977657435,-0.676685000581864,0.40620646162621615,0.29950463991155823,-1.7360317963546816,-0.22842386689854197,-0.009909663407681455,-1.461061558858064,-1.2035376962767816,0.7860648591326469,-0.4321419230686565,-1.49941967205686,1.567969774003244,-1.0977194109733543,-1.6310663255951814
Denison University,Yes,2762,2279,533,32,60,1835,14,16900,4720,500,600,88.0,97,11.6,45,12423,81,6.001449517773418,5.966693588652336,4.028275649230658,5.590470826008503,3.6956019208905952,3.0151129771631853,79.52931424921339,9.502670860800531,8.18162464989385,3850.189112920918,61289.05591242347,5.676217068867042,10.660094564281724,1.8353328488279779,0.8251267197682839,High,2,1,0.4970171345402712,0.652913534145669,0.18461070624592307,0.47394446499414217,-0.01117717528672161,-1.7249845227618914,1.4713474003462843,-0.22842386689854197,-1.4057817650474291,1.0347851307407439,1.3646918631281069,-0.5962838885447581,1.5890338556289196,0.9192093224346962,0.5332009354416596,1.8145208041217669,0.6130958528832952
DePauw University,Yes,1994,1656,495,50,80,1983,36,14300,5020,550,950,78.0,94,11.1,31,11525,82,5.817568408946106,5.779010062775417,3.999922593136229,6.742710203651236,3.7105464993550816,4.299975549588308,74.93267625602518,9.715390024589627,8.932140965162741,3025.263672430051,56445.99688283852,5.482096185079573,8.664190735529143,1.8348685050061206,0.8304914744232698,Medium,1,1,0.19974441783889932,0.3395005523546032,0.10681330853838304,1.2642526226817787,0.06796269653057285,-1.2688092444260743,0.9798356216099267,0.12425506576926057,-0.48839044954759636,0.2595509072328201,1.0650292563104273,-0.7335168472284893,0.7415021812454939,0.7567319819244976,0.5696931096715727,0.3584006965742063,0.6130958528832952
Dickinson College,Yes,3014,2539,487,31,68,1889,62,18700,5000,595,1250,87.0,94,11.2,39,13861,87,6.049981321769675,6.0292426332492965,3.9936332073951926,5.5134261936560724,3.7012195018670004,5.095745846599826,82.44522511002265,9.892878373226644,9.392683958613311,3763.230380637817,56445.99688283852,5.521188494835537,9.85113937380516,1.8359777009635727,0.8424021234240212,High,2,1,0.5754764244172684,0.757364271010937,0.08955598565220226,0.4211004096393092,0.018571046749279313,-0.9862804008584406,1.7831414846219875,0.41852287052772635,0.07455286562134684,0.9530645509285739,1.0650292563104273,-0.7058806999736407,1.2455227419124493,1.1448478581100712,0.6507118153681722,1.8145208041217669,0.6130958528832952
Dickinson State University,No,434,412,319,10,30,1376,237,4486,2146,600,2000,50.0,64,16.5,28,4525,46,4.895766139081876,4.910471626232793,3.824690854347712,3.140658651142298,3.6378770112331362,7.251512623819878,49.36619663030588,9.911870086910547,10.203474874757537,1243.5955249411834,20615.457243900444,7.43165335007073,8.178628549458342,1.827182000303324,0.9493087557603687,Low,0,0,-1.290493849548193,-1.110872994951238,-0.37400164234772537,-1.2063544244260114,-0.3168627429199748,-0.22090087254878993,-1.7539506577286061,0.450010288926062,1.0656206545879023,-1.414794500329653,-1.1519730239216481,0.6447145550544336,0.5353152264185853,-1.9328329118958114,1.377912909257065,-1.0977194109733543,-1.6310663255951814
Dillard University,Yes,1998,1376,651,41,88,1539,45,6700,3650,500,2307,52.0,52,14.1,12,7566,61,5.818712976972893,5.668203184635847,4.103344871372642,6.213996875421871,3.6607580648352855,4.621460505471613,57.08798879250442,9.502670860800531,10.455456045158098,1345.040514947662,11964.851253424988,6.601764206578399,4.953303378471571,1.8318834318952135,0.6886886886886887,Low,0,1,0.20159479196891483,0.15446399190839508,0.39059168096430913,0.9016140386466763,-0.1956948121267542,-1.154669808522013,-0.9282707137567233,-0.22842386689854197,1.373629065187393,-1.3194602747181297,-1.6872262855117024,0.05802784562419385,-0.8342724276648658,-0.28776719618197916,-0.39487885980407483,-1.0977194109733543,0.6130958528832952
Doane College,Yes,793,709,244,20,47,1022,411,9570,3000,400,1000,67.0,72,15.1,42,6852,60,5.272585798084914,5.259506347746788,3.711840360989947,4.511710153177958,3.574306117873163,8.222694295692204,64.90314113200061,9.014694833976261,9.01750885336023,2232.4911398680765,28068.836197330573,6.953758067641122,10.26314323792509,1.8310757084501106,0.8940731399747793,Medium,1,1,-0.6813056384660138,-0.528019426385749,-0.6836499103864981,-0.2659654673280361,-0.6535060523163945,0.12390570753922985,-0.09260790255128575,-1.0374664620381557,-0.38404127330500104,-0.48546721020260253,-0.6907977722592065,0.30686845488617326,1.4204742199244158,-0.5703956086870824,1.002188790527618,0.3584006965742063,0.6130958528832952
Dominican College of Blauvelt,Yes,360,329,108,4,19,756,863,8310,5500,600,1800,43.0,43,12.7,5,5480,54,4.775460182010265,4.761877908419545,3.3386834417987896,1.6653553539620274,3.5055208015206922,9.617743612802744,61.69368657041285,9.911870086910547,10.019259575285039,919.8255557373217,7271.789877455898,6.092161014487607,2.8029031764133614,1.829087869526088,0.9138888888888889,Low,0,1,-1.48498734005473,-1.3590098517034457,-1.707547904061289,-2.218248526856654,-1.0177626375377624,0.6192014879462654,-0.4357901854887725,0.450010288926062,0.840445648422016,-1.7190614659860708,-1.9776078392543555,-0.3022340305882601,-1.747408750963526,-1.2659551629114578,1.1369796259664477,-1.0977194109733543,0.6130958528832952
Dordt College,Yes,604,562,328,25,50,1048,56,9800,2650,450,2800,61.0,60,12.5,17,7325,87,5.104464374880176,5.111732114358593,3.836141459343814,5.0076495594765635,3.5798365680460575,4.943480986111736,65.45851332017735,9.270525807002555,10.80148534949127,1850.701062143412,17408.082037358414,6.017611906998858,6.117876942980019,1.8316244027168402,0.9304635761589404,Medium,1,1,-0.9531003460926099,-0.7747878249528968,-0.3425825505959643,0.07419384862799155,-0.6242192364443462,-1.040340240879165,-0.03322276661585463,-0.6133100630418952,1.7965969237741422,-0.8442593142160162,-1.3504282584260159,-0.3549362148576937,-0.3397531182413292,-0.37840342312325875,1.249724087654535,0.3584006965742063,0.6130958528832952
Dowling College,Yes,1011,829,410,9,33,1059,2458,9000,3100,450,1413,77.0,78,12.4,7,11178,42,5.419745055754312,5.357604328229391,3.926229167010133,2.9528188947255454,3.582126289517249,11.768440280560968,63.487930385819865,9.270525807002555,9.601417685032322,2948.2301091785516,34618.54631426671,5.980163231535211,3.513908539388445,1.8346738334188128,0.8199802176063303,Medium,1,1,-0.4433995664712953,-0.3642054718733176,-0.09539264632126192,-1.3351916215524642,-0.6120938851567195,1.3827809337843897,-0.24393431811259617,-0.6133100630418952,0.3296978957465244,0.18715763184081718,-0.28553671812966114,-0.38141040162417134,-1.4454906138784915,0.6886149524953985,0.4981933599518671,0.3584006965742063,0.6130958528832952
Drake University,Yes,2799,2573,839,34,65,3322,726,13420,4770,560,1675,88.0,93,15.0,24,9473,77,6.0088663140293,6.036911585373389,4.195316877415714,5.739346337815967,3.8037749730605483,9.283462143789318,73.25308683901784,9.755897800226949,9.894242442512029,3850.189112920918,54886.120254639376,6.918976065250672,7.487471891197417,1.8335621180057213,0.9192568774562344,Medium,1,1,0.509007551534532,0.7701706648656693,0.6429518748094799,0.5760565206522865,0.5616594224907999,0.500518801219789,0.8002395813902253,0.19141515996125183,0.6876313397103412,1.0347851307407439,0.9685124280279964,0.282279461657542,0.2418255545223002,0.299617500131652,1.173493797939196,0.3584006965742063,0.6130958528832952
Drew University,Yes,2153,1580,321,56,84,1192,87,18432,5616,520,660,93.0,97,10.2,28,14907,83,5.861265518507879,5.751041275609182,3.827267370947327,7.056958567922015,3.6077091812552227,5.613718375418295,82.02311571874702,9.58989147105367,8.335195624502305,4299.868873409913,61289.05591242347,5.123864622430816,8.178628549458342,1.8363853636420913,0.7338597306084533,High,2,1,0.2703876641966584,0.2927954356327558,-0.36693198869442095,1.479792076238102,-0.4766182156575637,-0.8023803732795439,1.7380059446828715,-0.083815966120924,-1.2180647553670119,1.4573774316188435,1.3646918631281069,-0.986767173916724,0.5353152264185853,1.2874920469915672,-0.08761606068412126,1.8145208041217669,0.6130958528832952
Drury College,Yes,700,650,314,33,66,1065,48,8730,3523,500,750,82.0,92,13.2,35,9303,67,5.195972218139579,5.204531588216824,3.8181671777089026,5.665746738617808,3.5833630528674885,4.715770976969228,62.79696987488925,9.502670860800531,8.542878851701946,3343.323684287649,53353.18359977521,6.276560578554963,9.275276881632609,1.8334343191858653,0.9285714285714286,Low,0,1,-0.8051635333406654,-0.6198218540470449,-0.39190183145942287,0.5255753751737814,-0.6055445339495997,-1.1211859897006706,-0.3178177151230563,-0.22842386689854197,-0.9642037997398595,0.5584518675118793,0.8736625013025863,-0.1718735188122101,1.0009910690058206,0.25489974705054397,1.2368533071859413,-1.0977194109733543,0.6130958528832952
Duke University,Yes,13789,3893,1583,90,98,6188,53,18590,5950,625,1162,95.0,96,5.0,44,27206,97,6.846971939492797,6.272105039046555,4.41035662553468,8.47661729956047,3.9030835419790995,4.861748707197349,82.27245494556422,10.004808147407685,9.269263631054404,4486.687340503674,59647.28650004573,2.737587287114163,10.529353363432348,1.839206072453065,0.2823264921314091,High,2,1,1.8639370369675161,1.162920541388056,1.2329952462056044,2.453520190826315,1.0875536411366784,-1.0693583210092592,1.7646674235862096,0.604097468456553,-0.07630959313562337,1.6329424732160491,1.2631079470739583,-2.6737361005777416,1.5335164968912367,2.2744789398668472,-3.1590388318610825,1.8145208041217669,0.6130958528832952
Earlham College,Yes,1358,1006,274,35,63,1028,13,15036,4056,600,600,90.0,94,10.6,46,14634,78,5.59502494418553,5.477529195312989,3.761235824570413,5.811354652879335,3.5755974708022524,2.919277627428197,76.28603146010666,9.911870086910547,8.18162464989385,4027.0838434683237,56445.99688283852,5.28453802129421,10.78932967832484,1.8362833098481475,0.7407952871870398,Medium,1,1,-0.1600320745665356,-0.16394276896450427,-0.5481146611237961,0.6254462220634173,-0.6466676188656374,-1.7590097315881188,1.1245479145087682,0.450010288926062,-1.4057817650474291,1.2010242141140972,1.0650292563104273,-0.8731797768392634,1.6439116764017525,1.2517826690512244,-0.040438965863582074,0.3584006965742063,0.6130958528832952
East Carolina University,No,9274,6362,2435,14,44,13171,1687,7248,3240,500,1700,74.0,78,13.2,18,9002,58,6.647606481724191,6.54234232002219,4.544725655705725,3.7757494643672955,4.006906303548824,10.969304583135997,58.730036943646255,9.502670860800531,9.919921665567582,2723.085158261725,34618.54631426671,6.276560578554963,6.329097661694977,1.8331989734249847,0.6860038818201424,Low,0,0,1.5416314362168455,1.6141901540296393,1.601687807775612,-0.7707527080612918,1.6373530257008468,1.0990572445552307,-0.7526889061976992,-0.22842386689854197,0.7190202592323733,-0.024425212660713208,-0.28553671812966114,-0.1718735188122101,-0.25006129701322827,0.17255052320325698,-0.4131414731613521,-1.0977194109733543,-1.6310663255951814
East Tennessee State University,No,3330,2730,1303,15,36,6706,2640,5800,3000,600,2200,73.0,75,14.0,9,9825,42,6.105019946608376,6.070971320065334,4.346639609594861,3.912896621040344,3.9149628011718822,11.92348112660582,54.18804744979273,9.911870086910547,10.37136003078452,2650.022148392148,31237.605304478584,6.566038151310228,4.135098422421764,1.8338158253046817,0.8198198198198198,Low,0,0,0.6644550129936181,0.8270470633611648,1.0581633687071603,-0.676685000581864,1.1504609390598222,1.4378263546844932,-1.2383572008152146,0.450010288926062,1.2708345600115423,-0.09308710977675971,-0.4947312768374728,0.0327714581047688,-1.1817113204611744,0.38839156207185327,0.49710230092906615,-1.0977194109733543,-1.6310663255951814
East Texas Baptist University,Yes,379,341,265,10,36,1050,151,4950,2780,530,1500,75.0,62,15.7,7,5619,38,4.808724941944361,4.785698128845385,3.7470992565651544,3.140658651142298,3.5802550523452426,6.494715179609128,51.16352739325364,9.632410098317434,9.703857838201385,2797.1408339686877,18969.870093350863,7.160596602002433,3.513908539388445,1.829322876586976,0.899736147757256,Low,0,1,-1.4312096267317456,-1.3192324323710807,-0.5869037143976995,-1.2063544244260114,-0.6220031288523018,-0.4895928651134602,-1.5617647075660834,-0.01332196917783784,0.45491530270202957,0.04516955486019143,-1.253793161208231,0.4530921042246257,-1.4454906138784915,-1.1837244526987265,1.0407097444115818,-1.0977194109733543,0.6130958528832952
Eastern College,Yes,458,369,165,16,42,1057,355,11190,4800,450,1230,60.0,60,13.6,22,8135,54,4.930098847963444,4.837958130252254,3.538546952756802,4.043409132038042,3.5817121371863747,7.959120797141329,68.64493180786754,9.270525807002555,9.365357091336133,1790.5445158830128,17408.082037358414,6.422128545636341,7.119694928162363,1.8324474345983375,0.8056768558951966,Medium,1,1,-1.234989628880663,-1.2319633830882297,-1.1591463138609004,-0.5871679226871698,-0.6142870525622848,0.030327050456511274,0.30749630262647565,-0.6133100630418952,0.0411499532397308,-0.9007921972379641,-1.3504282584260159,-0.0689648444728493,0.08565438996495688,-0.09041847540515911,0.400898925964832,0.3584006965742063,0.6130958528832952
Eastern Connecticut State University,No,2172,1493,564,14,50,2766,1531,5962,4316,650,500,71.0,76,16.9,14,5719,50,5.866254108064478,5.717200452713811,4.04973062355749,3.7757494643672955,3.7718726121121073,10.76806985052722,54.73082276214723,10.094559934711176,7.890855810096345,2506.874201393403,32340.751369602982,7.56525823478441,5.443683341838181,1.8294864754509714,0.6873848987108656,Low,0,0,0.2784525033715788,0.23628459825187115,0.24348059191012,-0.7707527080612918,0.39271864158296893,1.0276112299161886,-1.1803190303904636,0.7529019484450437,-1.7612021643396472,-0.2276122220975675,-0.4264744945937568,0.7391659776222961,-0.6260396734364524,-1.1264799991682601,-0.4037475097405108,-1.0977194109733543,-1.6310663255951814
Eastern Illinois University,No,5597,4253,1565,12,38,9161,845,5710,3066,120,1730,62.0,71,16.2,5,5682,76,6.385212119901164,6.321457463318646,4.406665660102395,3.4779670941379464,3.959137769199077,9.576677048713394,53.882194226397004,6.609677590402077,9.950279110540224,1911.850540404655,27058.81466023696,7.330620142373578,2.8029031764133614,1.8294264613660576,0.7598713596569591,Low,0,0,1.1174297045451675,1.2453342235557567,1.2228676781330863,-0.9749983196713342,1.3843920141659563,0.6046212894831752,-1.2710616387296763,-5.024878312492612,0.7561275889626914,-0.7867933106586992,-0.7532925064547982,0.5732895453024277,-1.747408750963526,-1.1474793717257652,0.0893204369355337,-1.0977194109733543,-1.6310663255951814
Eastern Mennonite College,Yes,486,440,227,19,48,903,59,9650,3800,600,1300,46.0,65,11.4,29,10188,82,4.967791703529889,4.953460280956843,3.680629920666159,4.401674224577899,3.546606896928418,5.021358517260352,65.09729823314862,9.911870086910547,9.45926910861573,1052.6242441965287,21470.19703315302,5.598967634870062,8.343335916108645,1.8340631909845053,0.9053497942386831,Medium,1,1,-1.174053202915382,-1.0390861804330218,-0.7692876289594262,-0.3414378853851846,-0.8001888644288471,-1.0126907434074062,-0.07184696765039267,0.450010288926062,0.1559430194537629,-1.5942622016194825,-1.0990862943084903,-0.6508950575092252,0.6052558258750537,0.4749466445331425,1.0788949324844401,0.3584006965742063,0.6130958528832952
Eastern Nazarene College,Yes,516,409,200,17,40,1238,30,8770,3500,450,700,58.0,58,17.3,17,6430,70,5.005672615030581,4.905681221099401,3.6250603630130502,4.167994170464725,3.6157586379567714,4.042514495345579,62.900211495271705,9.270525807002555,8.430546202210584,1673.2103108531687,15928.406042687022,7.697636960923032,6.117876942980019,1.8305344427455033,0.7926356589147286,Low,0,1,-1.112812754971866,-1.1188724991689287,-0.9217638545476934,-0.5017164322200872,-0.43399185633446546,-1.36021775036312,-0.30677823963053263,-0.6133100630418952,-1.101513269226264,-1.0110585156983387,-1.4419827001745347,0.8327505724393903,-0.3397531182413292,-0.7597884853753779,0.31218999834676087,-1.0977194109733543,0.6130958528832952
Eckerd College,Yes,1422,1109,366,33,65,1363,23,15360,4080,600,1000,82.0,89,12.8,26,15003,59,5.622038139994381,5.537322464141581,3.8807831663637535,5.665746738617808,3.6359110861858244,3.6755164054749305,76.86802342218535,9.911870086910547,9.01750885336023,3343.323684287649,48914.209492885086,6.129263988156606,7.8398782563579585,1.8364205687412116,0.779887482419128,High,2,1,-0.11636099733573237,-0.06409390590076829,-0.2200910412571849,0.5255753751737814,-0.3272734116863364,-1.4905160868454934,1.1867794639402152,0.450010288926062,-0.38404127330500104,0.5584518675118793,0.5990025096854961,-0.27600423628062626,0.3914698171492021,1.2998105717747674,0.2254742568619589,1.8145208041217669,0.6130958528832952
Elizabethtown College,Yes,2417,1843,426,36,70,1476,299,14190,4400,500,750,65.0,68,12.8,25,9815,81,5.926679353618593,5.842361184190119,3.9413765092188378,5.881850116998911,3.652280723940627,7.655020333592709,74.7265077777684,9.502670860800531,8.542878851701946,2101.2563449237364,24164.67508092954,6.129263988156606,7.665481401085836,1.8338088117983853,0.7625155151013653,Medium,1,1,0.37613941105761345,0.4452906784171867,-0.05383014942152394,0.6737982758594397,-0.24058705671893563,-0.07764022680607473,0.9577903277195831,-0.22842386689854197,-0.9642037997398595,-0.6087967856553352,-0.9323663945762501,-0.27600423628062626,0.3174147165843801,0.38593748430221303,0.10730653087154783,0.3584006965742063,0.6130958528832952
Elmira College,Yes,1457,1045,345,27,50,1109,502,14990,4980,450,550,77.0,98,21.5,21,7502,64,5.636264224257265,5.500908864921163,3.8568131229256117,5.185399347607472,3.592180817649811,8.588810999306597,76.20273753732337,9.270525807002555,8.042368215839243,2948.2301091785516,62958.47816557827,9.022333886447807,6.929403951155235,1.831815896481215,0.7172271791352093,Medium,1,1,-0.09336229592578138,-0.1249010260573886,-0.28586197600980673,0.19611044886994475,-0.5588495551486681,0.25389111824308214,1.1156414171500877,-0.6133100630418952,-1.5760014399966686,0.18715763184081718,1.4679867891663476,1.769239603923712,0.0048500806392386695,-0.31139833746182793,-0.20075412668785325,0.3584006965742063,0.6130958528832952
Elms College,Yes,245,208,125,23,46,544,436,11800,4765,450,1700,71.0,71,11.3,21,8952,86,4.5225107467531,4.451654568746274,3.409095536699648,4.818997178837589,3.425088904345178,8.33003301199297,69.96129428214628,9.270525807002555,9.919921665567582,2506.874201393403,27058.81466023696,5.560145089438339,6.929403951155235,1.8331587019447058,0.8489795918367347,Medium,1,1,-1.893919863284145,-1.877052239568345,-1.514345529961679,-0.055200718403029835,-1.4436943590392006,0.16201505077606465,0.44825301702368187,-0.6133100630418952,0.7190202592323733,-0.2276122220975675,-0.7532925064547982,-0.678340495986942,0.0048500806392386695,0.1584592341494601,0.6954531201891513,0.3584006965742063,0.6130958528832952
Elon College,Yes,3624,2786,858,11,39,2933,334,9100,3883,490,1777,70.0,74,18.9,34,6329,63,6.151407912740549,6.082615326148066,4.20326410798014,3.3150176007474266,3.782222200688078,7.850516441323544,63.74038556066612,9.457914103976202,9.9968728057048,2436.7893025328367,30158.03455349912,8.215644031739009,9.126046493076482,1.8303967071878493,0.7687637969094923,Medium,1,1,0.7394484519733268,0.8464914053689743,0.664758125777101,-1.086763562568219,0.44752548108068063,-0.008231643139918183,-0.21693965544310542,-0.3026285833204569,0.8130812493047912,-0.29347540133892097,-0.5615293446508958,1.1989535360782697,0.9376225443004441,-0.8079831765673368,0.14980864010926592,0.3584006965742063,0.6130958528832952
Embry Riddle Aeronautical University,Yes,3151,2584,958,14,40,4772,856,7800,3750,570,3020,37.0,43,16.5,4,12878,44,6.074569518848902,6.0393695179573745,4.24199254457813,3.7757494643672955,3.863230631223731,9.601865837157698,60.30359854778309,9.79577979342351,10.937978058446772,681.0512669679903,7271.789877455898,7.43165335007073,2.399320130769619,1.835548858350043,0.8200571247223104,Low,0,1,0.6152271100159455,0.7742751699179325,0.7710243277191569,-0.7707527080612918,0.8765102680351308,0.6135642712666933,-0.5844302649588907,0.2575377346399167,1.963438367827177,-1.9434526548886744,-1.9776078392543555,0.6447145550544336,-1.9187844502831575,0.9947926531865645,0.4987164981112714,-1.0977194109733543,0.6130958528832952
Emory & Henry College,Yes,765,646,226,30,60,809,32,8578,4408,700,1600,79.0,88,13.9,51,8061,82,5.250580126445524,5.200612980403905,3.678710633922248,5.434512156192033,3.5213767352314016,4.133121168004016,62.40179456321771,10.265383834059623,9.81501796881166,3103.2898290035896,47487.224979564795,6.530212562649016,11.414537756392667,1.8323775706703036,0.8444444444444444,Low,0,1,-0.716881265743873,-0.6263655427026067,-0.7745539224282342,0.3669741501362814,-0.9337966317791527,-1.3280489215668767,-0.360073233317051,1.036120392064417,0.5907915473312447,0.33287698488245776,0.5107083351693819,0.007444705863380859,1.9093972381855786,-0.11486438098249266,0.664604106685061,-1.0977194109733543,0.6130958528832952
Emory University,Yes,8506,4168,1236,76,97,5544,192,17600,6000,600,870,97.0,98,5.0,28,28457,96,6.603379932312978,6.310219272996271,4.329028862536259,7.9507514375752795,3.886503817483583,6.893806353709149,80.68643950175372,9.911870086910547,8.786486228653422,4677.47509485812,62958.47816557827,2.737587287114163,8.178628549458342,1.8393822282224896,0.4900070538443452,High,2,1,1.4701322671197867,1.2265675538525194,1.009841583278388,2.0928346521784613,0.9997547597925645,-0.34790025818910786,1.5950771114829194,0.450010288926062,-0.6664310698733421,1.8122377032356005,1.4679867891663476,-2.6737361005777416,0.5353152264185853,2.336117147557795,-1.746352562014387,1.8145208041217669,0.6130958528832952
Emporia State University,No,1256,1256,853,43,79,3957,588,5401,3144,450,1888,72.0,75,19.3,4,5527,50,5.549013435939321,5.613083458358869,4.201192560519268,6.338439565826767,3.833074693336377,8.88343068656817,52.80735078253617,9.270525807002555,10.102536533558135,2577.9518231023017,31237.605304478584,8.342440398897194,2.399320130769619,1.829168351238089,1.0,Low,0,0,-0.23441691019814834,0.06241948407394541,0.6590740470962431,0.9869678941908152,0.7168177705447047,0.3584923578807879,-1.3859930763886872,-0.6133100630418952,0.9422389828861828,-0.1608161188745901,-0.4947312768374728,1.2885917052230043,-1.9187844502831575,-1.237794016127305,1.7227252698753677,-1.0977194109733543,-1.6310663255951814
Erskine College,Yes,659,557,167,47,74,532,35,10485,3840,475,1246,76.0,80,13.5,47,7527,67,5.158649115846785,5.106000261986823,3.5440406992492552,6.57495971719884,3.4194255888386214,4.259891121389493,67.06347389384479,9.389262578036165,9.387251134969171,2872.1891570226703,36992.96354026978,6.385894684619047,10.917107557167562,1.8318423828446002,0.8452200303490136,Medium,1,1,-0.865502195017552,-0.784359453227829,-1.1440721299932306,1.1491944321080274,-1.473684770900924,-1.283040747143142,0.1383933205187036,-0.41644976643940557,0.0679120703070027,0.11569717540939685,-0.13862047133804148,-0.09458022317358943,1.6981707033371423,-0.3021305628516218,0.6698798029246827,0.3584006965742063,0.6130958528832952
Eureka College,Yes,560,454,113,36,56,484,16,10955,3450,330,670,62.0,87,10.6,31,9552,53,5.057154152278642,4.97386943876453,3.360651527403928,5.881850116998911,3.395109455142189,3.189575270591066,68.1252411165081,8.605071569254324,8.359524898410838,1911.850540404655,46086.272753520185,5.28453802129421,8.664190735529143,1.833620310437038,0.8107142857142857,Medium,1,1,-1.0295847576245885,-1.0050048993271548,-1.6472701023666765,0.6737982758594397,-1.6024522505860053,-1.6630437463928247,0.2519265369670241,-1.7166036550616584,-1.1883259420434023,-0.7867933106586992,0.4240248994484804,-0.8731797768392634,0.7415021812454939,0.31997946261099497,0.4351645687483873,0.3584006965742063,0.6130958528832952
Evergreen State College,No,1801,1101,438,14,50,3065,363,6297,4600,600,1323,75.0,78,18.1,14,8355,68,5.7592030851163,5.532895509190952,3.9523125743928875,3.7757494643672955,3.7899074480031247,7.998975730785187,55.82325030216906,9.911870086910547,9.489105392379136,2797.1408339686877,34618.54631426671,7.958870720536977,5.443683341838181,1.8326494779273428,0.6113270405330372,Low,0,0,0.10538769741942447,-0.07148648415103545,-0.023822893453505273,-0.7707527080612918,0.48822314872264966,0.044477073842846375,-1.0635073510429904,0.450010288926062,0.19241330937881276,0.04516955486019143,-0.28553671812966114,1.0174287020688955,-0.6260396734364524,-0.019722018987778266,-0.9211088413719284,-1.0977194109733543,-1.6310663255951814
Fairfield University,Yes,4784,3346,781,30,66,2984,1037,15000,6200,700,1100,86.0,90,15.1,30,11220,94,6.301647801123265,6.186900612338892,4.169709610810634,5.434512156192033,3.7852405266659,9.979237491876606,76.22085917283181,10.265383834059623,9.176997673903145,3677.2640912751194,50367.40936643958,6.953758067641122,8.505142557374741,1.834697888799895,0.6994147157190636,Medium,1,1,0.9823348477606416,1.0206375503185074,0.5726885953364126,0.3669741501362814,0.46350919929362894,0.7475456194061483,1.1175791371349033,1.036120392064417,-0.1890906028016409,0.87227663203218,0.6889187505729792,0.30686845488617326,0.673964674278998,0.6970321084027621,-0.3219181985325619,0.3584006965742063,0.6130958528832952
Fayetteville State University,No,1455,1064,452,1,16,2632,617,6806,2550,350,766,75.0,75,15.1,10,6972,24,5.635461236303182,5.5119629132181,3.9646425817117357,0.0,3.7630017169213215,8.974046255539685,57.41231101659019,8.729291720840871,8.577362759321034,2797.1408339686877,31237.605304478584,6.953758067641122,4.420803225514992,1.8312203313413569,0.7312714776632302,Low,0,0,-0.0946604521752793,-0.10644185537941771,0.01000917318250654,-3.3604972185977373,0.3457423076588139,0.3906643452078981,-0.8935914126065444,-1.5106521568656046,-0.9220525010530148,0.04516955486019143,-0.4947312768374728,0.30686845488617326,-1.0603909108017935,-0.519790988488611,-0.1052218942221728,-1.0977194109733543,-1.6310663255951814
Ferrum College,Yes,1339,1107,336,12,36,1051,82,9400,4200,500,1600,53.0,58,12.5,9,7967,22,5.586741588201136,5.536218937032822,3.8460195507069965,3.4779670941379464,3.580463930574691,5.5219662118910735,64.48699058895528,9.502670860800531,9.81501796881166,1397.2527513082268,15928.406042687022,6.017611906998858,4.135098422421764,1.832287385775208,0.8267363704256908,Medium,1,1,-0.17342342157651053,-0.06593668735975591,-0.3154782483361486,-0.9749983196713342,-0.6208970022162605,-0.8349558950771351,-0.13710627156303443,-0.22842386689854197,0.5907915473312447,-1.27039315843607,-1.4419827001745347,-0.3549362148576937,-1.1817113204611744,-0.1464207433579353,0.5441501131798804,0.3584006965742063,0.6130958528832952
Flagler College,Yes,1415,714,338,18,52,1345,44,5120,3200,500,2140,52.0,60,18.1,9,3930,69,5.6191478241087225,5.263938273862225,3.8484467163437888,4.287247085802575,3.633151007604524,4.588761724271104,51.79426436042097,9.502670860800531,10.322530915362986,1345.040514947662,17408.082037358414,7.958870720536977,4.135098422421764,1.8256469859567914,0.5045936395759717,Low,0,1,-0.12103364729381932,-0.5206185467804301,-0.3088183958772562,-0.4199221856006509,-0.3418895660093807,-1.1662791245185324,-1.494320926022572,-0.22842386689854197,1.2111484405762758,-1.3194602747181297,-1.3504282584260159,1.0174287020688955,-1.1817113204611744,-2.469945794483665,-1.6471315794773056,-1.0977194109733543,0.6130958528832952
Florida Institute of Technology,Yes,1947,1580,523,39,74,1863,233,13900,4140,750,1500,90.0,90,10.6,7,8923,57,5.803932065056946,5.751041275609182,4.0210459068068785,6.0849584643019385,3.698539501808587,7.22231897116942,74.17789413409939,10.425882498985677,9.703857838201385,4027.0838434683237,50367.40936643958,5.28453802129421,3.513908539388445,1.8331351852393891,0.8115048793014895,Medium,1,1,0.177699124444396,0.2927954356327558,0.16477315699575976,0.813108029442438,0.004378952833937397,-0.23126573405948517,0.8991278730650316,1.3022200552656582,0.45491530270202957,1.2010242141140972,0.6889187505729792,-0.8731797768392634,-1.4454906138784915,0.1502305648799366,0.4405423503590487,0.3584006965742063,0.6130958528832952
Florida International University,No,3306,2079,1071,42,89,10208,9310,6597,2494,800,3028,81.0,96,13.9,20,6722,66,6.101040618179411,5.913140272902023,4.2805009270701975,6.276768658259247,3.9737735361511977,14.846903902770135,56.769602072610276,10.577309512175834,10.942765890592561,3262.3198521504246,59647.28650004573,6.530212562649016,6.734445050971812,1.8309145615411178,0.6288566243194192,Low,0,0,0.6580218030773325,0.5634847774357644,0.8766867274912251,0.9446685054628217,1.4618965569197777,2.4757530771454985,-0.9623153401234525,1.5532793225065122,1.9692907597622467,0.4823274812028567,1.2631079470739583,0.007444705863380859,-0.07793639470495539,-0.6267821050118765,-0.8018689754600737,-1.0977194109733543,-1.6310663255951814
Florida Southern College,Yes,1381,1040,374,20,44,1506,970,8025,4865,400,650,65.0,74,17.4,10,6339,68,5.604887243079394,5.497964137592792,3.8895003109656816,4.511710153177958,3.656371412994494,9.847023231540101,60.924012056022214,9.014694833976261,8.310522585532489,2101.2563449237364,30158.03455349912,7.730544699247318,4.420803225514992,1.8304104951206799,0.7530774800868936,Low,0,1,-0.14408811814927763,-0.12981843033266677,-0.1961722381760743,-0.2659654673280361,-0.21892457837357734,0.7006045081127189,-0.5180903557821034,-1.0374664620381557,-1.248223768858662,-0.6087967856553352,-0.5615293446508958,0.8560145624116187,-1.0603909108017935,-0.8031586768066091,0.04310705852176721,-1.0977194109733543,0.6130958528832952
Florida State University,No,11651,8683,3023,50,90,18906,3242,6680,4060,600,1020,80.0,89,23.1,15,7250,58,6.763003373348336,6.708711959533924,4.608938582261102,6.742710203651236,4.050852623175678,12.375473767333187,57.02641883941929,9.911870086910547,9.050553359743759,3182.3085613523126,48914.209492885086,9.499875213037079,5.675799188389897,1.8315410948166448,0.7452579177752983,Low,0,0,1.7281886507712754,1.8920110472340435,1.777880404741385,1.2642526226817787,1.8700732800978384,1.5983010024130646,-0.9348542988035402,0.450010288926062,-0.3436494223025782,0.4071358482998492,0.5990025096854961,2.10683547646955,-0.5274750385853566,-0.4075534740770942,-0.010083226706131928,-1.0977194109733543,-1.6310663255951814
Fontbonne College,Yes,291,245,126,16,49,981,337,8390,4100,350,1500,45.0,55,21.5,24,4607,62,4.636492089098325,4.563571466872155,3.4128883288031564,4.043409132038042,3.5652273524973728,7.86640180398549,61.90661259631305,8.729291720840871,9.703857838201385,1007.3646531093469,13859.108607277798,9.022333886447807,7.487471891197417,1.8273692649694975,0.8419243986254296,Low,0,1,-1.7096511066493612,-1.6901620551978638,-1.5039385616717023,-0.5871679226871698,-0.7015831747194612,-0.0025917327796207224,-0.4130223169107896,-1.5106521568656046,0.45491530270202957,-1.6367954806657434,-1.5700197651757861,1.769239603923712,0.2418255545223002,-1.8673076190003053,0.6474622321709324,-1.0977194109733543,0.6130958528832952
Fordham University,Yes,4200,2874,942,30,55,4740,1646,14235,6965,600,1735,86.0,97,14.4,14,10864,80,6.23159418841702,6.100416207903606,4.236118163847047,5.434512156192033,3.8621684097754194,10.918095528880432,74.81097581829819,9.911870086910547,9.955291232161452,3677.2640912751194,61289.05591242347,6.708354885340432,5.443683341838181,1.8344894696062277,0.6842857142857143,Medium,1,1,0.8690821710896061,0.8762171226552781,0.75490572898682,0.3669741501362814,0.8708852134736583,1.0808760747712476,0.9668223717719304,0.450010288926062,0.7622541404499774,0.87227663203218,1.3646918631281069,0.13338168663923877,-0.6260396734364524,0.6241046897436673,-0.42482880521189775,0.3584006965742063,0.6130958528832952
Fort Lewis College,No,3440,2823,1123,16,35,3793,486,6198,3320,500,2500,89.0,97,19.1,6,4362,46,6.122872872463245,6.0901720873466125,4.2966762100197,4.043409132038042,3.8260865580444374,8.529025602372544,55.50446964456864,9.502670860800531,10.598401182873939,3938.140272384894,61289.05591242347,8.279171502485475,3.171990682507586,1.8267937524725342,0.8206395348837209,Low,0,0,0.6933170739404504,0.8591104514405646,0.921069770943874,-0.5871679226871698,0.679811699576545,0.23266501930291825,-1.0975941005925787,-0.22842386689854197,1.5483576157405647,1.1174383566772665,1.3646918631281069,1.2438640196807278,-1.5906810832634517,-2.0686837018412056,0.5026781728662783,-1.0977194109733543,-1.6310663255951814
Francis Marion University,No,1801,1655,819,13,38,3224,436,5840,3138,400,2430,76.0,76,19.1,8,5039,43,5.7592030851163,5.77865103963647,4.186723886965065,3.631117880323472,3.7986462220796726,8.33003301199297,54.32298230120685,9.014694833976261,10.547775917349597,2872.1891570226703,32340.751369602982,8.279171502485475,3.833720635194582,1.8282771104222297,0.9189339255968906,Low,0,0,0.10538769741942447,0.33890101911382625,0.6193737358829451,-0.8699539009271027,0.5344998277137465,0.16201505077606465,-1.2239288144749447,-1.0374664620381557,1.4864759777374452,0.11569717540939685,-0.4264744945937568,1.2438640196807278,-1.3096870359996657,-1.5496457748860788,1.1712970123866457,-1.0977194109733543,-1.6310663255951814
Franciscan University of Steubenville,Yes,553,452,228,22,49,1301,242,9650,4400,600,1000,57.0,69,14.9,8,6336,83,5.0492606748949935,4.9709954084378225,3.6825394782115644,4.72006404693986,3.626210378208226,7.287386581756567,65.09729823314862,9.911870086910547,9.01750885336023,1616.0326987995059,25106.93423290231,6.88410362834028,3.833720635194582,1.8304063622633524,0.8173598553345389,Medium,1,1,-1.0423458045914178,-1.009804246580691,-0.7640480312486693,-0.12305785184375591,-0.3786440667843372,-0.20816424756026025,-0.07184696765039267,0.450010288926062,-0.38404127330500104,-1.064791907235012,-0.8740644345850307,0.25762653611778186,-1.3096870359996657,-0.8046047941784108,0.48036911211253047,0.3584006965742063,0.6130958528832952
Franklin College,Yes,804,632,281,29,72,840,68,10390,4040,525,1345,54.0,78,12.5,37,11751,60,5.281003546391002,5.186690453162178,3.7718655513710315,5.353618702746615,3.5300756632693875,5.235266302776762,66.84508328965734,9.611239042489787,9.517198366017263,1450.45811339991,34618.54631426671,6.017611906998858,9.567248268196495,1.8349905035123892,0.7860696517412935,Medium,1,1,-0.6676970251428846,-0.6496147903737035,-0.5189479610447629,0.3114902312545731,-0.8877309597690635,-0.9367453110395152,0.11504113257556982,-0.048422640127014555,0.22675266952043785,-1.2203927395581404,-0.28553671812966114,-0.3549362148576937,1.1249724926404445,0.7994201623453255,0.2675266552533039,0.3584006965742063,0.6130958528832952
Franklin Pierce College,Yes,5187,4471,446,3,14,1818,1197,13320,4630,500,800,50.0,56,17.6,16,6418,51,6.344829340453694,6.349215463388,3.9594130028768575,1.2693752740102677,3.693791622247001,10.266239656881616,73.05769537982229,9.502670860800531,8.648479600106288,1243.5955249411834,14529.133571585424,7.796140014934541,5.900304933741678,1.8305182532009843,0.861962598804704,Medium,1,1,1.0521445937969205,1.2916873466103502,-0.004340166201048984,-2.4898468540270966,-0.020763715512363775,0.8494423477519902,0.7793466583883674,-0.22842386689854197,-0.835123048894733,-1.414794500329653,-1.5285622016377773,0.9023869004718892,-0.4321419230686565,-0.765453326843485,0.7837662272690803,0.3584006965742063,0.6130958528832952
Freed-Hardeman University,Yes,895,548,314,20,54,1174,50,5500,3340,600,1600,68.0,76,16.1,13,6078,62,5.346230859401502,5.095542793800565,3.8181671777089026,4.511710153177958,3.6044557536954405,4.775735634027904,53.15601580812797,9.911870086910547,9.81501796881166,2299.597751802593,32340.751369602982,7.296780800241798,5.203164536960752,1.8300392480332437,0.6122905027932961,Low,0,1,-0.5622468205763451,-0.801822393946397,-0.39190183145942287,-0.2659654673280361,-0.49384692777278794,-1.0998962465708486,-1.3487108350710673,0.450010288926062,0.5907915473312447,-0.42240291415622744,-0.4264744945937568,0.5493669618582913,-0.7281725029254713,-0.9330607808068978,-0.9145551711807598,-1.0977194109733543,0.6130958528832952
Fresno Pacific College,Yes,346,274,146,51,87,704,63,9900,3670,630,1818,59.0,59,10.5,14,8095,54,4.7497196337675875,4.639307909055427,3.482183812199494,6.796963010362023,3.4885898930727057,5.11982162968427,65.69731106546233,10.023005814993539,10.036595647281144,1731.3809243997205,16658.086300281702,5.2445943428256845,5.443683341838181,1.8324097925629614,0.791907514450867,Medium,1,1,-1.5266009824472702,-1.5636896646990175,-1.3138000361044238,1.301464018640753,-1.107421233630526,-0.9777325784800756,-0.007688472917462823,0.6342683936656499,0.8616363428420418,-0.9563919383202588,-1.3968339859427865,-0.9014177956963633,-0.6260396734364524,-0.10358970222331253,0.30723700862987063,0.3584006965742063,0.6130958528832952
Furman University,Yes,2161,1951,685,56,82,2371,175,13440,4048,600,1250,92.0,95,13.5,28,12940,82,5.863371716024476,5.875887582756033,4.12208912393978,7.056958567922015,3.7440297273545595,6.738656601896011,73.29205031951832,9.911870086910547,9.392683958613311,4207.948159114593,58032.99277532507,6.385894684619047,8.178628549458342,1.8355773830221953,0.9028227672373901,Medium,1,1,0.27379266355554605,0.5012764581715048,0.44202367005358095,1.479792076238102,0.2452750495156322,-0.4029843447957442,0.8044058893820516,0.450010288926062,0.07455286562134684,1.37099376580703,1.1632240797157132,-0.09458022317358943,0.5353152264185853,1.0047736471226858,1.0617055705200162,0.3584006965742063,0.6130958528832952
Gannon University,Yes,2464,1908,678,24,57,2693,691,10970,4280,500,1380,47.0,51,13.3,18,7711,65,5.937517117114314,5.862782908736671,4.1183190384272415,4.914783971046612,3.7671065931145513,9.188958514680486,68.15863034996528,9.502670860800531,9.561026649465122,1098.877156259179,11371.299132786136,6.31311179805378,6.329097661694977,1.832033233931598,0.7743506493506493,Medium,1,1,0.3936603593371112,0.4793929447378233,0.43167900593576713,0.010498375683124296,0.3674799148138137,0.4669664040703431,0.25549679887398696,-0.22842386689854197,0.28032603733446737,-1.5507954364939793,-1.723952118227403,-0.14603378484101692,-0.25006129701322827,-0.23535035476176858,0.18781156956104283,0.3584006965742063,0.6130958528832952
Gardner Webb University,Yes,1110,930,332,18,36,1603,374,8180,4270,500,500,65.0,58,15.2,12,5664,29,5.475651604135716,5.429045463494563,3.841114829860825,4.287247085802575,3.6689477908193546,8.05250296374058,61.34479249912405,9.502670860800531,7.890855810096345,2101.2563449237364,15928.406042687022,6.988450466626353,4.953303378471571,1.8293970470183893,0.8378378378378378,Low,0,1,-0.35301784305921613,-0.24490582039149214,-0.3289362162195132,-0.4199221856006509,-0.15232564877844101,0.06348128558969865,-0.473096918327829,-0.22842386689854197,-1.7612021643396472,-0.6087967856553352,-1.4419827001745347,0.3313941033568047,-0.8342724276648658,-1.1577716697106113,0.6196645978236965,-1.0977194109733543,0.6130958528832952
Geneva College,Yes,668,534,237,19,39,1306,258,9476,4820,500,1100,67.0,67,20.1,26,6786,74,5.16705161326489,5.0789046632752886,3.699302402071177,4.401674224577899,3.6270133819544674,7.397857917616572,64.67363996833812,9.502670860800531,9.176997673903145,2232.4911398680765,23244.601297193447,8.593003212888117,7.8398782563579585,1.8309944901235138,0.7994011976047904,Medium,1,1,-0.8519182371521349,-0.8296064313305598,-0.7180525713622925,-0.3414378853851846,-0.3743917144214137,-0.16894270475436288,-0.11714812637160345,-0.22842386689854197,-0.1890906028016409,-0.48546721020260253,-0.9892956425607811,1.4657260538268482,0.3914698171492021,-0.598814502370983,0.358210596214643,0.3584006965742063,0.6130958528832952
George Fox College,Yes,809,726,294,27,52,1271,43,12500,4130,400,1050,53.0,53,13.5,22,7136,52,5.284789005665428,5.27444078831833,3.7908192492327797,5.185399347607472,3.6213120876839233,4.555386229735778,71.41793260455245,9.014694833976261,9.099012089175943,1397.2527513082268,12577.188313886023,6.385894684619047,7.119694928162363,1.8314118900906964,0.8974042027194067,Medium,1,1,-0.6615772351892147,-0.503080383232979,-0.4669412790959802,0.19611044886994475,-0.4045832450046113,-1.178128699590605,0.604009222729325,-1.0374664620381557,-0.2844160430451073,-1.27039315843607,-1.6493381411244652,-0.09458022317358943,0.08565438996495688,-0.4527631641069743,1.02484737043765,0.3584006965742063,0.6130958528832952
George Mason University,No,5653,4326,1727,17,29,9528,3822,10800,4840,580,1050,93.0,96,19.3,7,6751,46,6.390480102798836,6.330918874471748,4.438245020005425,4.167994170464725,3.9644901021922365,12.744305957668482,67.77844806036023,9.835056399720902,9.099012089175943,4299.868873409913,59647.28650004573,8.342440398897194,3.513908539388445,1.8309509238974797,0.7652573854590483,Medium,1,0,1.1259462269737883,1.2611338472445695,1.3095176679452345,-0.5017164322200872,1.4127356003038125,1.7292505145992931,0.21484446260457613,0.32265660470801977,-0.2844160430451073,1.4573774316188435,1.2631079470739583,1.2885917052230043,-1.4454906138784915,-0.6140586473534033,0.12595730192133162,0.3584006965742063,-1.6310663255951814
George Washington University,Yes,7875,5062,1492,38,71,5471,1470,17450,6328,700,950,92.0,93,7.6,15,14745,72,6.563706080710611,6.417735725354547,4.391178087362644,6.018587232987885,3.884477108818498,10.684318506005281,80.44106316246867,10.265383834059623,8.932140965162741,4207.948159114593,54886.120254639376,4.012051107229865,5.675799188389897,1.836325155547782,0.6427936507936508,High,2,1,1.4059932496695562,1.4061094276944595,1.18037162931401,0.7675847409999096,0.9890222078944326,0.9978763043932327,1.5688393783482804,1.036120392064417,-0.48839044954759636,1.37099376580703,0.9685124280279964,-1.7727591559161155,-0.5274750385853566,1.26642478911047,-0.7070664297608223,1.8145208041217669,0.6130958528832952
Georgetown College,Yes,727,693,286,30,55,1063,48,8100,3950,550,550,73.0,76,13.3,28,7508,55,5.219290743277471,5.245096097726954,3.7792728899606325,5.434512156192033,3.582951743395811,4.715770976969228,61.128275564264285,9.715390024589627,8.042368215839243,2650.022148392148,32340.751369602982,6.31311179805378,8.178628549458342,1.8318222656059526,0.953232462173315,Low,0,1,-0.7674654720149617,-0.5520831230046666,-0.4986231091384874,0.3669741501362814,-0.6077226468313472,-1.1211859897006706,-0.49624875754970615,0.12425506576926057,-1.5760014399966686,-0.09308710977675971,-0.4264744945937568,-0.14603378484101692,0.5353152264185853,-0.30916973356955174,1.4046027743593197,-1.0977194109733543,0.6130958528832952
Georgetown University,Yes,11115,2881,1390,71,93,5881,406,18300,7131,670,1700,91.0,92,7.2,27,19635,95,6.739343804446316,6.1018070634669,4.368008520277122,7.7454549301539934,3.895455980797881,8.200522707752661,81.81372886043314,10.164219736877222,9.919921665567582,4117.019810783901,53353.18359977521,3.8285974958765663,8.010865648125515,1.8377913302735973,0.25919928025191186,High,2,1,1.6899392385921699,0.878539714301486,1.116797106015337,1.95202406393789,1.047161453722715,0.1160339471529203,1.7156165141194069,0.8683948087974331,0.7190202592323733,1.2855426885908192,0.8736625013025863,-1.902450930319904,0.46407713838160014,1.7794501788334152,-3.31635492544504,1.8145208041217669,0.6130958528832952
Georgia Institute of Technology,No,7837,4527,2276,89,99,8528,654,6489,4438,795,1164,92.0,92,19.3,33,11271,70,6.561208819229201,6.356112343844753,4.524238144094757,8.441156308247562,3.94926257824855,9.084243223297456,56.43223464784966,10.562544086340388,9.272163395178271,4207.948159114593,53353.18359977521,8.342440398897194,8.97452607649717,1.8347269129504677,0.5776445068265919,Low,0,0,1.4019560339401806,1.3032044569102976,1.5454725241910858,2.4291978917814623,1.3320973744842024,0.429788476860191,-0.9983895455051954,1.5287989017899586,-0.0727650753548461,1.37099376580703,0.8736625013025863,1.2885917052230043,0.8732815923383459,0.7071878735355033,-1.1502244240161756,-1.0977194109733543,-1.6310663255951814
Georgia State University,No,3793,2341,1238,9,24,7732,9054,6744,2655,720,3450,87.0,89,19.0,10,7762,34,6.176278330256834,5.982278501896793,4.329570365812936,2.9528188947255454,3.935495816666578,14.77821159017637,57.22301917591584,10.330746531345232,11.180060969242042,3763.230380637817,48914.209492885086,8.247440324781588,4.420803225514992,1.8320848949160877,0.617189559715265,Low,0,0,0.7796553912707552,0.6789388025227332,1.0113274035594622,-1.3351916215524642,1.2591946994756322,2.4513646830172093,-0.9138321123196836,1.1444888432390026,2.2593476711644858,0.9530645509285739,0.5990025096854961,1.2214317943896493,-1.0603909108017935,-0.21727379387532408,-0.8812307695527003,-1.0977194109733543,-1.6310663255951814
Georgian Court College,Yes,348,281,127,12,52,1095,785,9150,3950,500,800,56.0,59,12.2,27,7348,76,4.753464632984181,4.656304390196206,3.4166465530099983,3.4779670941379464,3.589422070137884,9.433848229242697,63.86593047607247,9.502670860800531,8.648479600106288,1559.8481122051853,16658.086300281702,5.904911098320331,8.010865648125515,1.831649687513956,0.8074712643678161,Medium,1,1,-1.520546602537006,-1.5353072171219169,-1.4936264435592836,-0.9749983196713342,-0.5734586607175545,0.553911604358295,-0.20351532122881122,-0.22842386689854197,-0.835123048894733,-1.1175920904074985,-1.3968339859427865,-0.4346095870330258,0.46407713838160014,-0.36955608544513735,0.41310486469524693,0.3584006965742063,0.6130958528832952
Gettysburg College,Yes,3596,2466,575,42,78,1944,46,19964,4328,500,500,94.0,95,12.1,32,14720,83,6.147167325748098,6.012398890127989,4.057018622924311,6.276768658259247,3.7067435406979836,4.653510883837945,84.38427515590156,9.502670860800531,7.890855810096345,4392.781938782297,58032.99277532507,5.8671049482622815,8.820611540394847,1.8363157732953903,0.685761957730812,High,2,1,0.7325928765219185,0.7292368808657111,0.2634779912502291,0.9446685054628217,0.04782391099276675,-1.1432907002922248,1.9904812704657098,-0.22842386689854197,-1.7612021643396472,1.5446936720354811,1.1632240797157132,-0.46133648899060975,0.8079240121706287,1.2631418695477716,-0.41478709101081895,1.8145208041217669,0.6130958528832952
Goldey Beacom College,Yes,633,468,284,10,27,823,963,6120,2985,531,1830,75.0,25,27.6,4,6081,36,5.133665162104506,4.993615896356529,3.776328017113851,3.140658651142298,3.5253546825804074,9.832738625774486,55.250946429116404,9.636623402268562,10.04806494511484,2797.1408339686877,1755.6606088122428,10.778308537398935,2.399320130769619,1.8300436543496115,0.7393364928909952,Low,0,1,-0.9058926834710643,-0.9720302622363232,-0.5067034883151151,-1.2063544244260114,-0.9127311835937538,0.6955329275788197,-1.124702967282222,-0.006336498221577824,0.8756558038630105,0.04516955486019143,-2.318916434934784,3.0106186457968533,-1.9187844502831575,-0.9315189780926513,-0.05036198733249245,-1.0977194109733543,0.6130958528832952
Gonzaga University,Yes,1886,1524,526,31,67,2523,296,13000,4450,600,2400,78.0,90,14.7,32,9553,69,5.785697099291773,5.729495200168916,4.023231461015134,5.5134261936560724,3.7553700133545913,7.6373174144759615,72.42589431615347,9.911870086910547,10.525664808960178,3025.263672430051,50367.40936643958,6.814084059463645,8.820611540394847,1.8336210422923445,0.8080593849416755,Medium,1,1,0.14821943592968106,0.2568156141855737,0.17077005656752842,0.4211004096393092,0.30532818400495076,-0.0839254391149651,0.7117890945620292,0.450010288926062,1.4594485322311326,0.2595509072328201,0.6889187505729792,0.2081264905007414,0.8079240121706287,0.3202355442001494,0.4171053828605142,0.3584006965742063,0.6130958528832952
Gordon College,Yes,674,565,282,25,54,1151,39,12200,4070,400,1200,73.0,82,14.2,32,9226,66,5.172586025654314,5.115145089967077,3.773359122047049,5.0076495594765635,3.6002090574348538,4.4144793694900715,70.8003917705344,9.014694833976261,9.32358530355288,2650.022148392148,39465.53223109407,6.6373917079764695,8.820611540394847,1.8333752425259138,0.8382789317507419,Medium,1,1,-0.8429709895700309,-0.7690884922211747,-0.514849781592803,0.07419384862799155,-0.5163355512229889,-1.2281560157966402,0.5379764844061541,-1.0374664620381557,-0.009909663407681455,-0.09308710977675971,0.01436886348154269,0.08321456089136182,0.8079240121706287,0.23422838642651672,0.6226650101363991,0.3584006965742063,0.6130958528832952
Goshen College,Yes,440,396,221,26,51,910,166,9420,3730,600,1230,51.0,56,9.9,46,10270,72,4.904537055719881,4.884479004437553,3.668964962740793,5.097794723902809,3.548356668996651,6.650931635508118,64.53620462370067,9.911870086910547,9.365357091336133,1293.8214305708966,14529.133571585424,5.001743657107565,10.78932967832484,1.8341171960554459,0.9,Medium,1,1,-1.27631428410197,-1.1542781103621447,-0.80129487953372,0.13602341304359422,-0.7909228461521509,-0.4341300578220526,-0.13184388679565756,0.450010288926062,0.0411499532397308,-1.3675940637330268,-1.5285622016377773,-1.0731000870048981,1.6439116764017525,0.4938434186204779,1.0425045221101708,0.3584006965742063,0.6130958528832952
Goucher College,Yes,1151,813,248,40,64,850,80,15588,6174,500,1200,78.0,90,9.2,34,16623,77,5.497254241905564,5.345436203075795,3.718820016395997,6.150076980026682,3.5327986803129434,5.483847081706926,77.27275798882482,9.502670860800531,9.32358530355288,3025.263672430051,50367.40936643958,4.711044876780013,9.126046493076482,1.8369666318885864,0.7063423110338836,High,2,1,-0.318093783384389,-0.3845250410490177,-0.6644985700273629,0.8577720942126082,-0.8733110669433524,-0.8484896419500415,1.2300571392889932,-0.22842386689854197,-0.009909663407681455,0.2595509072328201,0.6889187505729792,-1.2786083915816426,0.9376225443004441,1.4908821091998292,-0.27479525787994646,1.8145208041217669,0.6130958528832952
Grace College and Seminary,Yes,548,428,167,18,46,618,113,8958,3670,300,1000,53.0,59,15.3,26,9798,64,5.043556509005418,4.935405711472633,3.5440406992492552,4.287247085802575,3.4569468077585253,6.025537131757864,63.381349956623744,8.405836708794975,9.01750885336023,1397.2527513082268,16658.086300281702,7.023054080272134,7.8398782563579585,1.8337968635219228,0.781021897810219,Medium,1,1,-1.0515674853900794,-1.069235531211476,-1.1440721299932306,-0.4199221856006509,-1.2749890055565722,-0.6561689886311979,-0.2553308075490714,-2.046926211268621,-0.38404127330500104,-1.27039315843607,-1.3968339859427865,0.35585698539765914,0.3914698171492021,0.38175669392250156,0.23319078571800192,0.3584006965742063,0.6130958528832952
Graceland College,Yes,555,414,242,14,41,996,2281,9100,3100,550,880,51.0,61,23.6,24,5609,47,5.051526852864912,4.913644536578537,3.708300855341823,3.7757494643672955,3.5686015839119856,11.607397044930469,63.74038556066612,9.715390024589627,8.80535578811349,1293.8214305708966,18178.60612562006,9.646440835210852,7.487471891197417,1.8293062698054663,0.745945945945946,Medium,1,1,-1.0386821716823997,-1.1055745475367993,-0.6933618909108576,-0.7707527080612918,-0.683714738867027,1.3256044353677663,-0.21693965544310542,0.12425506576926057,-0.643365921756246,-1.3675940637330268,-1.3027523462610369,2.2104494389644347,0.2418255545223002,-1.1895352884784323,-0.005403116338916763,0.3584006965742063,0.6130958528832952
Grand Valley State University,No,5165,3887,1561,20,60,8234,2619,6108,3800,500,1000,64.0,66,20.6,9,5063,57,6.342566431647548,6.271241642957378,4.405838793356301,4.511710153177958,3.944367351403277,11.906092358832758,55.21175488973819,9.502670860800531,9.01750885336023,2037.1282036672906,22346.50996978621,8.747633729264866,4.135098422421764,1.8283240185263052,0.7525653436592449,Low,0,0,1.0484862460050195,1.161478755053792,1.220598854593119,-0.2659654673280361,1.3061744201518262,1.4316526780991279,-1.128893661276343,-0.22842386689854197,-0.38404127330500104,-0.6690620258234224,-1.0448647336429244,1.5750414600373785,-1.1817113204611744,-1.5332322820391697,0.03962340028403732,-1.0977194109733543,-1.6310663255951814
Green Mountain College,Yes,780,628,198,7,20,545,42,11750,2700,400,850,77.0,83,14.0,24,6475,76,5.262474407284755,5.182651906304868,3.6206035481380234,2.52477703580596,3.4255539682801333,4.521303780672907,69.8551007312238,9.014694833976261,8.74813681377624,2948.2301091785516,40739.09727963728,6.566038151310228,7.487471891197417,1.8305947411035493,0.8051282051282052,Medium,1,1,-0.697652291104569,-0.6563587654068787,-0.9339928219714014,-1.628780765874191,-1.4412315863161915,-1.1902292705164716,0.4368978959152568,-1.0374664620381557,-0.7133073594983343,0.18715763184081718,0.0931702615374012,0.0327714581047688,0.2418255545223002,-0.7386896435446417,0.39716688961498364,0.3584006965742063,0.6130958528832952
Greensboro College,Yes,608,494,176,10,31,649,314,8330,3770,550,1300,64.0,80,13.0,31,7949,39,5.108580517271497,5.028664917616362,3.5678566390056274,3.140658651142298,3.4689392687715643,7.7412033049056905,61.74704381345166,9.715390024589627,9.45926910861573,2037.1282036672906,36992.96354026978,6.203132952498875,8.664190735529143,1.8322699290118312,0.8125,Low,0,1,-0.9464459549003817,-0.9135018527204745,-1.0787240373278568,-1.2063544244260114,-1.2114822409060224,-0.04704198091561937,-0.4300847735173843,0.12425506576926057,0.1559430194537629,-0.6690620258234224,-0.13862047133804148,-0.22378287640524416,0.7415021812454939,-0.15252899408481965,0.447311367815623,-1.0977194109733543,0.6130958528832952
Greenville College,Yes,510,387,194,20,46,771,53,10310,4530,400,800,57.0,61,14.3,16,8222,60,4.99828891507906,4.869359462846596,3.611532045478154,4.511710153177958,3.51014252947782,4.861748707197349,66.66015626206304,9.014694833976261,8.648479600106288,1616.0326987995059,18178.60612562006,6.672921618566724,5.900304933741678,1.8325283293387014,0.7588235294117647,Medium,1,1,-1.1247496665877172,-1.179526253965561,-0.9588839412173978,-0.2659654673280361,-0.9932880122433339,-1.0693583210092592,0.09526715594221359,-1.0374664620381557,-0.835123048894733,-1.064791907235012,-1.3027523462610369,0.10833228473918503,-0.4321419230686565,-0.062112806939460426,0.08219287820636251,0.3584006965742063,0.6130958528832952
Grinnell College,Yes,2039,1389,432,56,91,1333,30,15688,4618,400,400,88.0,92,9.5,54,18979,83,5.830304883748651,5.673863322460161,3.9468883489821582,7.056958567922015,3.6312858379580923,4.042514495345579,77.44904722591163,9.014694833976261,7.540282586470517,3850.189112920918,53353.18359977521,4.836649035820484,11.774358261756246,1.837629031676171,0.6812162824914174,High,2,1,0.2203349314044168,0.16391586396044638,-0.038706319780756254,1.479792076238102,-0.351766678775517,-1.36021775036312,1.2489074896148218,-1.0374664620381557,-2.1897242687337264,1.0347851307407439,0.8736625013025863,-1.1898130490517917,2.062189808145666,1.7226606982005181,-0.4457077171152066,1.8145208041217669,0.6130958528832952
Grove City College,Yes,2491,1110,573,57,88,2213,35,5224,3048,525,350,65.0,65,18.4,18,4957,100,5.9436431436804575,5.537873429285187,4.055705558193462,7.106869154305116,3.731262504284748,4.259891121389493,52.17337261586349,9.611239042489787,7.333248555530284,2101.2563449237364,21470.19703315302,8.055668848173166,6.329097661694977,1.8281142070689074,0.4456041750301084,Low,0,1,0.40356404423174813,-0.06317384843853863,0.25987509854119023,1.5140251916296579,0.17766548798743229,-1.283040747143142,-1.45378343465555,-0.048422640127014555,-2.442791681304825,-0.6087967856553352,-1.0990862943084903,1.0858597394275726,-0.25006129701322827,-1.6066468640836198,-2.0483901563138627,-1.0977194109733543,0.6130958528832952
Guilford College,Yes,1202,1054,326,18,44,1410,299,13404,5160,450,1050,78.0,86,15.6,30,9114,65,5.523000711646247,5.5061715723803175,3.833628465751883,4.287247085802575,3.6429134925622426,7.655020333592709,73.22188859527384,9.270525807002555,9.099012089175943,3025.263672430051,44711.16894989349,7.126340200101668,8.505142557374741,1.8332879427918531,0.8768718801996672,Medium,1,1,-0.2764705679595218,-0.11611282352676613,-0.3494779047072408,-0.4199221856006509,-0.29019176737236335,-0.07764022680607473,0.7969035988093067,-0.6133100630418952,-0.2844160430451073,0.2595509072328201,0.3389408259481421,0.42887468209580437,0.673964674278998,0.20368156325422493,0.8851822526603162,0.3584006965742063,0.6130958528832952
Gustavus Adolphus College,Yes,1709,1385,634,36,72,2281,50,14125,3600,400,700,79.0,89,12.5,58,9907,80,5.7289699854972564,5.672127800764866,4.093544259790384,5.881850116998911,3.7368891503623947,4.775735634027904,74.60418732393352,9.014694833976261,8.430546202210584,3103.2898290035896,48914.209492885086,6.017611906998858,12.238215493601967,1.8338729238559002,0.8104154476301931,Medium,1,1,0.05651113954258076,0.16101771385939703,0.3636999739644469,0.6737982758594397,0.2074617147866308,-1.0998962465708486,0.9447107804658469,-1.0374664620381557,-1.101513269226264,0.33287698488245776,0.5990025096854961,-0.3549362148576937,2.2591600682943067,0.4083707678075087,0.43313181009816554,0.3584006965742063,0.6130958528832952
Gwynedd Mercy College,Yes,380,237,104,30,56,716,1108,11000,5550,500,500,36.0,41,7.8,22,7483,96,4.810425816636719,4.540981548852765,3.3202466881417814,5.434512156192033,3.492629310080411,10.111194736272934,68.2253189972204,9.502670860800531,7.890855810096345,644.7330171299121,6418.606091926495,4.102364454760928,7.119694928162363,1.8317956756726494,0.6236842105263158,Medium,1,1,-1.4284598954309597,-1.7278849908246994,-1.7581361528875605,0.3669741501362814,-1.0860302693443087,0.7943954802261309,0.2626277184030993,-0.22842386689854197,-1.7612021643396472,-1.9775831942446136,-2.0303982916738934,-1.7089125071243796,0.08565438996495688,-0.3184737480607197,-0.8370528072410319,0.3584006965742063,0.6130958528832952
Hamilton College,Yes,3140,1783,454,40,82,1646,24,19700,5050,300,800,91.0,96,9.6,60,17761,91,6.072638060183976,5.822814255697167,3.9663680012510802,6.150076980026682,3.6742297703674094,3.7336550261924986,83.9860909801277,8.405836708794975,8.648479600106288,4117.019810783901,59647.28650004573,4.878172502210449,12.463860795793481,1.8373034990575836,0.5678343949044586,High,2,1,0.612104603477994,0.4126492352473139,0.014743518209289196,0.8577720942126082,-0.12435462334149229,-1.469874656347725,1.947904018833254,-2.046926211268621,-0.835123048894733,1.2855426885908192,1.2631079470739583,-1.1604582056350563,2.354977080130319,1.6087544252456072,-1.2169548406895128,1.8145208041217669,0.6130958528832952
Hamline University,Yes,1006,825,328,34,73,1362,102,13252,4194,450,550,89.0,93,13.0,33,10296,65,5.416767285047744,5.354586009783158,3.836141459343814,5.739346337815967,3.635758915867432,5.86296934845189,72.92427841973048,9.270525807002555,8.042368215839243,3938.140272384894,54886.120254639376,6.203132952498875,8.97452607649717,1.834134181030863,0.820079522862823,Medium,1,1,-0.4482136008944108,-0.3692457660590161,-0.3425825505959643,0.5760565206522865,-0.3280792383291269,-0.7138867596906092,0.7650805779475105,-0.6133100630418952,-1.5760014399966686,1.1174383566772665,0.9685124280279964,-0.22378287640524416,0.8732815923383459,0.49978658724787806,0.4988688549101519,0.3584006965742063,0.6130958528832952
Hampden - Sydney College,Yes,817,644,307,20,40,945,1,13218,4773,660,600,95.0,97,13.3,53,12263,69,5.290793794928116,5.198643927367095,3.8088298815501354,4.511710153177958,3.55686616188365,0.0,72.85740133539696,10.129619880423451,8.18162464989385,4486.687340503674,61289.05591242347,6.31311179805378,11.655607344432926,1.8352539671354,0.7882496940024479,Medium,1,1,-0.6518695494529116,-0.6296536671167665,-0.4175222563038341,-0.2659654673280361,-0.7458603388417171,-2.7954647679567564,0.7579295091171643,0.8110297824067062,-1.4057817650474291,1.6329424732160491,1.3646918631281069,-0.14603378484101692,2.0117639497732696,0.8916080342906401,0.28235575502372584,0.3584006965742063,0.6130958528832952
Hampton University,Yes,7178,3755,1433,25,63,4623,740,7161,3518,600,2000,60.0,64,14.0,9,6791,70,6.515706419898571,6.251877482952371,4.378007729521997,5.0076495594765635,3.858208995144949,9.320117618120142,58.47492321405341,9.911870086910547,10.203474874757537,1790.5445158830128,20615.457243900444,6.566038151310228,4.135098422421764,1.8310006855999503,0.5231262190025077,Low,0,1,1.3283942528974622,1.1291425172370082,1.1442337412688204,0.07419384862799155,0.8499179063614787,0.5135328943720503,-0.7799678442385157,0.450010288926062,1.0656206545879023,-0.9007921972379641,-1.1519730239216481,0.0327714581047688,-1.1817113204611744,-0.5966466593046599,-1.5210691291219434,-1.0977194109733543,0.6130958528832952
Hanover College,Yes,1006,837,317,33,65,1024,15,8200,3485,500,1200,84.0,84,10.6,26,9248,64,5.416767285047744,5.363594481697456,3.8220956347077903,5.665746738617808,3.5747375926056906,3.104966547551385,61.39870431355919,9.502670860800531,9.32358530355288,3508.30890518449,42037.76711508565,5.28453802129421,7.8398782563579585,1.833392198924149,0.8320079522862823,Low,0,1,-0.4482136008944108,-0.35420250623719834,-0.38112261490860133,0.5255753751737814,-0.6512211531400302,-1.6930830740303442,-0.4673322068480059,-0.22842386689854197,-0.009909663407681455,0.7134988370127088,0.17352500962299197,-0.8731797768392634,0.3914698171492021,0.24016155568649003,0.5800085067310505,-1.0977194109733543,0.6130958528832952
Hardin-Simmons University,Yes,467,424,350,16,40,1365,334,6300,2980,700,2140,75.0,79,13.7,10,7054,38,4.942478204789386,4.929266874943122,3.862670122959401,4.043409132038042,3.6362150192745886,7.850516441323544,55.83285878504789,10.265383834059623,10.322530915362986,2797.1408339686877,35793.58122346702,6.458258782327776,4.420803225514992,1.8313169689100914,0.9079229122055674,Low,0,1,-1.2149764526597209,-1.0794867828994044,-0.26979106783383405,-0.5871679226871698,-0.3256639165946554,-0.008231643139918183,-1.0624799300196837,1.036120392064417,1.2111484405762758,0.04516955486019143,-0.21283183845717074,-0.04342272256216631,-1.0603909108017935,-0.4859767878418494,1.0963978147596614,-1.0977194109733543,0.6130958528832952
Harding University,Yes,1721,1068,806,35,75,3128,213,5504,3528,700,910,71.0,77,17.7,37,6466,73,5.733011260233292,5.514263157821032,4.18100758062163,5.811354652879335,3.793434615758662,7.069205705600056,53.17001635845801,10.265383834059623,8.860796216966204,2506.874201393403,33467.66720923342,7.828828751567432,9.567248268196495,1.830582733201069,0.620569436374201,Low,0,1,0.06304449540158949,-0.10260067370678293,0.6036888743802834,0.6254462220634173,0.506901467734098,-0.2856267902821583,-1.3472137766979253,1.036120392064417,-0.5755984836308746,-0.2276122220975675,-0.3567469657519844,0.9254960681010471,1.1249724926404445,-0.7428912975093902,-0.8582401472697443,-1.0977194109733543,0.6130958528832952
Hartwick College,Yes,2083,1725,430,22,49,1464,67,17480,4780,500,700,75.0,87,12.3,32,11625,73,5.8424698014148,5.803237894557119,3.945060933881384,4.72006404693986,3.650615995971594,5.212803798904802,80.4902489030438,9.502670860800531,8.430546202210584,2797.1408339686877,46086.272753520185,5.942596739668135,8.820611540394847,1.8349229375487843,0.828132501200192,High,2,1,0.24000143301585042,0.37995864245898026,-0.043720528439541,-0.12305785184375591,-0.24940271909395967,-0.9447203576910573,1.5740987376614082,-0.22842386689854197,-1.101513269226264,0.04516955486019143,0.4240248994484804,-0.40796787821144803,0.8079240121706287,0.775778331532058,0.5536468843739724,1.8145208041217669,0.6130958528832952
Harvard University,Yes,13865,2165,1606,90,100,6862,320,18485,6410,500,1920,97.0,97,9.9,52,37219,100,6.849693824711531,5.936815956691659,4.41500301551228,8.47661729956047,3.918322820449971,7.774640896272197,82.10691069505121,9.502670860800531,10.131930016439478,4677.47509485812,61289.05591242347,5.001743657107565,11.535678590176726,1.84034926951803,0.1561485755499459,High,2,1,1.868337392276893,0.6030208348376191,1.245744385056378,2.453520190826315,1.168254113728715,-0.0351703590971823,1.7469660189618288,-0.22842386689854197,0.9781680165114889,1.8122377032356005,1.3646918631281069,-1.0731000870048981,1.9608379399940299,2.6744920552597637,-4.017327199546059,1.8145208041217669,0.6130958528832952
Harvey Mudd College,Yes,1377,572,178,95,100,654,5,17230,6690,700,900,100.0,100,8.2,46,21569,100,5.603184787600933,5.123033855746644,3.572958421233935,8.649657618030027,3.4708081506012562,1.7444748095764888,80.0786600489303,10.265383834059623,8.842506598639705,4971.098889607087,66380.98635477376,4.280329401826674,10.78932967832484,1.838224788680874,0.4153957879448075,High,2,1,-0.146840405039284,-0.7559150312363965,-1.0647253565609218,2.572206618272609,-1.2015854700606647,-2.176109594191858,1.5300881433763724,1.036120392064417,-0.5979547424825227,2.088174416243526,1.6797533027611797,-1.5831009213159983,1.6439116764017525,1.9311204841567857,-2.2538738728333017,1.8145208041217669,0.6130958528832952
Hastings College,Yes,817,708,262,22,52,935,37,9376,3272,500,1902,57.0,63,13.0,17,7335,52,5.290793794928116,5.258615949151861,3.74226356364713,4.72006404693986,3.5544745534303983,4.339068815784311,64.42784291244612,9.502670860800531,10.11545250779321,1616.0326987995059,19782.08415571577,6.203132952498875,6.117876942980019,1.8316354111241546,0.8665850673194615,Medium,1,1,-0.6518695494529116,-0.5295063042420486,-0.6001722778951273,-0.12305785184375591,-0.7585252384825645,-1.2549296420695684,-0.1434308461177893,-0.22842386689854197,0.9580267843681954,-1.064791907235012,-1.2035376962767816,-0.22378287640524416,-0.3397531182413292,-0.37455149991570935,0.8152092171653743,0.3584006965742063,0.6130958528832952
Hendrix College,Yes,823,721,274,52,87,954,6,8800,3195,500,1200,82.0,99,13.1,26,8588,63,5.295256102838942,5.27008748473087,3.761235824570413,6.850431063719223,3.558992401643122,1.9601606952040518,62.97743999344262,9.502670860800531,9.32358530355288,3343.323684287649,64655.72972029902,6.239901345838685,7.8398782563579585,1.8328547062634462,0.8760631834750912,Medium,1,1,-0.6446555272846256,-0.5103499709691044,-0.5481146611237961,1.3381371610135828,-0.7346007143285659,-2.099532868384091,-0.29852030925590306,-0.22842386689854197,-0.009909663407681455,0.5584518675118793,1.5730036436391222,-0.19778961228228817,0.3914698171492021,0.05208889498979851,0.8796813297532523,0.3584006965742063,0.6130958528832952
Hillsdale College,Yes,920,745,347,35,66,1133,42,11090,4700,400,750,80.0,80,12.0,31,12639,79,5.362907103180277,5.290695593829908,3.8591676014611047,5.811354652879335,3.5968128022959824,4.521303780672907,68.42467122867534,9.014694833976261,8.542878851701946,3182.3085613523126,36992.96354026978,5.829176903378423,8.664190735529143,1.8354368884636612,0.8097826086956522,Medium,1,1,-0.5352870511682422,-0.4759364608241549,-0.2794015682707058,0.6254462220634173,-0.5343206149695388,-1.1902292705164716,0.2839441609906343,-1.0374664620381557,-0.9642037997398595,0.4071358482998492,-0.13862047133804148,-0.4881495639928844,0.7415021812454939,0.9556135610996126,0.42882710836548205,0.3584006965742063,0.6130958528832952
Hiram College,Yes,922,729,244,37,66,1000,275,14067,4560,400,1000,75.0,95,10.6,34,12165,79,5.364220125558405,5.277037396575786,3.711840360989947,5.950905246358549,3.569490935838498,7.508663903085353,74.4947274350573,9.014694833976261,9.01750885336023,2797.1408339686877,58032.99277532507,5.28453802129421,9.126046493076482,1.835204864048126,0.7906724511930586,Medium,1,1,-0.5331643440999349,-0.4987443034800527,-0.6836499103864981,0.7211624200833137,-0.6790051247663749,-0.12960234855806538,0.9330063946165454,-1.0374664620381557,-0.38404127330500104,0.04516955486019143,1.1632240797157132,-0.8731797768392634,0.9376225443004441,0.8744265005744978,0.29883585210223296,0.3584006965742063,0.6130958528832952
Hobart and William Smith Colleges,Yes,2688,2081,500,25,53,1792,5,19029,5841,600,600,99.0,99,12.1,37,13040,79,5.986290510558886,5.91370269156032,4.003794205155376,5.0076495594765635,3.6909826712093814,1.7444748095764888,82.95801561174036,9.911870086910547,8.18162464989385,4872.2320217118595,64655.72972029902,5.8671049482622815,9.567248268196495,1.8356229493282539,0.7741815476190477,High,2,1,0.4725102165327688,0.5644239611381601,0.11743654925782207,0.07419384862799155,-0.035638676729004455,-2.176109594191858,1.8379734230935156,0.450010288926062,-1.4057817650474291,1.9952630138290124,1.5730036436391222,-0.46133648899060975,1.1249724926404445,1.0207176349109968,0.18666130449785803,1.8145208041217669,0.6130958528832952
Hofstra University,Yes,7428,5860,1349,25,63,6534,1350,11600,5920,1000,1000,81.0,90,13.9,10,10093,60,6.533477078930383,6.497766316287237,4.358136322848009,5.0076495594765635,3.9111460165469536,10.509991765229358,69.53472895738739,11.110633242948902,9.01750885336023,3262.3198521504246,50367.40936643958,6.530212562649016,4.420803225514992,1.8339997801454533,0.7889068389876144,Medium,1,1,1.3571233165932965,1.5397526231828287,1.0897089760062757,0.07419384862799155,1.1302489373169244,0.9359836543919683,0.40264101063331637,2.437506398173015,-0.38404127330500104,0.4823274812028567,0.6889187505729792,0.007444705863380859,-1.0603909108017935,0.45275872255867317,0.2868257915557265,0.3584006965742063,0.6130958528832952
Hollins College,Yes,602,498,215,26,58,795,74,13470,5515,500,850,78.0,91,11.1,48,13957,72,5.102395314024826,5.033881369715475,3.6569288027514855,5.097794723902809,3.5173140433538976,5.364102816591983,73.3504242252717,9.502670860800531,8.74813681377624,3025.263672430051,51847.00689353883,5.482096185079573,11.043474488295791,1.8360170696046325,0.8272425249169435,Medium,1,1,-0.956445308201077,-0.9047908920801377,-0.8343206642124917,0.13602341304359422,-0.9553108494724034,-0.8910034287473528,0.810647725761411,-0.22842386689854197,-0.7133073594983343,0.2595509072328201,0.7804683371675396,-0.7335168472284893,1.7518305917460641,1.1586232370379375,0.5475930810451266,0.3584006965742063,0.6130958528832952
Hood College,Yes,699,565,176,36,64,710,399,13960,6040,450,690,82.0,88,14.4,34,12434,72,5.195090113054957,5.115145089967077,3.5678566390056274,5.881850116998911,3.490619996202254,8.169065456800208,74.29201267182475,9.270525807002555,8.407190990026859,3343.323684287649,47487.224979564795,6.708354885340432,9.126046493076482,1.8353382143934465,0.8082975679542204,Medium,1,1,-0.8065895948681052,-0.7690884922211747,-1.0787240373278568,0.6737982758594397,-1.0966707061512706,0.10486542180485144,0.9113304014232154,-0.6133100630418952,-1.130061441188827,0.5584518675118793,0.5107083351693819,0.13338168663923877,0.9376225443004441,0.9210867735100308,0.41872555312949644,0.3584006965742063,0.6130958528832952
Hope College,Yes,1712,1483,624,37,69,2505,208,12275,4341,465,1100,72.0,81,12.5,40,9284,72,5.729983154021627,5.713176041982022,4.087636492006878,5.950905246358549,3.7540711070940223,7.028906359043815,70.95570347647985,9.342437145572976,9.176997673903145,2577.9518231023017,38216.88394908151,6.017611906998858,9.990248962005056,1.8334198120450567,0.8662383177570093,Medium,1,1,0.05814908572224455,0.22956422915443,0.34748976515004104,0.7211624200833137,0.2984497514544178,-0.2999345972232123,0.5545837380034466,-0.49408425525866007,-0.1890906028016409,-0.1608161188745901,-0.06289081824039729,-0.3549362148576937,1.304593615223782,0.24982359109445276,0.8128505546987895,0.3584006965742063,0.6130958528832952
Houghton College,Yes,949,786,302,30,70,1210,26,9990,3550,500,1500,85.0,90,15.0,24,8187,67,5.381652439670778,5.324309506239457,3.8020087170013777,5.434512156192033,3.61090331237168,3.8436620059396183,65.91087866375833,9.502670860800531,9.703857838201385,3592.2902607546,50367.40936643958,6.918976065250672,7.487471891197417,1.832495944825835,0.8282402528977871,Medium,1,1,-0.5049822681508309,-0.41980454158021896,-0.4362387166903581,0.3669741501362814,-0.45970351125658165,-1.4308179776942969,0.01514799805860137,-0.22842386689854197,0.45491530270202957,0.7924213890142526,0.6889187505729792,0.282279461657542,0.2418255545223002,-0.07344438771333746,0.5543798337770838,0.3584006965742063,0.6130958528832952
Huntingdon College,Yes,608,520,127,26,47,538,126,8080,3920,500,1100,63.0,72,11.4,9,7703,44,5.108580517271497,5.061793013102604,3.4166465530099983,5.097794723902809,3.422276479294697,6.200203541135587,61.07392713414094,9.502670860800531,9.176997673903145,1973.9929282613914,28068.836197330573,5.598967634870062,4.135098422421764,1.832025082438035,0.8552631578947368,Low,0,1,-0.9464459549003817,-0.8581811998347686,-1.4936264435592836,0.13602341304359422,-1.4585877170900643,-0.5941557433053489,-0.5020601557065855,-0.22842386689854197,-0.1890906028016409,-0.7283942076217277,-0.6907977722592065,-0.6508950575092252,-1.1817113204611744,-0.23820262269972592,0.7381952402152139,-1.0977194109733543,0.6130958528832952
Huntington College,Yes,450,430,125,20,46,488,43,9950,3920,300,1300,76.0,76,11.8,25,9466,47,4.918873688909926,4.938452145572559,3.409095536699648,4.511710153177958,3.3972459359999303,4.555386229735778,65.81611635234127,8.405836708794975,9.45926910861573,2872.1891570226703,32340.751369602982,5.752949445648684,7.665481401085836,1.8335569256337187,0.9555555555555556,Medium,1,1,-1.2531368629740698,-1.0641482866564373,-1.514345529961679,-0.2659654673280361,-1.591138393749993,-1.178128699590605,0.0050152026740640804,-2.046926211268621,0.1559430194537629,0.11569717540939685,-0.4264744945937568,-0.5420382510475145,0.3174147165843801,0.29780065073211665,1.4204049375352803,0.3584006965742063,0.6130958528832952
Huron University,Yes,600,197,124,3,9,392,69,7260,3090,600,1840,31.0,35,12.9,4,9249,21,5.100318859326697,4.414227173530866,3.4052675783602,1.2693752740102677,3.339056380539897,5.257433064570879,58.7650669779154,9.911870086910547,10.057569618411993,478.04744640348747,4240.128430567314,6.166254230007078,2.399320130769619,1.8333929681919143,0.3283333333333333,Low,0,1,-0.9598022236186363,-1.939552299071843,-1.5248489902006777,-2.4898468540270966,-1.8992845198622652,-0.928875264119128,-0.7489431958593302,0.450010288926062,0.8872738121089034,-2.134228089224678,-2.1651908454935227,-0.24985413726745317,-1.9187844502831575,0.2404307281719572,-2.8460907526142067,-1.0977194109733543,0.6130958528832952
Husson College,Yes,723,652,361,10,30,951,706,7800,4000,350,1500,36.0,44,22.0,4,4923,84,5.215895390169421,5.206481225696934,3.875222567733702,3.140658651142298,3.558286379416932,9.229976446595975,60.30359854778309,8.729291720840871,9.703857838201385,644.7330171299121,7723.305321472121,9.173008483791365,2.399320130769619,1.8280454378678377,0.9017980636237898,Low,0,1,-0.7729545940298735,-0.6165661516981148,-0.2353486594015338,-1.2063544244260114,-0.7383394954934951,0.4815293362545929,-0.5844302649588907,-1.5106521568656046,0.45491530270202957,-1.9775831942446136,-1.9496704769084046,1.8757583894788763,-1.9187844502831575,-1.6307097165926148,1.0547353239372073,-1.0977194109733543,0.6130958528832952
Illinois Benedictine College,Yes,607,558,269,22,47,1222,519,10500,4348,650,1500,81.0,91,11.6,29,8324,75,5.107554213431156,5.1071510260866395,3.753449504952548,4.72006404693986,3.6130007519839045,8.650480016705622,67.09783771091139,10.094559934711176,9.703857838201385,3262.3198521504246,51847.00689353883,5.676217068867042,8.343335916108645,1.832621507163919,0.9192751235584844,Medium,1,1,-0.9481051363830522,-0.7824377906515513,-0.569479391683056,-0.12305785184375591,-0.4485963995738795,0.2757859743782396,0.1420677932258447,0.7529019484450437,0.45491530270202957,0.4823274812028567,0.7804683371675396,-0.5962838885447581,0.6052558258750537,-0.029509196159583823,1.1736179117123589,0.3584006965742063,0.6130958528832952
Illinois College,Yes,894,787,262,28,63,909,28,8050,3850,600,1000,75.0,75,15.6,30,7348,52,5.345553442730592,5.325105741990862,3.74226356364713,5.270625276993018,3.5481077071140272,3.9462911658014495,60.99223862991692,9.911870086910547,9.01750885336023,2797.1408339686877,31237.605304478584,7.126340200101668,8.505142557374741,1.831649687513956,0.8803131991051454,Low,0,1,-0.5633419711080361,-0.41847490638772883,-0.6001722778951273,0.25456596475215887,-0.7922412380710037,-1.3943807068374012,-0.5107949880064011,0.450010288926062,-0.38404127330500104,0.04516955486019143,-0.4947312768374728,0.42887468209580437,0.673964674278998,-0.36955608544513735,0.9085908178521449,-1.0977194109733543,0.6130958528832952
Illinois Institute of Technology,Yes,1756,1360,478,42,77,1911,626,14550,4620,500,700,75.0,88,12.3,26,12851,56,5.7446277065069875,5.661157778416821,3.9864135973561625,6.276768658259247,3.703452338359426,9.00138825568754,75.39739887104655,9.502670860800531,8.430546202210584,2797.1408339686877,47487.224979564795,5.942596739668135,7.8398782563579585,1.8355363700515965,0.7744874715261959,Medium,1,1,0.0818243067928728,0.14269885823074682,0.06974623845496358,0.9446685054628217,0.030395160371451454,0.40037179937100315,1.0295277312488973,-0.22842386689854197,-1.101513269226264,0.04516955486019143,0.5107083351693819,-0.40796787821144803,0.3914698171492021,0.9904229051172051,0.18874226238665426,0.3584006965742063,0.6130958528832952
Illinois State University,No,8681,6695,2408,10,35,15701,1823,7799,3403,537,2605,77.0,84,21.0,16,5569,54,6.613824566105447,6.569882037579326,4.5413573504983304,3.140658651142298,4.028701312609222,11.131492313421935,60.30081509165602,9.661758924984982,10.671930349818785,2948.2301091785516,42037.76711508565,8.870288122955666,5.900304933741678,1.8292393835525997,0.7712245133049188,Low,0,0,1.4870176594378963,1.660178766812448,1.592445580802008,-1.2063544244260114,1.7527697453758457,1.1566400822794214,-0.5847278958521822,0.03533708287835287,1.638235767379376,0.18715763184081718,0.17352500962299197,1.6617514781113547,-0.4321419230686565,-1.2129392834728805,0.16654694357461725,-1.0977194109733543,-1.6310663255951814
Illinois Wesleyan University,Yes,3050,1342,471,55,86,1818,23,14360,4090,400,650,77.0,92,12.9,34,9605,83,6.0565569519051845,5.653124882387999,3.9806890653742952,7.006381291564477,3.693791622247001,3.6755164054749305,75.044693168249,9.014694833976261,8.310522585532489,2948.2301091785516,53353.18359977521,6.166254230007078,9.126046493076482,1.833658936773944,0.44,Medium,1,1,0.5861069641549974,0.1292847139415901,0.054038806783413905,1.445101685617397,-0.020763715512363775,-1.4905160868454934,0.9918134262265347,-1.0374664620381557,-1.248223768858662,0.18715763184081718,0.8736625013025863,-0.24985413726745317,0.9376225443004441,0.3334951038205978,-2.0865109176097367,0.3584006965742063,0.6130958528832952
Immaculata College,Yes,268,253,103,16,44,494,1305,10000,5364,500,1000,56.0,64,11.2,33,7305,69,4.5821302792314444,4.585385403588029,3.3155094793550686,4.043409132038042,3.400410981107523,10.440999018638678,65.93453030292328,9.502670860800531,9.01750885336023,1559.8481122051853,20615.457243900444,5.521188494835537,8.97452607649717,1.8316023162462884,0.9440298507462687,Medium,1,1,-1.797535517435178,-1.6537349318327192,-1.7711344876976116,-0.5871679226871698,-1.5743777159760373,0.9114885947220825,0.017677033247629488,-0.22842386689854197,-0.38404127330500104,-1.1175920904074985,-1.1519730239216481,-0.7058806999736407,0.8732815923383459,-0.3861316426614442,1.3420047020963395,0.3584006965742063,0.6130958528832952
Incarnate Word College,Yes,1163,927,386,16,49,1685,556,8840,4689,750,2775,67.0,69,11.4,21,6095,95,5.503420915675759,5.427045508054712,3.9021805725745713,4.043409132038042,3.678877068120899,8.778642633918054,63.08014289724547,10.425882498985677,10.785351411550787,2232.4911398680765,25106.93423290231,5.598967634870062,6.929403951155235,1.8300641729355347,0.7970765262252795,Medium,1,1,-0.30812438589506497,-0.24824554877161709,-0.16137911562388957,-0.5871679226871698,-0.09974459172487844,0.32128859764228135,-0.28753843793944656,1.3022200552656582,1.7768756542290436,-0.48546721020260253,-0.8740644345850307,-0.6508950575092252,0.0048500806392386695,-0.9243393729920574,0.3423976991738499,0.3584006965742063,0.6130958528832952
Indiana State University,No,5659,4761,3147,10,31,8596,1949,6892,3706,600,2500,72.0,76,16.6,8,6996,40,6.391041203509669,6.383975667020431,4.620639207659103,3.140658651142298,3.9503655766686028,11.27230004095496,57.67301189811007,9.911870086910547,10.598401182873939,2577.9518231023017,32340.751369602982,7.4651717527356345,3.833720635194582,1.8312487961799933,0.8413147199151794,Low,0,0,1.1268533344723024,1.34973345916713,1.8099855225982955,-1.2063544244260114,1.3379383658366912,1.2066322025868674,-0.8657150485805191,0.450010288926062,1.5483576157405647,-0.1608161188745901,-0.4264744945937568,0.6684102516652818,-1.3096870359996657,-0.5098309307426196,0.6433150710891032,-1.0977194109733543,-1.6310663255951814
Indiana University at Bloomington,No,16587,13243,5873,25,72,24763,2717,9766,3990,600,2000,77.0,88,21.3,24,8686,68,6.937857994709708,6.928766267396544,4.793271320145563,5.0076495594765635,4.081477806803296,11.986191259602794,65.37695776682156,9.911870086910547,10.203474874757537,2948.2301091785516,47487.224979564795,8.961682616268021,7.487471891197417,1.8329384803847795,0.7983963344788088,Medium,1,0,2.0108686316098736,2.2594800430393622,2.283667409569229,0.07419384862799155,2.0322506953009687,1.4600908466140674,-0.04194338267375007,0.450010288926062,1.0656206545879023,0.18715763184081718,0.5107083351693819,1.7263624384570067,0.2418255545223002,0.0814020801709304,0.3513753087450736,0.3584006965742063,-1.6310663255951814
Indiana Wesleyan University,Yes,735,423,366,20,48,2448,707,9210,3782,700,1000,49.0,51,39.8,15,6562,34,5.226021677278126,4.9277224799726564,3.8807831663637535,4.511710153177958,3.7498816912733495,9.232682966363598,64.01599122226688,10.265383834059623,9.01750885336023,1194.3628253525847,11371.299132786136,13.887538686954876,5.675799188389897,1.8307095057852256,0.5755102040816327,Medium,1,1,-0.7565838591670011,-1.082065770215926,-0.2200910412571849,-0.2659654673280361,0.2762644598568482,0.4824902541261332,-0.1874695450789778,1.036120392064417,-0.38404127330500104,-1.461061558858064,-1.723952118227403,5.208676084683117,-0.5274750385853566,-0.6985326318960412,-1.1647423941075101,0.3584006965742063,0.6130958528832952
Iona College,Yes,4892,3530,913,13,33,3906,1446,10690,6790,570,1150,66.0,83,16.0,14,8107,66,6.313592568794518,6.217127999087819,4.225171540770063,3.631117880323472,3.8309399231314605,10.650506120337283,67.53034955101079,9.79577979342351,9.251767375413102,2166.3773306690255,40739.09727963728,7.262859493212,5.443683341838181,1.8324211152313203,0.7215862632869992,Medium,1,1,1.0016454422999368,1.071114305635571,0.7248695033948277,-0.8699539009271027,0.705512972568773,0.9858716162854734,0.18831565180570659,0.2575377346399167,-0.0976960875429358,-0.5475985071923998,0.0931702615374012,0.5253864336673363,-0.6260396734364524,-0.09962781675001048,-0.171102731874834,0.3584006965742063,0.6130958528832952
Iowa State University,No,8427,7424,3441,26,59,18676,1715,7550,3224,640,2055,81.0,88,19.2,22,8420,65,6.5985890902427995,6.625372981561699,4.646377439053292,5.097794723902809,4.04942044036539,11.003635933484052,59.600309854197064,10.059026560291917,10.251140440777847,3262.3198521504246,47487.224979564795,8.310838038076563,7.119694928162363,1.832707610146311,0.8809778094220957,Low,0,0,1.4623871178406036,1.7528431716112034,1.8806081538022672,0.13602341304359422,1.8624890739394326,1.1112461849421458,-0.659631896512625,0.6939891906988978,1.1238845129821728,0.4823274812028567,0.5107083351693819,1.266250546496598,0.08565438996495688,0.0006188747450539275,0.913111635119829,-1.0977194109733543,-1.6310663255951814
Ithaca College,Yes,7259,5526,1368,23,52,5612,166,14424,6192,634,1000,58.0,79,11.5,25,9812,75,6.521535946600565,6.465781620672606,4.362753669851784,4.818997178837589,3.8883626819748702,6.650931635508118,75.16383967716897,10.037473516088054,9.01750885336023,1673.2103108531687,35793.58122346702,5.637657762251316,7.665481401085836,1.8338067055980842,0.7612618818019011,Medium,1,1,1.337818599154872,1.4863413353384451,1.1023784244075374,-0.055200718403029835,1.0095984832482503,-0.4341300578220526,1.004553588191924,0.6582551999753505,-0.38404127330500104,-1.0110585156983387,-0.21283183845717074,-0.6235432314264993,0.3174147165843801,0.38520050922601085,0.09877905706769927,0.3584006965742063,0.6130958528832952
James Madison University,No,11223,5285,2082,32,72,9652,742,7994,4544,500,732,77.0,81,17.9,29,5212,98,6.744208214822986,6.441390064836428,4.496881182538682,5.590470826008503,3.966242019301352,9.325303006658798,60.83921701831363,9.502670860800531,8.50326058302478,2948.2301091785516,38216.88394908151,7.893991222131814,8.343335916108645,1.8286077534480212,0.47090795687427606,Low,0,0,1.6978033226030025,1.445609842207006,1.4704082908626013,0.47394446499414217,1.422012977767445,0.5153739053180196,-0.5271573651645963,-0.22842386689854197,-1.0126310689146143,0.18715763184081718,-0.06289081824039729,0.9715624080857869,0.6052558258750537,-1.4339513326213624,-1.8762685822405913,-1.0977194109733543,-1.6310663255951814
Jamestown College,Yes,472,410,262,14,41,9950,71,7620,3050,400,400,51.0,53,17.0,21,3186,54,4.9492454225027,4.907282189262202,3.74226356364713,3.7757494643672955,3.9703424808376204,5.300911413701409,59.798752923761,9.014694833976261,7.540282586470517,1293.8214305708966,12577.188313886023,7.598466298912923,6.929403951155235,1.8231333340329565,0.8686440677966102,Low,0,1,-1.204036181486809,-1.1161990401995736,-0.6001722778951273,-0.7707527080612918,1.443727206853477,-0.9134387898674373,-0.6384126692765855,-1.0374664620381557,-2.1897242687337264,-1.3675940637330268,-1.6493381411244652,0.7626422816839673,0.0048500806392386695,-3.349491209601979,0.8292149656075241,-1.0977194109733543,0.6130958528832952
Jersey City State College,No,2957,1423,691,10,30,3817,1394,3946,4800,400,1500,63.0,67,14.9,10,8367,26,6.039395474653163,5.688402788616858,4.125285421373996,3.140658651142298,3.8271319668235497,10.575475766142947,47.11343661370111,9.014694833976261,9.703857838201385,1973.9929282613914,23244.601297193447,6.88410362834028,4.420803225514992,1.8326602624084565,0.48123097734190057,Low,0,0,0.5583627385635128,0.18819533878664474,0.45079392825266595,-1.2063544244260114,0.6853477216846443,0.9592329753578026,-1.9948349919895179,-1.0374664620381557,0.45491530270202957,-0.7283942076217277,-0.9892956425607811,0.25762653611778186,-1.0603909108017935,-0.015948449215434802,-1.8060492552237615,-1.0977194109733543,-1.6310663255951814
John Brown University,Yes,605,405,284,24,53,961,99,6398,3672,400,1350,68.0,68,13.3,19,8118,75,5.1054961484746055,4.899235188509909,3.776328017113851,4.914783971046612,3.560629322812077,5.815891280490231,56.14509783265124,9.014694833976261,9.523523757948993,2299.597751802593,24164.67508092954,6.31311179805378,6.534472866673584,1.8324314716710592,0.6694214876033058,Low,0,1,-0.951432321892664,-1.129636737986139,-0.5067034883151151,0.010498375683124296,-0.7259323044571209,-0.7306012715900319,-1.0290926652609849,-1.0374664620381557,0.23448449294285456,-0.42240291415622744,-0.9323663945762501,-0.14603378484101692,-0.16285168859179217,-0.09600402182322416,-0.5259383591004908,-1.0977194109733543,0.6130958528832952
John Carroll University,Yes,2421,2109,820,27,57,3168,392,11700,5550,600,450,89.0,90,14.5,28,7738,89,5.927610489751482,5.921516362811815,4.18715926125142,5.185399347607472,3.7956294806444464,8.137106866123785,69.74861006835079,9.911870086910547,7.724605833873065,3938.140272384894,50367.40936643958,6.743692439595633,8.178628549458342,1.8320606492500737,0.8711276332094176,Medium,1,1,0.3776447389817698,0.5774720216657108,0.6205683508970871,0.19611044886994475,0.5185245005369334,0.09351890171008291,0.42551100506044204,0.450010288926062,-1.964417312746711,1.1174383566772665,0.6889187505729792,0.158363424968833,0.5353152264185853,-0.22575753188888698,0.8461086928297601,0.3584006965742063,0.6130958528832952
Johns Hopkins University,Yes,8474,3446,911,75,94,3566,1569,18800,6740,500,1040,96.0,97,3.3,38,56233,90,6.601445117975798,6.203542997668147,4.224401857793106,7.9105127518545855,3.815782070640459,10.818735083860712,82.60171080288538,9.502670860800531,9.083003252746401,4581.58506400201,61289.05591242347,1.7572164913072765,9.710163764170094,1.841587108482043,0.40665565258437575,High,2,1,1.4670043356101585,1.0484286928057718,0.7227575852838627,2.065235385744127,0.6252436959201221,1.045599322505913,1.7998742709235698,-0.22842386689854197,-0.30398439514209974,1.7221238214662933,1.3646918631281069,-3.366805193870156,1.1856594896053954,3.1076210717034973,-2.313326086937721,1.8145208041217669,0.6130958528832952
Johnson State College,No,833,669,279,3,13,1224,345,7656,4690,500,624,80.0,91,14.4,15,6564,36,5.302616219842118,5.2227991717309115,3.7688599295831082,1.2693752740102677,3.613347886034938,7.908147949854807,59.900343551502075,9.502670860800531,8.244688874150393,3182.3085613523126,51847.00689353883,6.708354885340432,5.675799188389897,1.8307121164522702,0.8031212484993998,Low,0,0,-0.6327567412117782,-0.5893167908428184,-0.5271950280563313,-2.4898468540270966,-0.4467581313104091,0.012229743166588185,-0.6275497320128821,-0.22842386689854197,-1.3286954039988244,0.4071358482998492,0.7804683371675396,0.13338168663923877,-0.5274750385853566,-0.6976191401720453,0.3835151542272007,-1.0977194109733543,-1.6310663255951814
Judson College,Yes,313,228,137,10,30,552,67,9414,4554,500,1700,34.0,55,10.6,30,7840,56,4.684335923945621,4.514571343978496,3.452449203759191,3.140658651142298,3.4287805802132327,5.212803798904802,64.52144762265965,9.502670860800531,9.919921665567582,575.0775331309773,13859.108607277798,5.28453802129421,8.505142557374741,1.8321629017493857,0.7284345047923323,Medium,1,1,-1.6323040270435683,-1.771987428802053,-1.3953882483523,-1.2063544244260114,-1.4241448778890213,-0.9447203576910573,-0.13342183133713204,-0.22842386689854197,0.7190202592323733,-2.043042825382733,-1.5700197651757861,-0.8731797768392634,0.673964674278998,-0.18997862546933564,-0.1245195722984903,0.3584006965742063,0.6130958528832952
Juniata College,Yes,1005,859,298,36,55,1075,43,14850,4460,450,420,97.0,97,12.7,37,12067,80,5.416169824138699,5.3797566274686455,3.796457301175654,5.881850116998911,3.585405581890424,4.555386229735778,75.94819701601905,9.270525807002555,7.616441296672188,4677.47509485812,61289.05591242347,6.092161014487607,9.567248268196495,1.8351551473542826,0.854726368159204,Medium,1,1,-0.44917949036879673,-0.32721331645816476,-0.4514711383169854,0.6737982758594397,-0.5947282044397142,-1.178128699590605,1.088423771433334,-0.6133100630418952,-2.096631902961971,1.8122377032356005,1.3646918631281069,-0.3022340305882601,1.1249724926404445,0.8570302613776062,0.7345438850622455,0.3584006965742063,0.6130958528832952
Kansas State University,No,5880,4075,2833,25,55,14914,2246,6995,3120,600,2000,76.0,86,18.5,22,6122,54,6.411274941021261,6.297638882262091,4.589891579750272,5.0076495594765635,4.02240876908147,11.574224117102991,57.98245091395353,9.911870086910547,10.203474874757537,2872.1891570226703,44711.16894989349,8.087798029755431,7.119694928162363,1.830103540051061,0.6930272108843537,Low,0,0,1.1595643517021479,1.2055595418084484,1.7256177059855125,0.07419384862799155,1.719447220463254,1.313826779212407,-0.8326271871232901,0.450010288926062,1.0656206545879023,0.11569717540939685,0.3389408259481421,1.1085733319200137,0.08565438996495688,-0.9105645278596474,-0.36536733168276336,-1.0977194109733543,-1.6310663255951814
Kansas Wesleyan University,Yes,589,575,148,16,40,474,258,8400,3250,500,1400,63.0,55,12.4,14,6535,68,5.088763878749717,5.126383181577505,3.488504597547661,4.043409132038042,3.3896728044717386,7.397857917616572,61.93313448205593,9.502670860800531,9.585611403607514,1973.9929282613914,13859.108607277798,5.980163231535211,5.443683341838181,1.8306741413089673,0.9762308998302207,Low,0,1,-0.9784826660493826,-0.7503219873571569,-1.2964565564485584,-0.5871679226871698,-1.63124234581668,-0.16894270475436288,-0.4101863704524781,-0.22842386689854197,0.31037713613816026,-0.7283942076217277,-1.5700197651757861,-0.38141040162417134,-0.6260396734364524,-0.7109069239195716,1.5610429189634363,-1.0977194109733543,0.6130958528832952
Keene State College,No,3121,2446,822,5,19,3480,776,7870,4157,500,1150,73.0,73,16.1,13,6195,61,6.069284729912186,6.007690940718944,4.188028175191225,1.9933074045048962,3.8116674155823773,9.411580718817325,60.497861094463836,9.502670860800531,9.251767375413102,2650.022148392148,29101.843668955273,7.296780800241798,5.203164536960752,1.8302086499433723,0.7837231656520346,Low,0,0,0.6066834179834694,0.7213750695771804,0.6229525469119194,-1.9933098674917418,0.6034543042258181,0.5460057878265181,-0.5636580549213797,-0.22842386689854197,-0.0976960875429358,-0.09308710977675971,-0.6268807912936191,0.5493669618582913,-0.7281725029254713,-0.8737857984781677,0.2515653700307406,-1.0977194109733543,-1.6310663255951814
Kentucky Wesleyan College,Yes,584,497,175,20,49,662,121,8000,4150,500,1300,57.0,65,11.3,32,7058,62,5.08343478673619,5.032581471564874,3.5652806049556274,4.511710153177958,3.4737624515244465,6.135035698123795,60.855645789027534,9.502670860800531,9.45926910861573,1616.0326987995059,21470.19703315302,5.560145089438339,8.820611540394847,1.8313216386215136,0.851027397260274,Low,0,1,-0.9870979809695265,-0.9069615938159515,-1.085792366922683,-0.2659654673280361,-1.185940800194158,-0.6172928161429047,-0.5254006607367062,-0.22842386689854197,0.1559430194537629,-1.064791907235012,-1.0990862943084903,-0.678340495986942,0.8079240121706287,-0.48434282124831013,0.7093827175539268,-1.0977194109733543,0.6130958528832952
Kenyon College,Yes,2212,1538,408,44,75,1445,1,19240,3690,750,480,95.0,95,11.1,46,14067,88,5.876604964607496,5.734960212702424,3.924287893126296,6.3990538472540806,3.647945893171456,0.0,83.28383033271321,10.425882498985677,7.826288257735952,4486.687340503674,58032.99277532507,5.482096185079573,10.78932967832484,1.8360616694527674,0.6952983725135624,High,2,1,0.2951862900250994,0.26594164624219335,-0.10071926987454424,1.0285425548159215,-0.2635424015108351,-2.7954647679567564,1.8728123147532825,1.3022200552656582,-1.8401261138840133,1.6329424732160491,1.1632240797157132,-0.7335168472284893,1.6439116764017525,1.1742290540446751,-0.34991841906560367,1.8145208041217669,0.6130958528832952
Keuka College,Yes,461,381,174,10,43,738,55,9600,4550,600,750,55.0,94,13.3,43,7863,51,4.934254104403217,4.859069207026998,3.562687533107371,3.140658651142298,3.4998250346251876,4.916684846997572,64.97607447733002,9.911870086910547,8.542878851701946,1504.656575461497,56445.99688283852,6.31311179805378,10.397054457490185,1.8321856757543094,0.8264642082429501,Medium,1,1,-1.2282720036807733,-1.1967099665196828,-1.092907446199892,-1.2063544244260114,-1.0479248975896334,-1.0498538935304813,-0.08480924658899966,0.450010288926062,-0.9642037997398595,-1.1694590422937714,1.0650292563104273,-0.14603378484101692,1.4773376812303964,-0.18200983256504943,0.5422988095453073,0.3584006965742063,0.6130958528832952
King's College,Yes,1456,1053,381,20,45,500,541,10910,5160,400,1795,66.0,72,15.6,37,7649,87,5.635862878318862,5.505589206739493,3.8969531656100025,4.511710153177958,3.4035295462728734,8.7276393317023,68.02489296015948,9.014694833976261,10.014415510817127,2166.3773306690255,28068.836197330573,7.126340200101668,9.567248268196495,1.8319697164920783,0.7232142857142857,Medium,1,1,-0.09401113472280143,-0.11708531672312299,-0.17572249565485662,-0.2659654673280361,-1.5578631754002565,0.30318047768949674,0.24119645535239176,-1.0374664620381557,0.8345245210805113,-0.5475985071923998,-0.6907977722592065,0.42887468209580437,1.1249724926404445,-0.25757557702893424,-0.16002858554616034,0.3584006965742063,0.6130958528832952
King College,Yes,355,300,142,34,65,509,44,8664,3350,600,3000,65.0,68,10.7,25,8954,65,4.76639247649886,4.700246593098459,3.469237146879497,5.739346337815967,3.40812291798703,4.588761724271104,62.625940033129424,9.911870086910547,10.925956902129554,2101.2563449237364,24164.67508092954,5.324335193798416,7.665481401085836,1.8331603194572783,0.8450704225352113,Low,0,1,-1.4996467113670655,-1.461928071170157,-1.3493241386044044,0.5760565206522865,-1.5335387122157385,-1.1662791245185324,-0.3361056859976267,0.450010288926062,1.9487443442818921,-0.6087967856553352,-0.9323663945762501,-0.8450453297697846,0.3174147165843801,0.15902521377201317,0.6688621395349212,-1.0977194109733543,0.6130958528832952
Knox College,Yes,1040,845,286,48,77,967,24,15747,4062,400,800,88.0,95,12.7,33,13224,79,5.436710123322732,5.369523673661431,3.7792728899606325,6.631738515706971,3.56202088116085,3.7336550261924986,77.55271203296576,9.014694833976261,8.648479600106288,3850.189112920918,58032.99277532507,6.092161014487607,8.97452607649717,1.8357053996892383,0.8125,High,2,1,-0.41597286800700206,-0.34430134030183784,-0.4986231091384874,1.1881383777111363,-0.7185632274630874,-1.469874656347725,1.2599922158393022,-1.0374664620381557,-0.835123048894733,1.0347851307407439,1.1632240797157132,-0.3022340305882601,0.8732815923383459,1.0495676265470941,0.447311367815623,1.8145208041217669,0.6130958528832952
La Roche College,Yes,361,321,185,10,41,650,819,8842,4782,600,1100,57.0,73,14.2,14,7022,52,4.7772574924423115,4.74547530982525,3.5903073527881726,3.140658651142298,3.469314445115222,9.515944670873928,63.08527002588534,9.911870086910547,9.176997673903145,1616.0326987995059,29101.843668955273,6.6373917079764695,5.443683341838181,1.8312794637057355,0.889196675900277,Medium,1,1,-1.4820817052219977,-1.3864005739873573,-1.0171219615889389,-1.2063544244260114,-1.2094954730746987,0.5830589761591726,-0.28699020157162136,0.450010288926062,-0.1890906028016409,-1.064791907235012,-0.6268807912936191,0.08321456089136182,-0.6260396734364524,-0.49910013647320717,0.9690180701355366,0.3584006965742063,0.6130958528832952
La Salle University,Yes,2929,1834,622,20,56,2738,1662,12600,5610,450,3160,90.0,90,15.1,9,9084,84,6.0341148712554045,5.839472931298082,4.08644183129507,4.511710153177958,3.770062862874122,10.938214869112095,71.62161491904696,9.270525807002555,11.020119130159753,4027.0838434683237,50367.40936643958,6.953758067641122,4.135098422421764,1.8332642775943315,0.6261522703994538,Medium,1,1,0.549825813112686,0.4404675808819587,0.3442117589198644,-0.2659654673280361,0.3831350107662188,1.088019208851952,0.6257886747642023,-0.6133100630418952,2.0638432548393126,1.2010242141140972,0.6889187505729792,0.30686845488617326,-1.1817113204611744,0.19540093546298665,-0.8202645519166804,0.3584006965742063,0.6130958528832952
Lafayette College,Yes,4010,2402,572,36,59,2018,226,18730,5740,600,1000,93.0,96,10.5,38,15365,92,6.206522361088513,5.997186799017344,4.055047041618323,5.881850116998911,3.713882648638931,7.170125613822647,82.49222838843532,9.911870086910547,9.01750885336023,4299.868873409913,59647.28650004573,5.2445943428256845,9.710163764170094,1.8365502587017757,0.599002493765586,High,2,1,0.8285496211711022,0.7038341886902066,0.2580682077523296,0.6737982758594397,0.08562946627684587,-0.24979636902848895,1.7881674764475979,0.450010288926062,-0.38404127330500104,1.4573774316188435,1.2631079470739583,-0.9014177956963633,1.1856594896053954,1.3451900489885293,-1.0049429655521565,1.8145208041217669,0.6130958528832952
LaGrange College,Yes,544,399,177,15,35,600,363,6987,3585,750,1500,77.0,83,12.5,12,9067,75,5.03895279422394,4.889437266114273,3.5704158430607547,3.912896621040344,3.449642004455681,7.998975730785187,57.95852439523774,10.425882498985677,9.703857838201385,2948.2301091785516,40739.09727963728,6.017611906998858,4.953303378471571,1.833250813764736,0.7334558823529411,Low,0,1,-1.0590101139925283,-1.1459983022684914,-1.0717018872277622,-0.676685000581864,-1.3136720101265182,0.044477073842846375,-0.8351856147807202,1.3022200552656582,0.45491530270202957,0.18715763184081718,0.0931702615374012,-0.3549362148576937,-0.8342724276648658,0.1906898418233644,-0.0903631203076031,-1.0977194109733543,0.6130958528832952
Lake Forest College,Yes,979,638,271,31,70,968,20,16880,3970,920,1320,91.0,94,10.7,19,15687,77,5.400407741534469,5.192697267177692,3.7565839101178056,5.5134261936560724,3.5622517850492152,3.48630508621625,79.4957950401367,10.909559729173477,9.485241066919812,4117.019810783901,56445.99688283852,5.324335193798416,6.534472866673584,1.8366617219730035,0.651685393258427,High,2,1,-0.4746613745412009,-0.6395840032661476,-0.5608789584738112,0.4211004096393092,-0.7173404626878371,-1.557693330606437,1.467763240336396,2.104135436371046,0.1876897630087672,1.2855426885908192,1.0650292563104273,-0.8450453297697846,-0.16285168859179217,1.384191872682929,-0.646582952677566,1.8145208041217669,0.6130958528832952
Lakeland College,Yes,497,452,231,24,47,887,1957,9400,4005,500,1000,49.0,65,17.2,25,4054,57,4.98196577304998,4.9709954084378225,3.6882106860605774,4.914783971046612,3.542544617904109,11.280960591081802,64.48699058895528,9.502670860800531,9.01750885336023,1194.3628253525847,21470.19703315302,7.664655049418726,7.665481401085836,1.8259953649055154,0.9094567404426559,Medium,1,1,-1.1511385915133547,-1.009804246580691,-0.7484869146253899,0.010498375683124296,-0.8217008958343398,1.209707028602849,-0.13710627156303443,-0.22842386689854197,-0.38404127330500104,-1.461061558858064,-1.0990862943084903,0.809434146043267,0.3174147165843801,-2.348045421497086,1.1068312326634182,0.3584006965742063,0.6130958528832952
Lamar University,No,2336,1725,1043,10,27,5438,4058,4752,3040,508,1463,48.0,82,18.4,12,5879,26,5.907459486100697,5.803237894557119,4.271411282252925,3.140658651142298,3.883550085341286,12.880075151556685,50.4107085683329,9.537917836957522,9.660981907995986,1146.123359651444,39465.53223109407,8.055668848173166,4.953303378471571,1.8297392614479817,0.7384417808219178,Low,0,0,0.3450674740428588,0.37995864245898026,0.8517458283333176,-1.2063544244260114,0.9841131019378795,1.7774537630560379,-1.6422625236332482,-0.1699859447603196,0.40250604095224607,-1.5063952131493028,0.01436886348154269,1.0858597394275726,-0.8342724276648658,-1.038028307600199,-0.05644800445911641,-1.0977194109733543,-1.6310663255951814
Lambuth University,Yes,831,538,224,15,35,840,325,5170,3430,600,1590,61.0,61,16.1,10,5531,60,5.301151812815568,5.083705615621662,3.6748424997321827,3.912896621040344,3.5300756632693875,7.802076706540141,51.97715281136701,9.911870086910547,9.804195983824101,1850.701062143412,18178.60612562006,7.296780800241798,4.420803225514992,1.8291751520278259,0.6474127557160048,Low,0,1,-0.6351241853604215,-0.8215893143071906,-0.785167620400277,-0.676685000581864,-0.8877309597690635,-0.025429598759113263,-1.4747649314091091,0.450010288926062,0.5775633271818953,-0.8442593142160162,-1.3027523462610369,0.5493669618582913,-1.0603909108017935,-1.2354143694564317,-0.6756463197179272,-1.0977194109733543,0.6130958528832952
Lander University,No,1166,1009,510,9,33,2074,341,4938,2987,528,1702,67.0,77,17.0,11,6119,51,5.504951911263494,5.479361795902443,4.011405145761115,2.9528188947255454,3.71907651384366,7.887385205580847,51.1184707338764,9.623962657292298,9.921960868478504,2232.4911398680765,33467.66720923342,7.598466298912923,4.6929731524538,1.8300991791542378,0.8653516295025729,Low,0,0,-0.3056492908702077,-0.1608825066826165,0.13832006076575654,-1.3351916215524642,0.11313387715837982,0.0048581760811587885,-1.5665825502648651,-0.027327451483481167,0.7215128726545763,-0.48546721020260253,-0.3567469657519844,0.7626422816839673,-0.9448178904126144,-0.9120904379390368,0.8068191172241161,-1.0977194109733543,-1.6310663255951814
Lawrence University,Yes,1243,947,324,50,77,1129,74,17163,3891,525,975,76.0,92,10.1,57,13965,77,5.542862403096061,5.440249687600305,3.831097623329121,6.742710203651236,3.59604914907625,5.364102816591983,79.96768872839071,9.611239042489787,8.975331691133212,2872.1891570226703,53353.18359977521,5.083315041368852,12.123863457645546,1.8360203314813786,0.7618664521319388,High,2,1,-0.24436102167048232,-0.22619587092081328,-0.3564222338773654,1.2642526226817787,-0.5383645843639326,-0.8910034287473528,1.5182221423495426,-0.048422640127014555,-0.4355963981601234,0.11569717540939685,0.8736625013025863,-1.015433533114901,2.2106021312298387,1.159764591856979,0.10289146988744816,1.8145208041217669,0.6130958528832952
Le Moyne College,Yes,1470,1199,425,21,76,1820,558,11040,4840,400,900,89.0,92,13.3,28,8118,94,5.641454968885915,5.584892481328533,3.9404491647969806,4.61773086410158,3.6940056665585326,8.785349128754277,68.31405169452127,9.014694833976261,8.842506598639705,3938.140272384894,53353.18359977521,6.31311179805378,8.178628549458342,1.8324314716710592,0.8156462585034013,Medium,1,1,-0.08497064130012319,0.015343332187950868,-0.05637467169661178,-0.1932470423613438,-0.0196302315925545,0.3236696594104651,0.27211577596757486,-1.0374664620381557,-0.5979547424825227,1.1174383566772665,0.8736625013025863,-0.14603378484101692,0.5353152264185853,-0.09600402182322416,0.46871287093408565,0.3584006965742063,0.6130958528832952
Lebanon Valley College,Yes,1386,1060,320,28,56,965,502,13850,4755,400,1125,84.0,84,12.3,30,8196,85,5.607007882219711,5.509653395401532,3.825981434782986,5.270625276993018,3.5615581996386405,8.588810999306597,74.0825480387824,9.014694833976261,9.214767197935483,3508.30890518449,42037.76711508565,5.942596739668135,8.505142557374741,1.8325042926304187,0.7647907647907648,Medium,1,1,-0.14065977163556695,-0.11029852240444349,-0.37046044385885013,0.25456596475215887,-0.7210133839828519,0.25389111824308214,0.8889326545217692,-1.0374664620381557,-0.14292314097182654,0.7134988370127088,0.17352500962299197,-0.40796787821144803,0.673964674278998,-0.07052342909604602,0.12278325132230655,0.3584006965742063,0.6130958528832952
Lehigh University,Yes,6397,4304,1092,40,84,4298,132,18700,5580,750,1130,96.0,99,12.5,43,14665,91,6.45558400716191,6.328085588890845,4.28714008891437,6.150076980026682,3.8465371971017785,6.2753966209793965,82.44522511002265,10.425882498985677,9.222227730828438,4581.58506400201,64655.72972029902,6.017611906998858,10.397054457490185,1.8362950456115774,0.6728153822104112,High,2,1,1.2311969220631507,1.2564025396989156,0.8949037942058535,0.8577720942126082,0.7881092308468829,-0.5674593285581009,1.7831414846219875,1.3022200552656582,-0.13380378147789557,1.7221238214662933,1.5730036436391222,-0.3549362148576937,1.4773376812303964,1.2558890995477634,-0.502852383825676,1.8145208041217669,0.6130958528832952
Lenoir-Rhyne College,Yes,979,743,259,25,46,1188,166,10100,4000,400,1000,88.0,92,12.0,20,8539,66,5.400407741534469,5.2890055764802835,3.7373635680272894,5.0076495594765635,3.606991391852519,6.650931635508118,66.1701970968664,9.014694833976261,9.01750885336023,3850.189112920918,53353.18359977521,5.829176903378423,6.734445050971812,1.832812264370373,0.7589376915219612,Medium,1,1,-0.4746613745412009,-0.4787586231548643,-0.6136172803221093,0.07419384862799155,-0.48041931058016446,-0.4341300578220526,0.04287653889757052,-1.0374664620381557,-0.38404127330500104,1.0347851307407439,0.8736625013025863,-0.4881495639928844,-0.07793639470495539,0.03723816243313929,0.08296943256600599,0.3584006965742063,0.6130958528832952
Lesley College,Yes,244,198,82,12,33,1134,336,11700,5300,550,805,71.0,88,27.8,18,8694,58,4.519783782285431,4.417720986827806,3.2016514906503266,3.4779670941379464,3.597003202602706,7.861120892993484,69.74861006835079,9.715390024589627,8.658701024584962,2506.874201393403,47487.224979564795,10.833160262331031,6.329097661694977,1.8329452547566096,0.8114754098360656,Medium,1,1,-1.8983284299978318,-1.9337179753713518,-2.0835472025718933,-0.9749983196713342,-0.5333123392323613,-0.004466657844250936,0.42551100506044204,0.12425506576926057,-0.8226289220409905,-0.2276122220975675,0.5107083351693819,3.049395846654743,-0.25006129701322827,0.08377248302067658,0.44034189294097964,0.3584006965742063,0.6130958528832952
LeTourneau University,Yes,477,417,204,29,54,1532,77,8840,4240,600,1400,58.0,70,20.8,23,6863,56,4.95593610338965,4.918373274634123,3.633821714392488,5.353618702746615,3.6598371960134504,5.425026320234688,63.08014289724547,9.911870086910547,9.585611403607514,1673.2103108531687,26071.58053472029,8.80907576800775,7.305625713076967,1.8310891276625458,0.8742138364779874,Medium,1,1,-1.1932196441245424,-1.0976780212583972,-0.8977237533518456,0.3114902312545731,-0.20057132575300074,-0.8693732584646681,-0.28753843793944656,0.450010288926062,0.31037713613816026,-1.0110585156983387,-0.8143772774197001,1.6184776560804481,0.16460720682316513,-0.5657001269220826,0.8671016877807802,0.3584006965742063,0.6130958528832952
Lewis and Clark College,Yes,2774,2092,482,35,64,1763,59,15800,4790,450,950,75.0,98,12.3,21,12999,69,6.003866595106342,5.9167856900818006,3.989641506987224,5.811354652879335,3.6877904504021632,5.021358517260352,77.64561744360796,9.270525807002555,8.932140965162741,2797.1408339686877,62958.47816557827,5.942596739668135,6.929403951155235,1.835604332507842,0.7541456380677721,High,2,1,0.5009247199894679,0.5695722646717817,0.07860323674450698,0.6254462220634173,-0.05254326497791945,-1.0126907434074062,1.2699264555394159,-0.6133100630418952,-0.48839044954759636,0.04516955486019143,1.4679867891663476,-0.40796787821144803,0.0048500806392386695,1.0142034716403658,0.050372890726612975,1.8145208041217669,0.6130958528832952
Lewis University,Yes,1154,1050,395,12,31,2192,1423,10560,4520,500,1200,36.0,48,14.3,10,7701,61,5.498802360035185,5.503838552095976,3.911395938292381,3.4779670941379464,3.729482173353327,10.617624618652108,67.23497157163554,9.502670860800531,9.32358530355288,644.7330171299121,9701.095221244075,6.672921618566724,4.420803225514992,1.8320230425252189,0.9098786828422877,Medium,1,1,-0.3155910070790787,-0.12000873735552706,-0.1360932533386693,-0.9749983196713342,0.1682376434992249,0.9741974275393392,0.15673131641592297,-0.22842386689854197,-0.009909663407681455,-1.9775831942446136,-1.8272954091087186,0.10833228473918503,-1.0603909108017935,-0.23891640329430036,1.109701372409332,0.3584006965742063,0.6130958528832952
Lincoln Memorial University,Yes,787,562,363,21,55,925,605,5950,2890,600,1300,67.0,72,14.6,35,5177,53,5.2679412912728285,5.111732114358593,3.8774574061769953,4.61773086410158,3.5520515849465677,8.937025676652672,54.69095168024287,9.911870086910547,9.45926910861573,2232.4911398680765,28068.836197330573,6.778935197303488,9.275276881632609,1.8285422368803883,0.7141041931385006,Low,0,1,-0.6888142137980416,-0.7747878249528968,-0.22921652977833126,-0.1932470423613438,-0.7713562069627643,0.37752062599591957,-1.1845823868731788,0.450010288926062,0.1559430194537629,-0.48546721020260253,-0.6907977722592065,0.18327814727000463,1.0009910690058206,-1.4568760646136376,-0.22199732538726746,-1.0977194109733543,0.6130958528832952
Lincoln University,No,1660,1091,326,15,41,1196,33,4818,3400,350,1400,71.0,72,12.6,8,10912,45,5.712145845268364,5.527313155053948,3.833628465751883,3.912896621040344,3.608424042816066,4.176525845568229,50.663898435484796,8.729291720840871,9.585611403607514,2506.874201393403,28068.836197330573,6.05494407369219,3.833720635194582,1.8345181813486453,0.6572289156626506,Low,0,0,0.029312272275010876,-0.08080846511509544,-0.3494779047072408,-0.676685000581864,-0.47283262528934417,-1.3126386035345292,-1.6151893013898895,-1.5106521568656046,0.31037713613816026,-0.2276122220975675,-0.6907977722592065,-0.328544393486175,-1.3096870359996657,0.6341511409503717,-0.6088747631270249,-1.0977194109733543,-1.6310663255951814
Lindenwood College,Yes,810,484,356,6,33,2155,191,9200,4800,1000,4200,65.0,85,24.1,9,3480,100,5.2855430827578225,5.0154234689343715,3.86957240281316,2.2755807268401735,3.726294277548231,6.885029574078448,63.99102576351165,11.110633242948902,11.542187070790098,2101.2563449237364,43361.72889933899,9.791801861989976,4.135098422421764,1.8242254035283303,0.5975308641975309,Medium,1,1,-0.6603581510359379,-0.9356137663541593,-0.250852036743738,-1.7997017391221424,0.15135595854693618,-0.35101635011742205,-0.19013906507553494,2.437506398173015,2.7019914004443395,-0.6087967856553352,0.2554446883163039,2.3132118177100645,-1.1817113204611744,-2.967368009273922,-1.0149532952043148,0.3584006965742063,0.6130958528832952
Linfield College,Yes,1561,1188,458,48,72,1548,840,13380,4210,500,900,89.0,91,17.8,34,8747,81,5.6764647136025,5.579287163149109,3.9697926833824058,6.631738515706971,3.661934570578971,9.565129777883731,73.17504535087845,9.502670860800531,8.842506598639705,3938.140272384894,51847.00689353883,7.861445633866882,9.126046493076482,1.832989893485999,0.7610506085842409,Medium,1,1,-0.028371885781987703,0.005983003537405933,0.024140436725067316,1.1881383777111363,-0.18946455852884556,0.600521567382314,0.7918947191871395,-0.22842386689854197,-0.5979547424825227,1.1174383566772665,0.7804683371675396,0.9485544386053418,0.9376225443004441,0.09939190486615546,0.09734193280670322,0.3584006965742063,0.6130958528832952
Livingstone College,Yes,900,473,217,22,47,621,11,4400,3400,800,900,53.0,93,10.4,16,9268,92,5.349605797319046,5.000515405396743,3.6609834600058346,4.72006404693986,3.4581390737126427,2.7058024588481264,49.01981908725068,10.577309512175834,8.842506598639705,1397.2527513082268,54886.120254639376,5.204502215977128,5.900304933741678,1.833407559960534,0.5255555555555556,Low,0,1,-0.5567907029259515,-0.9605087624611856,-0.8231951692417276,-0.12305785184375591,-1.268675292861015,-1.8348015684232404,-1.790988301883678,1.5532793225065122,-0.5979547424825227,-1.27039315843607,0.9685124280279964,-0.9297607595238646,-0.4321419230686565,0.24553649602555663,-1.504544277855068,-1.0977194109733543,0.6130958528832952
Lock Haven University of Pennsylvania,No,3570,2215,651,17,41,3390,325,7352,3620,225,500,47.0,55,16.1,14,6374,63,6.143197771771551,5.950122609389507,4.103344871372642,4.167994170464725,3.807226598163691,7.802076706540141,59.03237589886059,7.819024955486473,7.890855810096345,1098.877156259179,13859.108607277798,7.296780800241798,5.443683341838181,1.83045849003174,0.6204481792717087,Low,0,0,0.7261754685444135,0.6252416327483828,0.39059168096430913,-0.5017164322200872,0.5799377010567156,-0.025429598759113263,-0.7203602438407968,-3.019834054395321,-1.7612021643396472,-1.5507954364939793,-1.5700197651757861,0.5493669618582913,-0.6260396734364524,-0.7863649021508365,-0.859064963239036,-1.0977194109733543,-1.6310663255951814
Longwood College,No,2747,1870,724,12,47,2874,118,7920,3962,550,2200,74.0,80,18.4,23,5553,62,5.998412265845277,5.850936214419293,4.1423109892400785,3.4779670941379464,3.778649635608737,6.094760335331136,60.63592652619316,9.715390024589627,10.37136003078452,2723.085158261725,36992.96354026978,8.055668848173166,7.305625713076967,1.8292124212934728,0.6807426283218057,Low,0,0,0.4921069393726276,0.4596101333641089,0.4975100519066017,-0.9749983196713342,0.42860675793904907,-0.6315921079320175,-0.5488949202059972,0.12425506576926057,1.2708345600115423,-0.024425212660713208,-0.13862047133804148,1.0858597394275726,0.16460720682316513,-1.2223735775258624,-0.44892961104956075,-1.0977194109733543,-1.6310663255951814
Loras College,Yes,1641,1283,527,20,39,1663,170,11200,4000,500,1200,61.0,62,14.2,24,7578,70,5.70547824005866,5.625962806577989,4.023956785294925,4.511710153177958,3.676271830145851,6.690436727374396,68.66688667755301,9.502670860800531,9.32358530355288,1850.701062143412,18969.870093350863,6.6373917079764695,7.487471891197417,1.8318959968119808,0.7818403412553321,Medium,1,1,0.018533040372279975,0.08392672563933998,0.17276025971437597,-0.2659654673280361,-0.11354077874271942,-0.42010424162618726,0.30984390473632706,-0.22842386689854197,-0.009909663407681455,-0.8442593142160162,-1.253793161208231,0.08321456089136182,0.2418255545223002,-0.28337063879501545,0.2387580078403852,0.3584006965742063,0.6130958528832952
Louisiana College,Yes,2013,1053,212,33,61,912,158,5150,3036,500,1655,64.0,74,10.5,11,7547,59,5.822983301086512,5.505589206739493,3.650764513624618,5.665746738617808,3.5488535945502053,6.569278147119212,51.904137390478475,9.502670860800531,9.873442243773347,2037.1282036672906,30158.03455349912,5.2445943428256845,4.6929731524538,1.831863474488826,0.5230998509687034,Low,0,1,0.20849844215107116,-0.11708531672312299,-0.8512347369385495,0.5255753751737814,-0.7882913484016805,-0.46312016430682257,-1.4825723635909107,-0.22842386689854197,0.662206280593937,-0.6690620258234224,-0.5615293446508958,-0.9014177956963633,-0.9448178904126144,-0.2947504404089656,-1.521248489958658,-1.0977194109733543,0.6130958528832952
Louisiana State University at Baton Rouge,No,5996,4993,3079,29,57,16269,3757,5925,2980,600,2242,83.0,87,15.9,11,6741,37,6.421571083069312,6.410190136295224,4.614290017316628,5.353618702746615,4.033008794095295,12.70558523723729,54.607717037031236,9.911870086910547,10.404812001451734,3425.3200408639627,46086.272753520185,7.228855508595915,4.6929731524538,1.83093841239705,0.8327218145430287,Low,0,0,1.1762096837739802,1.3935090379937503,1.7925641030324706,0.3114902312545731,1.775580260471556,1.715503180215723,-1.1934825455539497,0.450010288926062,1.311724473731089,0.6355089913449042,0.4240248994484804,0.5013474568975291,-0.9448178904126144,-0.6184365139684422,0.5848643459119044,-1.0977194109733543,-1.6310663255951814
Louisiana Tech University,No,2397,2144,1525,22,45,6720,1822,3957,2325,618,1656,66.0,77,20.0,13,4546,45,5.9219987180000375,5.931128778361947,4.398285184553678,4.72006404693986,3.9152682123394795,11.130340129177704,47.161284810611114,9.979117011924112,9.87448776764882,2166.3773306690255,33467.66720923342,8.5618980989159,5.203164536960752,1.8272304540093036,0.8944513975803087,Low,0,0,0.36857242783083755,0.5935238078078642,1.1998726547017322,-0.12305785184375591,1.152078261402681,1.1562310128741895,-1.9897186542645513,0.5615027060478693,0.6634842734956136,-0.5475985071923998,-0.3567469657519844,1.4437364217104218,-0.7281725029254713,-1.9158786015014997,1.0047617772404283,-1.0977194109733543,-1.6310663255951814
Loyola College,Yes,4076,3137,738,25,54,3010,184,12990,6300,600,900,86.0,88,14.7,27,9448,80,6.21537346279097,6.1503297733980204,4.149265448575484,5.0076495594765635,3.7867552004274927,6.822406084497604,72.405986826691,9.911870086910547,8.842506598639705,3677.2640912751194,47487.224979564795,6.814084059463645,8.010865648125515,1.83354354659807,0.7696270853778214,Medium,1,1,0.8428588183783059,0.959567855333259,0.5165922572588413,0.07419384862799155,0.4715302410126917,-0.37325008032561235,0.7096604158254454,0.450010288926062,-0.5979547424825227,0.87227663203218,0.5107083351693819,0.2081264905007414,0.46407713838160014,0.293119227122139,0.15568090738390533,0.3584006965742063,0.6130958528832952
Loyola Marymount University,Yes,3768,2662,753,42,64,3558,436,13592,5916,545,1328,84.0,88,14.2,10,11677,84,6.17267513386721,6.056483608897731,4.156549744639357,6.276768658259247,3.8154044354835737,8.33003301199297,73.5869359818641,9.694894803267145,9.495527939944564,3508.30890518449,47487.224979564795,6.6373917079764695,4.420803225514992,1.83495095809974,0.7064755838641189,Medium,1,1,0.7738302579202804,0.8028540142634839,0.5365794951782119,0.9446685054628217,0.6232439073024226,0.16201505077606465,0.835937582031812,0.09027489843478351,0.20026389069202183,0.7134988370127088,0.5107083351693819,0.08321456089136182,-1.0603909108017935,0.785582929729812,-0.2738887084375518,0.3584006965742063,0.6130958528832952
Loyola University,Yes,1891,1698,719,24,80,2740,761,11100,5870,600,750,77.0,88,11.7,14,9456,53,5.7872154341553195,5.793883098790736,4.1397895715852515,4.914783971046612,3.7701928768548614,9.37394569136984,68.44675582073948,9.911870086910547,8.542878851701946,2948.2301091785516,47487.224979564795,5.714647119153561,5.443683341838181,1.8335494976829603,0.8979375991538868,Medium,1,1,0.1506740629037482,0.3643370559532396,0.4905915831734225,0.010498375683124296,0.38382350725306236,0.5326439159115879,0.28630563412473825,0.450010288926062,-0.9642037997398595,0.18715763184081718,0.5107083351693819,-0.5691159228921928,-0.6260396734364524,0.2952015557773247,1.0284756436528237,0.3584006965742063,0.6130958528832952
Loyola University Chicago,Yes,3579,2959,868,25,55,5244,3417,11500,5330,700,2000,75.0,95,6.2,15,13009,65,6.144575350877469,6.117064883495804,4.207365735808101,5.0076495594765635,3.8779581182562715,12.492637745597118,69.31963380774398,10.265383834059623,10.203474874757537,2797.1408339686877,58032.99277532507,3.3516553462196903,5.675799188389897,1.8356088815347746,0.8267672534227438,Medium,1,1,0.7284025417108679,0.9040187692614088,0.6760125023888294,0.07419384862799155,0.9545005197318147,1.639898688844697,0.37964120082548247,1.036120392064417,1.0656206545879023,0.04516955486019143,1.1632240797157132,-2.2396232172030177,-0.5274750385853566,1.015795209837674,0.5443601857333666,0.3584006965742063,0.6130958528832952
Luther College,Yes,1549,1392,587,38,72,2269,85,13240,3560,600,400,73.0,85,13.8,38,8949,77,5.671975319456392,5.675161457289368,4.064787944038289,6.018587232987885,3.735911175642205,5.577602526635442,72.9006876206338,9.911870086910547,7.540282586470517,2650.022148392148,43361.72889933899,6.494286444209187,9.710163764170094,1.8331562746310441,0.8986442866365397,Medium,1,1,-0.03562969710729435,0.16608362112340377,0.2847960799461614,0.7675847409999096,0.20228279360258486,-0.8152028787555625,0.7625580482980134,0.450010288926062,-2.1897242687337264,-0.09308710977675971,0.2554446883163039,-0.01795311549064537,1.1856594896053954,0.15760989913139675,1.0332826785316884,0.3584006965742063,0.6130958528832952
Lycoming College,Yes,1286,1005,363,16,37,1363,74,13900,4300,500,900,75.0,81,14.0,32,8024,72,5.562951055291437,5.476917028464472,3.8774574061769953,4.043409132038042,3.6359110861858244,5.364102816591983,74.17789413409939,9.502670860800531,8.842506598639705,2797.1408339686877,38216.88394908151,6.566038151310228,8.820611540394847,1.8323422667645395,0.78149300155521,Medium,1,1,-0.21188455766026815,-0.16496502723917741,-0.22921652977833126,-0.5871679226871698,-0.3272734116863364,-0.8910034287473528,0.8991278730650316,-0.22842386689854197,-0.5979547424825227,0.04516955486019143,-0.06289081824039729,0.0327714581047688,0.8079240121706287,-0.12721747894174595,0.23639533113492905,0.3584006965742063,0.6130958528832952
Lynchburg College,Yes,1756,1500,366,3,21,1524,280,12450,5400,450,870,62.0,66,12.4,24,8832,70,5.7446277065069875,5.720000413639355,3.8807831663637535,1.2693752740102677,3.6587784784710604,7.540078975972184,71.3156900816512,9.270525807002555,8.786486228653422,1911.850540404655,22346.50996978621,5.980163231535211,7.487471891197417,1.833060620036571,0.8542141230068337,Medium,1,1,0.0818243067928728,0.2409602569090338,-0.2200910412571849,-2.4898468540270966,-0.20617782517983765,-0.11844879803394849,0.5930765792694405,-0.6133100630418952,-0.6664310698733421,-0.7867933106586992,-1.0448647336429244,-0.38141040162417134,0.2418255545223002,0.12413964845508305,0.7310594872564017,0.3584006965742063,0.6130958528832952
Lyndon State College,No,535,502,223,6,20,959,150,7320,4640,500,600,48.0,65,12.6,15,7114,51,5.02846015943456,5.03905317297932,3.6728934624429943,2.2755807268401735,3.560163116683708,6.483810091286072,58.939649287563796,9.502670860800531,8.18162464989385,1146.123359651444,21470.19703315302,6.05494407369219,5.675799188389897,1.8313865890543068,0.9383177570093458,Low,0,0,-1.0759731074674248,-0.8961544905921282,-0.7905155458101099,-1.7997017391221424,-0.7284011257308174,-0.4934645879014134,-0.7302753647883726,-0.22842386689854197,-1.4057817650474291,-1.5063952131493028,-1.0990862943084903,-0.328544393486175,-0.5274750385853566,-0.46161618402717364,1.303149855365994,-1.0977194109733543,-1.6310663255951814
Macalester College,Yes,2939,1496,452,56,86,1723,113,15909,4772,500,700,85.0,91,11.9,37,14213,77,6.036006999374421,5.718402152655554,3.9646425817117357,7.056958567922015,3.6832808748232915,6.025537131757864,77.83604588635534,9.502670860800531,8.430546202210584,3592.2902607546,51847.00689353883,5.791125549906482,9.567248268196495,1.8361200420074693,0.5090166723375298,High,2,1,0.5528847356408035,0.23829131866166753,0.01000917318250654,1.479792076238102,-0.07642398092520455,-0.6561689886311979,1.290288690450118,-0.22842386689854197,-1.101513269226264,0.7924213890142526,0.7804683371675396,-0.5150498114932618,1.1249724926404445,1.1946540430298023,-1.6170451929527354,1.8145208041217669,0.6130958528832952
MacMurray College,Yes,740,558,177,12,29,628,63,9620,3750,550,950,49.0,55,10.8,33,10642,59,5.230188685289087,5.1071510260866395,3.5704158430607547,3.4779670941379464,3.460893953618064,5.11982162968427,65.02461360970122,9.715390024589627,8.932140965162741,1194.3628253525847,13859.108607277798,5.363987759453567,8.97452607649717,1.8343540900768143,0.754054054054054,Medium,1,1,-0.7498472357050556,-0.7824377906515513,-1.0717018872277622,-0.9749983196713342,-1.2540866684240541,-0.9777325784800756,-0.07961902814555372,0.12425506576926057,-0.48839044954759636,-1.461061558858064,-1.5700197651757861,-0.8170131119162174,0.8732815923383459,0.5767343902732406,0.04974991726366623,0.3584006965742063,0.6130958528832952
Malone College,Yes,874,758,428,21,46,1605,246,9858,3700,450,1200,42.0,45,17.6,16,4796,55,5.331831597206718,5.301563713481391,3.943223687030702,4.61773086410158,3.669197274337505,7.315607985354353,65.59720980179328,9.270525807002555,9.32358530355288,877.5461121268073,8191.756865096928,7.796140014934541,5.900304933741678,1.8277819483059758,0.8672768878718535,Medium,1,1,-0.5855254913350624,-0.4577877726507077,-0.048761714245170354,-0.1932470423613438,-0.15100449450875833,-0.1981445715905973,-0.018392154658909775,-0.6133100630418952,-0.009909663407681455,-1.7587941133611364,-1.9206851992413667,0.9023869004718892,-0.4321419230686565,-1.7229066647339266,0.8199151241000486,0.3584006965742063,0.6130958528832952
Manchester College,Yes,1004,802,239,23,63,909,51,10440,3850,525,1450,63.0,72,11.8,20,7940,64,5.415571724579613,5.336921007105192,3.7029278290884244,4.818997178837589,3.5481077071140272,4.804911551087221,66.96018837707408,9.611239042489787,9.645678727479,1973.9929282613914,28068.836197330573,5.752949445648684,6.734445050971812,1.8322611777606723,0.798804780876494,Medium,1,1,-0.45014641232136243,-0.3987445786840467,-0.7081048328687385,-0.055200718403029835,-0.7922412380710037,-1.0895376818722786,0.12734915124957544,-0.048422640127014555,0.38380024519512246,-0.7283942076217277,-0.6907977722592065,-0.5420382510475145,-0.07793639470495539,-0.1555911216452529,0.35415364588562803,0.3584006965742063,0.6130958528832952
Manhattan College,Yes,2432,1730,563,20,63,2578,254,12370,6800,500,1800,92.0,92,13.6,25,10062,79,5.930162621353171,5.804953060296053,4.049059958848653,4.511710153177958,3.7592700023380052,7.370831534515837,71.15153979299214,9.502670860800531,10.019259575285039,4207.948159114593,53353.18359977521,6.422128545636341,7.665481401085836,1.833978888706438,0.7113486842105263,Medium,1,1,0.38177066088561296,0.3828228001200932,0.2416403680941022,-0.2659654673280361,0.3259807991971215,-0.17853810281325283,0.575524228947648,-0.22842386689854197,0.840445648422016,1.37099376580703,0.8736625013025863,-0.0689648444728493,0.3174147165843801,0.44544865340120904,-0.24074086882187082,0.3584006965742063,0.6130958528832952
Manhattanville College,Yes,962,750,212,21,54,830,150,14700,6550,450,400,97.0,97,11.3,24,11291,70,5.389856794775758,5.294899483807629,3.650764513624618,4.61773086410158,3.527312872804406,6.483810091286072,75.67372050657417,9.270525807002555,7.540282586470517,4677.47509485812,61289.05591242347,5.560145089438339,7.487471891197417,1.8347382397698444,0.7796257796257796,Medium,1,1,-0.4917186384805819,-0.46891637908345407,-0.8512347369385495,-0.1932470423613438,-0.9023614750275749,-0.4934645879014134,1.059074399658023,-0.6133100630418952,-2.1897242687337264,1.8122377032356005,1.3646918631281069,-0.678340495986942,0.2418255545223002,0.711151211480644,0.22369410016412225,0.3584006965742063,0.6130958528832952
Mankato State University,No,3073,2672,1547,9,29,9649,1792,4300,2643,450,1660,57.0,68,19.0,11,5801,68,6.060714566993524,6.058638833252642,4.402925392994653,2.9528188947255454,3.966199958426506,11.095506832385977,48.6114185993569,9.270525807002555,9.878664025344904,1616.0326987995059,24164.67508092954,8.247440324781588,4.6929731524538,1.829617371036127,0.8695086234949561,Low,0,0,0.592828402481052,0.8064530264215584,1.2126048321547065,-1.3351916215524642,1.421790241993952,1.1438638623319117,-1.8346579688313334,-0.6133100630418952,0.6685891092783032,-1.064791907235012,-0.9323663945762501,1.2214317943896493,-0.9448178904126144,-1.0806786649854614,0.835095852843659,-1.0977194109733543,-1.6310663255951814
Marian College of Fond du Lac,Yes,824,670,337,15,41,1160,653,9400,3400,500,1100,37.0,37,8.4,21,5352,59,5.295996423872077,5.223745190514671,3.8472352107049304,3.912896621040344,3.601883015485406,9.081339659306282,64.48699058895528,9.502670860800531,9.176997673903145,681.0512669679903,4904.775354483814,4.368041271262717,6.929403951155235,1.828863184842739,0.8131067961165048,Medium,1,1,-0.6434586819634578,-0.5877370327555645,-0.3121426225742757,-0.676685000581864,-0.5074710104222545,0.42875760076475034,-0.13710627156303443,-0.22842386689854197,-0.1890906028016409,-1.9434526548886744,-2.1240660463495327,-1.5210933767410013,0.0048500806392386695,-1.3445739968132284,0.4514389208967223,0.3584006965742063,0.6130958528832952
Marietta College,Yes,1611,960,342,27,60,1089,210,13850,3920,470,810,80.0,97,13.2,30,10223,96,5.694779819977624,5.448673345323377,3.8532517201481262,5.185399347607472,3.5882265667139333,7.045129773644401,74.0825480387824,9.365958434056012,8.66886382941484,3182.3085613523126,61289.05591242347,6.276560578554963,8.505142557374741,1.8340863236063434,0.595903165735568,Medium,1,1,0.001237362626019914,-0.21212919313308512,-0.2956340396404083,0.19611044886994475,-0.579789517620171,-0.294174665515488,0.8889326545217692,-0.4550870028747937,-0.810206448735117,0.4071358482998492,1.3646918631281069,-0.1718735188122101,0.673964674278998,0.48304092015038574,-1.0260252378536412,0.3584006965742063,0.6130958528832952
Marist College,Yes,4731,3171,830,12,31,3557,658,10700,5925,550,1200,74.0,81,17.6,34,8408,69,6.295679661894586,6.156453615902069,4.191479602483725,3.4779670941379464,3.815357158377166,9.095817612414471,67.55297303014811,9.715390024589627,9.32358530355288,2723.085158261725,38216.88394908151,7.796140014934541,9.126046493076482,1.8326969302070313,0.6702599873176919,Medium,1,1,0.9726864125653357,0.969794068477141,0.63242285095389,-0.9749983196713342,0.6229935486757224,0.43389782698863,0.19073474734650595,0.12425506576926057,-0.009909663407681455,-0.024425212660713208,-0.06289081824039729,0.9023869004718892,0.9376225443004441,-0.0031181150656887243,-0.5202347100732847,0.3584006965742063,0.6130958528832952
Marquette University,Yes,5152,4600,1685,36,71,7016,804,11610,4760,600,1950,75.0,94,13.5,25,9982,77,6.3412243884308985,6.364967078999048,4.430396442050196,5.881850116998911,3.921549724947302,9.480111708360925,69.55617141431811,9.911870086910547,10.159077283521022,2797.1408339686877,56445.99688283852,6.385894684619047,7.665481401085836,1.833924513893347,0.8928571428571429,Medium,1,1,1.0463166221894562,1.3179909915020322,1.2879821079481732,0.6737982758594397,1.1853423714465416,0.5703369061115457,0.40493382119662763,0.450010288926062,1.0113513951449566,0.04516955486019143,1.0650292563104273,-0.09458022317358943,0.3174147165843801,0.4264225037984641,0.9939173258412282,0.3584006965742063,0.6130958528832952
Marshall University,Yes,4226,3666,2007,14,60,7703,2339,5094,4010,700,1560,77.0,86,16.6,10,6203,50,6.234930075193482,6.238405573813758,4.485506164243873,3.7757494643672955,3.9349619997249303,11.661372591918797,51.6986986442851,10.265383834059623,9.77134766736873,2948.2301091785516,44711.16894989349,7.4651717527356345,4.420803225514992,1.8302200527705021,0.8674869853289162,Low,0,1,0.8744751564319901,1.10664575736518,1.4391965999865088,-0.7707527080612918,1.2563678412650592,1.3447678157161058,-1.504539628298836,1.036120392064417,0.5374112883362752,0.18715763184081718,0.3389408259481421,0.6684102516652818,-1.0603909108017935,-0.8697958648575443,0.8213442505935161,-1.0977194109733543,0.6130958528832952
Mary Baldwin College,Yes,499,441,199,26,52,846,377,11200,7400,600,1300,66.0,79,6.8,50,10819,90,4.984506663462091,4.954940977555565,3.622838414751639,5.097794723902809,3.5317141794754683,8.066854975806248,68.66688667755301,9.911870086910547,9.45926910861573,2166.3773306690255,35793.58122346702,3.6411284346293966,11.292148923670752,1.8344623741780377,0.8837675350701403,Medium,1,1,-1.1470308427594682,-1.0366135631163713,-0.9278606150522003,0.13602341304359422,-0.8790541032870998,0.06857679793416514,0.30984390473632706,0.450010288926062,0.1559430194537629,-0.5475985071923998,-0.21283183845717074,-2.0349814104756483,1.8574265916903179,0.6146237988497373,0.9320879277835553,0.3584006965742063,0.6130958528832952
Mary Washington College,No,4350,2178,756,39,78,2997,736,6490,4942,650,2102,75.0,80,17.6,30,5358,84,6.250542257454809,5.940307083324971,4.15798651670588,6.0849584643019385,3.785999864190041,9.30970884024817,56.4353752661035,10.094559934711176,10.290945852164077,2797.1408339686877,36992.96354026978,7.796140014934541,8.505142557374741,1.8288739014774846,0.5006896551724138,Low,0,0,0.8997147031372483,0.6088506720747661,0.5405218260332026,0.813108029442438,0.4675303146746608,0.5098373807468692,-0.9980537237879832,0.7529019484450437,1.1725405354732255,0.04516955486019143,-0.13862047133804148,0.9023869004718892,0.673964674278998,-1.3408241669872993,-1.6736872913798235,-1.0977194109733543,-1.6310663255951814
Marymount College Tarrytown,Yes,478,327,117,9,34,731,370,11510,6450,575,1075,71.0,93,10.3,30,10502,77,4.957265201673889,4.75781759766434,3.3774336087828463,2.9528188947255454,3.4975641396522104,8.033204698526184,69.34119845113041,9.81549253516331,9.13842476453043,2506.874201393403,54886.120254639376,5.164259653618441,8.505142557374741,1.834266455521938,0.6841004184100419,Medium,1,1,-1.1910709478270352,-1.3657901703000899,-1.601222076536666,-1.3351916215524642,-1.0598975965037563,0.05662966449456534,0.3819470766078227,0.2902205855542885,-0.23624008023760057,-0.2276122220975675,0.9685124280279964,-0.958210073115202,0.673964674278998,0.5460704108190557,-0.4260892262029746,0.3584006965742063,0.6130958528832952
Marymount Manhattan College,Yes,695,535,239,21,30,988,785,10200,7000,350,1100,63.0,76,11.7,20,10622,68,5.191548092164271,5.0801085006513915,3.7029278290884244,4.61773086410158,3.566809757793298,9.433848229242697,66.40433682823063,8.729291720840871,9.176997673903145,1973.9929282613914,32340.751369602982,5.714647119153561,6.734445050971812,1.8343416799475618,0.7697841726618705,Medium,1,1,-0.8123158284083657,-0.8275961416161424,-0.7081048328687385,-0.1932470423613438,-0.693203456778261,0.553911604358295,0.06791275797904349,-1.5106521568656046,-0.1890906028016409,-0.7283942076217277,-0.4264744945937568,-0.5691159228921928,-0.07793639470495539,0.572391994183501,0.1567494476821079,0.3584006965742063,0.6130958528832952
Marymount University,Yes,941,772,214,10,30,1247,776,11390,5280,500,750,77.0,82,10.6,17,8575,55,5.376543401746146,5.313046976318407,3.654885123840124,3.140658651142298,3.617290940320485,9.411580718817325,69.08160598393708,9.502670860800531,8.542878851701946,2948.2301091785516,39465.53223109407,5.28453802129421,6.117876942980019,1.83284348261363,0.820403825717322,Medium,1,1,-0.5132418310459615,-0.43861185601325064,-0.8399282749238088,-1.2063544244260114,-0.4258774613424748,0.5460057878265181,0.3541892337048503,-0.22842386689854197,-0.9642037997398595,0.18715763184081718,0.01436886348154269,-0.8731797768392634,-0.3397531182413292,0.048161656837558055,0.5010748302120483,0.3584006965742063,0.6130958528832952
Maryville College,Yes,1464,888,176,26,52,624,128,11200,4208,500,1642,80.0,90,11.1,43,8317,51,5.639065390935263,5.400397179237296,3.5678566390056274,5.097794723902809,3.4593243447720314,6.22561986178647,68.66688667755301,9.502670860800531,9.859796936402502,3182.3085613523126,50367.40936643958,5.482096185079573,10.397054457490185,1.832615168951587,0.6065573770491803,Medium,1,1,-0.0888337696752466,-0.2927456302539534,-1.0787240373278568,0.13602341304359422,-1.2623986220314107,-0.585131978899709,0.30984390473632706,-0.22842386689854197,0.6455269809908969,0.4071358482998492,0.6889187505729792,-0.7335168472284893,1.4773376812303964,-0.03172698357226453,-0.9535530819877032,0.3584006965742063,0.6130958528832952
Maryville University,Yes,549,397,169,26,51,1343,1751,9250,4550,425,1350,52.0,58,13.1,13,5925,61,5.044701800824957,4.886136211933694,3.549459064079267,5.097794723902809,3.6328415567550256,11.047041545543884,64.11567546385511,9.145892219823459,9.523523757948993,1345.040514947662,15928.406042687022,6.239901345838685,5.203164536960752,1.8298099834104258,0.7231329690346083,Medium,1,1,-1.0497159411353072,-1.1515107372515572,-1.1292047843991242,0.13602341304359422,-0.3435282807192833,1.1266568347561237,-0.17681045489880137,-0.8199470191013106,0.23448449294285456,-1.3194602747181297,-1.4419827001745347,-0.19778961228228817,-0.7281725029254713,-1.0132821694312566,-0.16058171847271957,0.3584006965742063,0.6130958528832952
Marywood College,Yes,1107,859,323,13,51,1452,402,11040,4500,600,700,65.0,76,11.8,30,9034,66,5.474037411147247,5.3797566274686455,3.8298254345714726,3.631117880323472,3.6489345642585556,8.182607554540978,68.31405169452127,9.911870086910547,8.430546202210584,2101.2563449237364,32340.751369602982,5.752949445648684,8.505142557374741,1.8332245666792748,0.7759710930442638,Medium,1,1,-0.35562743976016414,-0.32721331645816476,-0.3599129678006575,-0.8699539009271027,-0.2583068371027478,0.10967338363573148,0.27211577596757486,0.450010288926062,-1.101513269226264,-0.6087967856553352,-0.4264744945937568,-0.5420382510475145,0.673964674278998,0.18150579232996003,0.19883416377086116,0.3584006965742063,0.6130958528832952
Massachusetts Institute of Technology,Yes,6411,2140,1078,96,99,4481,28,20100,5975,725,1600,99.0,99,10.1,35,33541,94,6.456729783153771,5.930038748772028,4.282730544210477,8.683449458003517,3.853236328864263,3.9462911658014495,84.58805217120056,10.346839647822023,9.81501796881166,4872.2320217118595,64655.72972029902,5.083315041368852,9.275276881632609,1.8399909979713427,0.33380127905163,High,2,1,1.233049249058588,0.5917035658744251,0.8828045304829077,2.5953840650015696,0.8235848670603793,-1.3943807068374012,2.012270848719125,1.1711705161133865,0.5907915473312447,1.9952630138290124,1.5730036436391222,-1.015433533114901,1.0009910690058206,2.549130189017226,-2.808896651361814,1.8145208041217669,0.6130958528832952
Mayville State University,No,233,233,153,5,12,658,58,4486,2516,600,1900,68.0,68,15.7,11,6971,51,4.488970137320135,4.529378561038839,3.503884843901794,1.9933074045048962,3.4722907697606975,4.9958040143921405,49.36619663030588,9.911870086910547,10.113612769182097,2299.597751802593,24164.67508092954,7.160596602002433,4.6929731524538,1.8312191420288717,1.0,Low,0,0,-1.9481435306828494,-1.7472608363681859,-1.2542549984060187,-1.9933098674917418,-1.1937341753245252,-1.0217635677769705,-1.7539506577286061,0.450010288926062,0.9557779855209387,-0.42240291415622744,-0.9323663945762501,0.4530921042246257,-0.9448178904126144,-0.5202071377308939,1.7227252698753677,-1.0977194109733543,-1.6310663255951814
McKendree College,Yes,1002,555,119,16,43,836,684,7680,3740,500,800,70.0,74,17.7,21,6652,52,5.414373604228048,5.103692086084717,3.3855782513701524,4.043409132038042,3.528975378932926,9.169541520912746,59.9678965081819,9.502670860800531,8.648479600106288,2436.7893025328367,30158.03455349912,7.828828751567432,6.929403951155235,1.8308257854319472,0.5538922155688623,Low,0,1,-0.45208336220227346,-0.7882138793880231,-1.5788741505691748,-0.5871679226871698,-0.8935575785363356,0.4600726298048781,-0.6203263931409054,-0.22842386689854197,-0.835123048894733,-0.29347540133892097,-0.5615293446508958,0.9254960681010471,0.0048500806392386695,-0.6578455227638046,-1.3117924372208714,-1.0977194109733543,0.6130958528832952
McMurry University,Yes,578,411,187,25,50,880,477,6930,3452,400,1525,57.0,64,11.0,11,6383,32,5.076974834090287,4.908878983975256,3.595125418349053,5.0076495594765635,3.5407392063683645,8.494612266269982,57.78752508466392,9.014694833976261,9.732277081436346,1616.0326987995059,20615.457243900444,5.442866458260426,4.6929731524538,1.8304707659653061,0.7110726643598616,Low,0,1,-0.9975415098619549,-1.1135325504797748,-1.0039017654530284,0.07419384862799155,-0.831261556100257,0.22044697084235815,-0.853470321000218,-1.0374664620381557,0.48965347748439847,-1.064791907235012,-1.1519730239216481,-0.7612501409097624,-0.9448178904126144,-0.7820694621251131,-0.24261841311404275,-1.0977194109733543,0.6130958528832952
McPherson College,Yes,420,293,93,11,32,336,80,7950,3750,600,2740,54.0,54,9.8,45,9754,48,4.874783886535256,4.684413154146564,3.265003322085337,3.3150176007474266,3.296409492185546,5.483847081706926,60.7184912740814,9.911870086910547,10.762536303349451,1450.45811339991,13208.53355099297,4.960717438383923,10.660094564281724,1.8337657896250632,0.6976190476190476,Low,0,1,-1.3244149589912833,-1.4883683529729113,-1.909717347714768,-1.086763562568219,-2.1251235614779387,-0.8484896419500415,-0.5400663924525377,0.450010288926062,1.7489876767123984,-1.2203927395581404,-1.6102738723642291,-1.1021034032334367,1.5890338556289196,0.3708837073909956,-0.3341327055098717,-1.0977194109733543,0.6130958528832952
Mercer University,Yes,2286,1668,564,37,70,2943,1260,11985,4081,400,1500,93.0,95,9.2,15,8995,91,5.895234735949591,5.7833003312364335,4.04973062355749,5.950905246358549,3.7828190437436064,10.36982799226306,70.35166117998111,9.014694833976261,9.703857838201385,4299.868873409913,58032.99277532507,4.711044876780013,5.675799188389897,1.833193356198224,0.7296587926509186,Medium,1,1,0.3253042438144208,0.3466648776451087,0.24348059191012,0.7211624200833137,0.45068609768969364,0.8862201625464421,0.48999437855768163,-1.0374664620381557,0.45491530270202957,1.4573774316188435,1.1632240797157132,-1.2786083915816426,-0.5274750385853566,0.17058501397895323,-0.11619171227201602,0.3584006965742063,0.6130958528832952
Mercyhurst College,Yes,1557,1074,397,15,40,1805,433,9813,4050,425,1000,45.0,63,16.7,29,7307,78,5.674972378397875,5.517696294192776,3.9134109150869563,3.912896621040344,3.69239330709188,8.31744969698649,65.48964722821539,9.145892219823459,9.01750885336023,1007.3646531093469,19782.08415571577,7.498611600723711,8.343335916108645,1.8316045290862637,0.6897880539499036,Medium,1,1,-0.030784480220519887,-0.09686767448835867,-0.13056439780588436,-0.676685000581864,-0.02816857356168508,0.15754749342895147,-0.02989366335789303,-0.8199470191013106,-0.38404127330500104,-1.6367954806657434,-1.2035376962767816,0.6920504143711256,0.6052558258750537,-0.38535735357385287,-0.38740074920356804,0.3584006965742063,0.6130958528832952
Meredith College,Yes,857,772,376,25,58,1721,470,6720,3250,450,1520,77.0,82,13.9,33,6881,82,5.319900273901076,5.313046976318407,3.8916460130493578,5.0076495594765635,3.6830520559105797,8.467439391951036,57.149438191869855,9.270525807002555,9.72662792039957,2948.2301091785516,39465.53223109407,6.530212562649016,8.97452607649717,1.8311110150048044,0.9008168028004667,Low,0,1,-0.6048143509440266,-0.43861185601325064,-0.19028468807178592,0.07419384862799155,-0.07763570459238019,0.2107995628069343,-0.9217000193428616,-0.6133100630418952,0.48274824282185724,0.18715763184081718,0.01436886348154269,0.007444705863380859,0.8732815923383459,-0.5580415838477039,1.0480605842272723,-1.0977194109733543,0.6130958528832952
Merrimack College,Yes,1981,1541,514,18,36,1927,1084,12500,6200,375,1000,73.0,75,16.8,22,8707,80,5.813831465303139,5.736124359902154,4.014401453441085,4.287247085802575,3.705056645688725,10.067464488315833,71.41793260455245,8.876143428916356,9.01750885336023,2650.022148392148,31237.605304478584,7.531973546882462,7.119694928162363,1.8329562426401564,0.7778899545683998,Medium,1,1,0.19370306102965756,0.2678856572756942,0.1465415709781452,-0.4199221856006509,0.03889086178571142,0.7788695722717321,0.604009222729325,-1.2671785424438449,-0.38404127330500104,-0.09308710977675971,-0.4947312768374728,0.7156355046998162,0.08565438996495688,0.08761722481002732,0.2118866579789178,0.3584006965742063,0.6130958528832952
Mesa State College,No,1584,1456,891,6,18,3471,911,5016,3798,540,2256,48.0,48,28.8,12,3871,59,5.684966731814418,5.702163374823379,4.216596128838312,2.2755807268401735,3.8112296623989326,9.723594717102868,51.410065761998844,9.67423499739097,10.415833788023631,1146.123359651444,9701.095221244075,11.105146608404011,4.953303378471571,1.8254752133535368,0.9191919191919192,Low,0,0,-0.014627036909692534,0.21117416089704696,0.7013395978235011,-1.7997017391221424,0.6011361571527671,0.6567826721153424,-1.5354027203205598,0.05602185721487039,1.3251969207340941,-1.5063952131493028,-1.8272954091087186,3.241675472962429,-0.8342724276648658,-2.5300502998859287,1.1730519383479359,-1.0977194109733543,-1.6310663255951814
Messiah College,Yes,1742,1382,607,30,64,2258,53,10300,5080,475,1200,68.0,75,14.1,30,7762,89,5.7400112191242805,5.670822635562239,4.077338195582691,5.434512156192033,3.7350091485223906,4.861748707197349,66.63697421900783,9.389262578036165,9.32358530355288,2299.597751802593,31237.605304478584,6.601764206578399,8.505142557374741,1.8320848949160877,0.7933409873708381,Medium,1,1,0.07436102927281094,0.15883821666605502,0.31923247041770925,0.3669741501362814,0.19750605728931445,-1.0693583210092592,0.09278833397848779,-0.41644976643940557,-0.009909663407681455,-0.42240291415622744,-0.4947312768374728,0.05802784562419385,0.673964674278998,-0.21727379387532408,0.3169877888451096,0.3584006965742063,0.6130958528832952
Miami University at Oxford,No,9239,7788,3290,35,39,13606,807,8856,3960,500,1382,81.0,89,17.6,20,7846,85,6.645677841558629,6.650935543379301,4.633489552896059,5.811354652879335,4.011000021502967,9.487326222044869,63.121138623622656,9.502670860800531,9.5634999196369,3262.3198521504246,48914.209492885086,7.796140014934541,6.734445050971812,1.8321688527149422,0.8429483710358264,Medium,1,0,1.5385134862261567,1.7955301292652657,1.8452453343007476,0.6254462220634173,1.6590315437612175,0.5728983339704172,-0.2831548248678715,-0.22842386689854197,0.2833492315413267,0.4823274812028567,0.5990025096854961,0.9023869004718892,-0.07793639470495539,-0.18789633856987883,0.6544275049578432,0.3584006965742063,-1.6310663255951814
Michigan State University,No,18114,15096,6180,23,57,26640,4120,10658,3734,504,600,93.0,95,14.0,9,10520,71,6.980747952947172,6.995725287082912,4.80665220103194,4.818997178837589,4.089463781392122,12.914561626609208,67.45786090736958,9.520355318344029,8.18162464989385,4299.868873409913,58032.99277532507,6.566038151310228,4.135098422421764,1.8342778234611559,0.8333885392514078,Medium,1,0,2.080206990975725,2.3712950034609475,2.320382947694208,-0.055200718403029835,2.0745408814576245,1.7896977786367958,0.1805645471446315,-0.19910382116240213,-1.4057817650474291,1.4573774316188435,1.1632240797157132,0.0327714581047688,-1.1817113204611744,0.5500481369010548,0.5893995457087756,0.3584006965742063,-1.6310663255951814
Michigan Technological University,No,2618,2288,1032,42,77,5524,414,8127,3978,900,1200,82.0,82,17.0,25,7473,65,5.971532701829026,5.9689838742956285,4.267763034833751,6.276768658259247,3.8859518018532295,8.235880849430139,61.201506363821885,10.856914905640831,9.32358530355288,3343.323684287649,39465.53223109407,7.598466298912923,7.665481401085836,1.8317850013215182,0.8739495798319328,Low,0,0,0.4486518989401506,0.6567380853377022,0.8417354733839373,0.9446685054628217,0.9968315293828797,0.1285874376719232,-0.4884182952417801,2.016852655434644,-0.009909663407681455,0.5584518675118793,0.01436886348154269,0.7626422816839673,0.3174147165843801,-0.3222087825369757,0.8653041592469679,-1.0977194109733543,-1.6310663255951814
MidAmerica Nazarene College,Yes,331,331,225,15,36,1100,166,6840,3720,1100,4913,33.0,33,15.4,20,5524,49,4.72086898930153,4.76591188935432,3.676781525029689,3.912896621040344,3.5904122441888373,6.650931635508118,57.51563588730527,11.343120438636046,11.834642739083026,541.7403777975856,3634.259214621692,7.057569713883966,6.734445050971812,1.8291632456645819,1.0,Low,0,1,-1.5732425842611075,-1.3522735013106826,-0.7798471666991774,-0.676685000581864,-0.568215137278236,-0.4341300578220526,-0.8825430352776935,2.8229598503836777,3.0594736893730072,-2.0743718430857956,-2.2026787942324852,0.38025767031614155,-0.07793639470495539,-1.23958049409075,1.7227252698753677,-1.0977194109733543,0.6130958528832952
Millersville University of Penn.,No,6011,3075,960,22,60,5146,1532,7844,3830,450,1258,72.0,74,16.8,20,7832,71,6.422886844542896,6.138977682877858,4.242718877045136,4.72006404693986,3.875036636863004,10.769417594058908,60.42583937424156,9.270525807002555,9.403501481251519,2577.9518231023017,30158.03455349912,7.531973546882462,6.734445050971812,1.8321549561987034,0.5115621360838463,Low,0,0,1.178336819020651,0.9406109835307788,0.773017297211242,-0.12305785184375591,0.939029647567087,1.0280897303363015,-0.5713592321440718,-0.6133100630418952,0.0877756312316575,-0.1608161188745901,-0.5615293446508958,0.7156355046998162,-0.07793639470495539,-0.19275883246893233,-1.5997304204234495,-1.0977194109733543,-1.6310663255951814
Milligan College,Yes,610,461,189,26,52,685,49,8200,3300,550,1000,63.0,69,12.0,16,8128,64,5.110627698635796,4.98382289164204,3.599884401044797,5.097794723902809,3.4820195251851453,4.746029037207325,61.39870431355919,9.715390024589627,9.01750885336023,1973.9929282613914,25106.93423290231,5.829176903378423,5.900304933741678,1.8324408678616053,0.7557377049180328,Low,0,1,-0.9431363644284355,-0.9883836144760642,-0.9908436856385981,0.13602341304359422,-1.1422149933641745,-1.1104432228497667,-0.4673322068480059,0.12425506576926057,-0.38404127330500104,-0.7283942076217277,-0.8740644345850307,-0.4881495639928844,-0.4321419230686565,-0.09271622519712294,0.06120245976037812,-1.0977194109733543,0.6130958528832952
Millikin University,Yes,1444,1261,456,29,62,1788,95,11910,4378,450,965,60.0,77,11.4,25,8149,75,5.631023511658417,5.615490742773169,3.968084674338515,5.353618702746615,3.6905461199813723,5.751079243566742,70.19388448897281,9.270525807002555,8.958179852811607,1790.5445158830128,33467.66720923342,5.598967634870062,7.665481401085836,1.8324605419762428,0.8732686980609419,Medium,1,1,-0.10183473162973267,0.06643941167696625,0.01945386401724006,0.3114902312545731,-0.037950458778155186,-0.7536120196790511,0.47312354771228027,-0.6133100630418952,-0.4565618951133236,-0.9007921972379641,-0.3567469657519844,-0.6508950575092252,0.3174147165843801,-0.08583210685051083,0.8606726601729366,0.3584006965742063,0.6130958528832952
Millsaps College,Yes,905,834,319,32,61,1073,179,11320,4402,550,1350,82.0,89,12.7,38,11218,58,5.3529606632924045,5.361355383040417,3.824690854347712,5.590470826008503,3.5849989323057554,6.776346659201699,68.92934691623766,9.715390024589627,9.523523757948993,3343.323684287649,48914.209492885086,6.092161014487607,9.710163764170094,1.8346967464546076,0.9215469613259668,Medium,1,1,-0.5513670347284427,-0.3579415802094513,-0.37400164234772537,0.47394446499414217,-0.5968816406227225,-0.3896029351797232,0.33790839425119257,0.12425506576926057,0.23448449294285456,0.5584518675118793,0.5990025096854961,-0.3022340305882601,1.1856594896053954,0.6966323933306181,1.1890714235623399,0.3584006965742063,0.6130958528832952
Milwaukee School of Engineering,Yes,1217,1088,496,36,69,1773,884,11505,3255,1000,2075,35.0,46,16.7,23,7140,67,5.530350413815008,5.52562776565688,4.000700514405109,5.881850116998911,3.688898395457396,9.664690100971567,69.3304176677581,11.110633242948902,10.26818089941074,609.4084262343519,8677.382214256915,7.498611600723711,7.305625713076967,1.8314164773633763,0.8940016433853739,Medium,1,1,-0.2645886191036151,-0.08362289922137081,0.10894783153790111,0.6737982758594397,-0.04667607843531444,0.6358692839945855,0.38079430320705704,2.437506398173015,1.144713865314573,-2.0107799299124576,-1.890637298281031,0.6920504143711256,0.16460720682316513,-0.45115804343959953,1.0017024558925378,0.3584006965742063,0.6130958528832952
Mississippi College,Yes,594,385,307,36,57,1695,721,5580,2830,600,700,77.0,79,16.5,18,6170,61,5.094044617524579,4.865948462509801,3.8088298815501354,5.881850116998911,3.680047607584067,9.270216391931893,53.43476690859171,9.911870086910547,8.430546202210584,2948.2301091785516,35793.58122346702,7.43165335007073,6.329097661694977,1.83017286931427,0.6481481481481481,Low,0,1,-0.969945521740187,-1.1852222881883325,-0.4175222563038341,0.6737982758594397,-0.09354593290741234,0.4958160534940742,-1.3189043875290405,0.450010288926062,-1.101513269226264,0.18715763184081718,-0.21283183845717074,0.6447145550544336,-0.25006129701322827,-0.8863057054623158,-0.6706440278169928,-1.0977194109733543,0.6130958528832952
Mississippi State University,No,4255,3277,1609,18,57,10094,1621,9866,3084,480,1479,77.0,77,15.9,20,6223,53,6.238624972861224,6.175103971674111,4.415603403058728,4.287247085802575,3.972270665359458,10.886303423284227,65.61629826741152,9.412353836528984,9.67964466665381,2948.2301091785516,33467.66720923342,7.228855508595915,6.734445050971812,1.8302484609155154,0.7701527614571093,Medium,1,0,0.8804485393130713,1.000938323609119,1.2473917767369815,-0.4199221856006509,1.453938018504067,1.0695886632375322,-0.016351052944293124,-0.3781654846937416,0.42531840674315186,0.18715763184081718,-0.3567469657519844,0.5013474568975291,-0.07793639470495539,-0.8598556446299528,0.15925666514126016,0.3584006965742063,-1.6310663255951814
Mississippi University for Women,No,480,405,380,19,46,1673,1014,4386,2217,600,1500,49.0,54,15.8,8,5704,63,4.959914464690206,4.899235188509909,3.8958981870188443,4.401674224577899,3.67746120133669,9.934741489069234,48.963012427581795,9.911870086910547,9.703857838201385,1194.3628253525847,13208.53355099297,7.194768122981464,3.833720635194582,1.8294622177528777,0.84375,Low,0,0,-1.1867879977233533,-1.129636737986139,-0.17861723083810913,-0.3414378853851846,-0.10724239543201819,0.7317478392379759,-1.7970625549310797,0.450010288926062,0.45491530270202957,-1.461061558858064,-1.6102738723642291,0.4772495201356816,-1.3096870359996657,-1.134967947295603,0.6598803514922471,-1.0977194109733543,-1.6310663255951814
Missouri Southern State College,No,1576,1326,913,13,50,3689,2200,3840,2852,200,400,52.0,54,20.3,9,4172,100,5.682024629013141,5.645887128276213,4.225171540770063,3.631117880323472,3.8214615004791397,11.529909631692188,46.64780100411418,7.5849469001653675,7.540282586470517,1345.040514947662,13208.53355099297,8.655033203179359,4.135098422421764,1.8263119649690447,0.8413705583756346,Low,0,0,-0.01938340855726426,0.11719837824938295,0.7248695033948277,-0.8699539009271027,0.6553194421512131,1.2980934446516328,-2.0446247268022697,-3.407925081273615,-2.1897242687337264,-1.3194602747181297,-1.6102738723642291,1.509577899793664,-1.1817113204611744,-2.2372647156790255,0.6436948958823522,-1.0977194109733543,-1.6310663255951814
Missouri Valley College,Yes,1310,983,316,5,35,1057,175,8550,5050,400,900,35.0,67,17.4,16,4333,27,5.573852093287424,5.463281924789097,3.820790931740576,1.9933074045048962,3.5817121371863747,6.738656601896011,62.328498716172334,9.014694833976261,8.842506598639705,609.4084262343519,23244.601297193447,7.730544699247318,5.900304933741678,1.8267223275552031,0.750381679389313,Low,0,1,-0.19426131620496953,-0.18773430589569629,-0.38470256393746566,-1.9933098674917418,-0.6142870525622848,-0.4029843447957442,-0.36791065105772347,-1.0374664620381557,-0.5979547424825227,-2.0107799299124576,-0.9892956425607811,0.8560145624116187,-0.4321419230686565,-2.0936758091286265,0.02476966285842522,-1.0977194109733543,0.6130958528832952
Monmouth College IL,Yes,601,503,204,28,57,671,11,13000,4100,400,460,91.0,91,11.6,43,11087,56,5.101358014093881,5.0403392337530235,3.633821714392488,5.270625276993018,3.4770344975640874,2.7058024588481264,72.42589431615347,9.014694833976261,7.759179746991065,4117.019810783901,51847.00689353883,5.676217068867042,10.397054457490185,1.834621232251514,0.8369384359400999,Medium,1,1,-0.9581222665926854,-0.8940068959113071,-0.8977237533518456,0.25456596475215887,-1.1686134928517111,-1.8348015684232404,0.7117890945620292,-1.0374664620381557,-1.9221559961143937,1.2855426885908192,0.7804683371675396,-0.5962838885447581,1.4773376812303964,0.6702094146845299,0.6135466795094889,0.3584006965742063,0.6130958528832952
Monmouth College,Yes,2707,1881,478,14,34,1893,847,12480,5290,530,1740,70.0,85,14.2,15,9492,54,5.99022505702731,5.854391826316452,3.9864135973561625,3.7757494643672955,3.7016278208131337,9.58127872300003,71.37706787496177,9.632410098317434,9.96028999657839,2436.7893025328367,43361.72889933899,6.6373917079764695,5.675799188389897,1.8335761818206417,0.6948651643886221,Medium,1,1,0.47887102937056,0.46538066449379173,0.06974623845496358,-0.7707527080612918,0.020733323131604055,0.6062550595793459,0.5996396169525681,-0.01332196917783784,0.7683643647995795,-0.29347540133892097,0.2554446883163039,0.08321456089136182,-0.5274750385853566,0.3045385330777944,-0.35286519061245214,0.3584006965742063,0.6130958528832952
Montana College of Mineral Sci. & Tech.,No,572,544,320,45,72,1470,416,6073,3400,550,1400,71.0,71,16.4,31,6112,74,5.070442475418202,5.090835883122472,3.825981434782986,6.4586530156495385,3.6514504290062666,8.2446241272869,55.0971566887593,9.715390024589627,9.585611403607514,2506.874201393403,27058.81466023696,7.39805573041577,8.664190735529143,1.8300889908989153,0.951048951048951,Low,0,0,-1.0081020944772152,-0.8096824706566599,-0.37046044385885013,1.0694209607168643,-0.24498393113275704,0.13169163519115448,-1.1411474793247929,0.12425506576926057,0.31037713613816026,-0.2276122220975675,-0.7532925064547982,0.6209628563189757,0.7415021812454939,-0.9156553838935646,1.3897500786616348,-1.0977194109733543,-1.6310663255951814
Montana State University,No,3500,2836,1779,15,42,8730,993,5552,3710,550,2300,75.0,83,17.6,8,6324,37,6.132354278219088,6.092802030713218,4.447662642044679,3.912896621040344,3.9525083484891432,9.893313095070862,53.337504295309294,9.715390024589627,10.450066005042522,2797.1408339686877,40739.09727963728,7.796140014934541,3.833720635194582,1.8303898006207797,0.8102857142857143,Low,0,0,0.7086452567274845,0.8635021975387803,1.3353584974066866,-0.676685000581864,1.349285536826777,0.7170391773399624,-1.3293045365357343,0.12425506576926057,1.3670405661879372,0.04516955486019143,0.0931702615374012,0.9023869004718892,-1.3096870359996657,-0.810399835509914,0.4322493369722507,-1.0977194109733543,-1.6310663255951814
Montclair State University,No,5220,2128,865,19,53,6411,3186,3648,4834,700,950,82.0,87,21.5,9,6717,58,6.348204453180046,5.926755530245211,4.206140994961213,4.401674224577899,3.908340722541398,12.336776001752243,45.78242140215138,10.265383834059623,8.932140965162741,3343.323684287649,46086.272753520185,9.022333886447807,4.135098422421764,1.8309082677201287,0.4076628352490421,Low,0,0,1.057600994053231,0.5862209146744677,0.6726519598625972,-0.3414378853851846,1.1153933421231854,1.5845618178779108,-2.1371585021557387,1.036120392064417,-0.48839044954759636,0.5584518675118793,0.4240248994484804,1.769239603923712,-1.1817113204611744,-0.6289843595651022,-2.306475021484766,-1.0977194109733543,-1.6310663255951814
Montreat-Anderson College,Yes,263,223,103,10,24,316,20,8438,3372,500,2958,42.0,50,11.1,4,11989,15,4.569649559173039,4.499412460193135,3.3155094793550686,3.140658651142298,3.2790284272348487,3.48630508621625,62.03372900782205,9.502670860800531,10.900469021102316,877.5461121268073,10796.30707838356,5.482096185079573,2.399320130769619,1.8351151299016686,0.8479087452471483,Low,0,1,-1.8177125632546913,-1.7973012699908095,-1.7711344876976116,-1.2063544244260114,-2.2171659871318306,-1.557693330606437,-0.3994299449163102,-0.22842386689854197,1.917589311101162,-1.7587941133611364,-1.7595295532471238,-0.7335168472284893,-1.9187844502831575,0.8430278584841644,0.688168999510049,-1.0977194109733543,0.6130958528832952
Moorhead State University,No,2442,2164,1189,12,37,5983,1075,4426,2664,600,1000,75.0,81,18.1,19,4795,60,5.932472008645073,5.936546479822022,4.316004423735964,3.4779670941379464,3.8980429877887985,10.050840414996935,49.125003119643196,9.911870086910547,9.01750885336023,2797.1408339686877,38216.88394908151,7.958870720536977,6.534472866673584,1.8277798309831699,0.8861588861588862,Low,0,0,0.38550414845569314,0.6025708350369324,0.9741040796424685,-0.9749983196713342,1.0608610975191726,0.7729673914190284,-1.7797411271153973,0.450010288926062,-0.38404127330500104,0.04516955486019143,-0.06289081824039729,1.0174287020688955,-0.16285168859179217,-1.723647531656932,0.9483543940411138,-1.0977194109733543,-1.6310663255951814
Moravian College,Yes,1232,955,303,23,58,1241,485,14990,4730,550,1250,86.0,92,15.2,28,9566,74,5.537603487745881,5.4454480068178714,3.8033833237303387,4.818997178837589,3.6162709088631386,8.525230393829675,76.20273753732337,9.715390024589627,9.392683958613311,3677.2640912751194,53353.18359977521,6.988450466626353,8.178628549458342,1.8336305456766404,0.7751623376623377,Medium,1,1,-0.2528628849832534,-0.21751519040467865,-0.43246696009282304,-0.055200718403029835,-0.4312790963886451,0.23131757534234137,1.1156414171500877,0.12425506576926057,0.07455286562134684,0.87227663203218,0.8736625013025863,0.3313941033568047,0.5353152264185853,0.3235608487128196,0.19333284186433183,0.3584006965742063,0.6130958528832952
Morehouse College,Yes,3708,1678,722,41,66,2852,153,7050,5490,250,600,71.0,74,17.8,10,8122,83,6.16392167577788,5.786850398193368,4.141304839911695,6.213996875421871,3.777294558530571,6.516331495644685,58.14646134871095,8.031431069189754,8.18162464989385,2506.874201393403,30158.03455349912,7.861445633866882,4.420803225514992,1.832435232287315,0.4525350593311758,Low,0,1,0.7596789169623009,0.3525931394109312,0.4947492983852618,0.9016140386466763,0.421430869604464,-0.4819182474572671,-0.8150897911746848,-2.6676741448760213,-1.4057817650474291,-0.2276122220975675,-0.5615293446508958,0.9485544386053418,-1.0603909108017935,-0.09468815435789005,-2.001244843294401,-1.0977194109733543,0.6130958528832952
Morningside College,Yes,586,533,239,16,36,950,228,10520,3678,500,1000,48.0,68,13.0,32,8111,56,5.085572280621128,5.07769841085776,3.7029278290884244,4.043409132038042,3.5580504356172913,7.185185009901251,67.14360603194895,9.502670860800531,9.01750885336023,1146.123359651444,24164.67508092954,6.203132952498875,8.820611540394847,1.8324248837144699,0.909556313993174,Medium,1,1,-0.9836423861117386,-0.831620753926024,-0.7081048328687385,-0.5871679226871698,-0.7395889494077703,-0.2444497083465139,0.14696173286526867,-0.22842386689854197,-0.38404127330500104,-1.5063952131493028,-0.9323663945762501,-0.22378287640524416,0.8079240121706287,-0.09830919660030106,1.1075085526133293,0.3584006965742063,0.6130958528832952
Morris College,Yes,882,730,330,2,13,926,12,4515,2550,850,2100,53.0,60,18.6,34,6990,60,5.337360398800399,5.27790039217758,3.838636837673489,0.7587140470162561,3.5522953143639375,2.8165528522127667,49.482014648888814,10.720699095764742,10.28926887219915,1397.2527513082268,17408.082037358414,8.119859637831675,9.126046493076482,1.8312416940967042,0.8276643990929705,Low,0,1,-0.5765873144862377,-0.4973031859202298,-0.33573553065927986,-2.840103702854633,-0.7700655238635662,-1.7954809495468116,-1.741566406367551,1.7910128881854168,1.1704906841578149,-1.27039315843607,-1.3504282584260159,1.1312391536008917,0.9376225443004441,-0.5123160022576602,0.5504627567199258,-1.0977194109733543,0.6130958528832952
Mount Holyoke College,Yes,1800,1314,526,47,79,1891,40,19300,5700,750,750,79.0,91,9.0,51,18359,84,5.758883454237173,5.640397206548175,4.023231461015134,6.57495971719884,3.7014237928416107,4.450886290871309,83.37605034424257,10.425882498985677,8.542878851701946,3103.2898290035896,51847.00689353883,4.626421205486867,11.414537756392667,1.8374674857406834,0.73,High,2,1,0.10487096386051965,0.10803075029405439,0.17077005656752842,1.1491944321080274,0.019652881314403205,-1.2152301684329885,1.8826732657285508,1.3022200552656582,-0.9642037997398595,0.33287698488245776,0.7804683371675396,-1.3384327472081734,1.9093972381855786,1.6661345795514766,-0.11387074909066483,1.8145208041217669,0.6130958528832952
Mount Marty College,Yes,279,276,126,17,37,600,435,6844,2980,500,500,45.0,55,11.7,38,5073,44,4.608729570972196,4.644211042983044,3.4128883288031564,4.167994170464725,3.449642004455681,8.325847266950188,57.52776956693063,9.502670860800531,7.890855810096345,1007.3646531093469,13859.108607277798,5.714647119153561,9.710163764170094,1.8283434625354449,0.989247311827957,Low,0,1,-1.7545335811920617,-1.5555019145105262,-1.5039385616717023,-0.5017164322200872,-1.3136720101265182,0.16052895144457724,-0.8812455986589921,-0.22842386689854197,-1.7612021643396472,-1.6367954806657434,-1.5700197651757861,-0.5691159228921928,1.1856594896053954,-1.5264286793095512,1.6495832539866369,-1.0977194109733543,0.6130958528832952
Mount Mary College,Yes,235,217,121,12,32,931,487,8950,3119,550,1125,51.0,51,10.7,26,7016,78,4.494687291477571,4.480734252813218,3.3935664900695137,3.4779670941379464,3.5535091710446642,8.532813779979142,63.36101174437204,9.715390024589627,9.214767197935483,1293.8214305708966,11371.299132786136,5.324335193798416,7.8398782563579585,1.8312724021366467,0.9234042553191489,Medium,1,1,-1.938900852307565,-1.828492034561646,-1.5569553781798,-0.9749983196713342,-0.7636374762377626,0.23400996701262833,-0.25750554284364213,0.12425506576926057,-0.14292314097182654,-1.3675940637330268,-1.723952118227403,-0.8450453297697846,0.3914698171492021,-0.5015710317696909,1.2017051226509614,0.3584006965742063,0.6130958528832952
Mount Mercy College,Yes,368,317,159,20,49,806,542,10500,3555,500,2285,44.0,50,11.3,30,6695,64,4.78969090027682,4.737109164504702,3.521593215907935,4.511710153177958,3.520513403677333,8.731078955462298,67.09783771091139,9.502670860800531,10.438464581144572,963.0984132961202,10796.30707838356,5.560145089438339,8.505142557374741,1.830880488874383,0.8614130434782609,Medium,1,1,-1.4619811470494246,-1.400371211733847,-1.2056653417874685,-0.2659654673280361,-0.9383684535061534,0.3044016754734171,0.1420677932258447,-0.22842386689854197,1.3528596012776692,-1.678395245159371,-1.7595295532471238,-0.678340495986942,0.673964674278998,-0.638704383320663,0.780028037918165,0.3584006965742063,0.6130958528832952
Mount Saint Clare College,Yes,325,284,95,16,33,364,88,9900,3650,500,1200,32.0,37,13.6,43,6525,21,4.708933412563168,4.663450363533299,3.2755910930562946,4.043409132038042,3.3187327269713007,5.631496565269472,65.69731106546233,9.502670860800531,9.32358530355288,509.3970014075486,4904.775354483814,6.422128545636341,10.397054457490185,1.8306609861390608,0.8738461538461538,Medium,1,1,-1.5925383202126606,-1.5233741462734582,-1.8806657694185658,-0.5871679226871698,-2.0069095921986966,-0.796068436985563,-0.007688472917462823,-0.22842386689854197,-0.009909663407681455,-2.1047669443284427,-2.1240660463495327,-0.0689648444728493,1.4773376812303964,-0.7155100152492294,0.8646006342331188,0.3584006965742063,0.6130958528832952
Mount Saint Mary's College,Yes,1321,1159,328,15,36,1243,79,12850,6200,550,900,77.0,82,12.8,36,8536,80,5.578776948466733,5.564239080562102,3.836141459343814,3.912896621040344,3.61661158556217,5.46446436075956,72.12621930447686,9.715390024589627,8.842506598639705,2948.2301091785516,39465.53223109407,6.129263988156606,9.422314061223904,1.8328096536920337,0.8773656320968963,Medium,1,1,-0.18629951366934816,-0.01914581057558746,-0.3425825505959643,-0.676685000581864,-0.42947502340280885,-0.8553712480554952,0.6797452837920086,0.12425506576926057,-0.5979547424825227,0.18715763184081718,0.01436886348154269,-0.27600423628062626,1.0634282792663534,0.03632466675702914,0.888540855507753,0.3584006965742063,0.6130958528832952
Mount Saint Mary College,Yes,1170,695,238,14,48,1170,429,7470,4600,250,1400,74.0,75,15.3,23,6898,88,5.506986672520125,5.24691674353207,3.701119508843938,3.7757494643672955,3.6037245143873227,8.300549162713745,59.37203295385472,8.031431069189754,9.585611403607514,2723.085158261725,31237.605304478584,7.023054080272134,7.305625713076967,1.8311316054937212,0.594017094017094,Low,0,1,-0.30235977945462506,-0.549042824033828,-0.7130666475237222,-0.7707527080612918,-0.4977192474404005,0.15154715838040084,-0.684041211646416,-2.6676741448760213,0.31037713613816026,-0.024425212660713208,-0.4947312768374728,0.35585698539765914,0.16460720682316513,-0.5508368193574115,-1.0388546890004329,-1.0977194109733543,0.6130958528832952
Mount St. Mary's College,Yes,657,537,113,37,90,1039,466,12474,5678,630,1278,53.0,71,11.9,19,10613,72,5.156765161676079,5.082508967568784,3.360651527403928,5.950905246358549,3.577941276991582,8.451747844621089,71.36480007231228,10.023005814993539,9.43026909891278,1397.2527513082268,27058.81466023696,5.791125549906482,6.534472866673584,1.834336083630697,0.817351598173516,Medium,1,1,-0.8685479030733627,-0.8235875985607217,-1.6472701023666765,0.7211624200833137,-0.6342558588532072,0.2052284642907345,0.5983278387550305,0.6342683936656499,0.12049494656094818,-1.27039315843607,-0.7532925064547982,-0.5150498114932618,-0.16285168859179217,0.5704338014865256,0.4803129451900761,0.3584006965742063,0.6130958528832952
Mount Union College,Yes,1310,1086,458,26,61,1365,144,12250,3530,400,1150,85.0,87,16.7,35,7215,81,5.573852093287424,5.524501407386769,3.9697926833824058,5.097794723902809,3.6362150192745886,6.416969523585456,70.90400230909835,9.014694833976261,9.251767375413102,3592.2902607546,46086.272753520185,7.498611600723711,9.275276881632609,1.8315017616389775,0.8290076335877863,Medium,1,1,-0.19426131620496953,-0.08550380646856409,0.024140436725067316,0.13602341304359422,-0.3256639165946554,-0.5171955418799407,0.549055407780338,-1.0374664620381557,-0.0976960875429358,0.7924213890142526,0.4240248994484804,0.6920504143711256,1.0009910690058206,-0.4213164441014311,0.5595997164448017,0.3584006965742063,0.6130958528832952
Mount Vernon Nazarene College,Yes,510,485,334,18,36,1114,94,7400,3346,600,600,57.0,57,19.8,7,6869,58,4.99828891507906,5.016760728818153,3.8435756606880047,4.287247085802575,3.593155821691726,5.734492320226907,59.170970259671826,9.911870086910547,8.18162464989385,1616.0326987995059,15218.827017927002,8.49950553939069,3.513908539388445,1.8310964332666577,0.9509803921568627,Low,0,1,-1.1247496665877172,-0.9333806742079663,-0.3221839905012181,-0.4199221856006509,-0.5536863653616911,-0.7595010108705391,-0.705540551512163,0.450010288926062,-1.4057817650474291,-1.064791907235012,-1.4858876575586604,1.3996282589180564,-1.4454906138784915,-0.5631438419645876,1.3892837268532119,-1.0977194109733543,0.6130958528832952
Muhlenberg College,Yes,2519,1836,462,30,61,1656,352,16975,4565,600,850,76.0,86,12.8,39,10888,83,5.949921210725781,5.840116074147534,3.9731830333332883,5.434512156192033,3.6754340750325483,7.943966259359619,79.65477982868256,9.911870086910547,8.74813681377624,2872.1891570226703,44711.16894989349,6.129263988156606,9.85113937380516,1.8345038498680264,0.7288606589916634,High,2,1,0.41371352646023113,0.4415415660238229,0.03344315184043607,0.3669741501362814,-0.1179771589617142,0.02494661083675158,1.4847632512848332,0.450010288926062,-0.7133073594983343,0.11569717540939685,0.3389408259481421,-0.27600423628062626,1.2455227419124493,0.629136449794967,-0.12162078301716737,1.8145208041217669,0.6130958528832952
Murray State University,No,2225,1910,1190,29,55,5968,955,4738,3110,700,940,72.0,76,20.2,27,5972,52,5.879925774733415,5.863399407723065,4.316287685959519,5.353618702746615,3.897665928496244,9.81629832773915,50.35670524050696,10.265383834059623,8.914569361066823,2577.9518231023017,32340.751369602982,8.624048109702713,8.010865648125515,1.8298813739102762,0.8584269662921349,Low,0,0,0.30055490159198234,0.4804224372555829,0.9748813173338152,0.3114902312545731,1.0588643584240411,0.6896959939696181,-1.6480370205061246,1.036120392064417,-0.5098690459072523,-0.1608161188745901,-0.4264744945937568,1.4876731156718916,0.46407713838160014,-0.9883021050750839,0.7597161213538529,-1.0977194109733543,-1.6310663255951814
Muskingum College,Yes,1109,922,375,24,46,1115,70,13240,3914,600,800,73.0,85,13.4,27,9333,73,5.475114060821718,5.423696806618919,3.8905748122302506,4.914783971046612,3.593350182924948,5.279312180589637,72.9006876206338,9.911870086910547,8.648479600106288,2650.022148392148,43361.72889933899,6.349556131156361,8.010865648125515,1.8334571324431705,0.8313796212804329,Medium,1,1,-0.35388686632275784,-0.253837549972661,-0.19322393510995958,0.010498375683124296,-0.5526571143112186,-0.92110734243334,0.7625580482980134,0.450010288926062,-0.835123048894733,-0.09308710977675971,0.2554446883163039,-0.12026961376708763,0.46407713838160014,0.262882274653701,0.5757344688646207,0.3584006965742063,0.6130958528832952
National-Louis University,Yes,513,347,279,23,48,2508,505,9090,4500,650,500,62.0,65,18.3,2,7905,71,5.001992355702444,4.797274027290616,3.7688599295831082,4.818997178837589,3.754288379501688,8.599829179029598,63.71522226248551,10.094559934711176,7.890855810096345,1911.850540404655,21470.19703315302,8.023471582250671,1.435570769429468,1.8322269992208131,0.6764132553606238,Medium,1,1,-1.1187624726759737,-1.299901823402185,-0.5271950280563313,-0.055200718403029835,0.2996003299423273,0.25780299279664404,-0.21963033012010902,0.7529019484450437,-1.7612021643396472,-0.7867933106586992,-1.0990862943084903,1.0630980149914302,-2.328026668337858,-0.16755044574400987,-0.47837890417965623,0.3584006965742063,0.6130958528832952
Nazareth College of Rochester,Yes,947,798,266,36,68,1274,471,10850,5150,550,800,77.0,93,13.6,24,8797,61,5.380379527517894,5.333793541638213,3.748697135530977,5.881850116998911,3.6218082235078226,8.471343470135253,67.89067179043364,9.715390024589627,8.648479600106288,2948.2301091785516,54886.120254639376,6.422128545636341,7.487471891197417,1.8330316249402547,0.8426610348468849,Medium,1,1,-0.5070401307351022,-0.40396713763201336,-0.5825193254634484,0.6737982758594397,-0.40195592931279284,0.2121856596476014,0.22684438195140125,0.12425506576926057,-0.835123048894733,0.18715763184081718,0.9685124280279964,-0.0689648444728493,0.2418255545223002,0.1139940496217034,0.6524729845848253,0.3584006965742063,0.6130958528832952
New Jersey Institute of Technology,No,1879,1216,483,27,62,3311,1646,8832,5376,700,1850,92.0,98,13.5,19,12529,72,5.783564153845409,5.5934478911915715,3.9904436573441027,5.185399347607472,3.803208537080154,10.918095528880432,63.059626763153744,10.265383834059623,10.067026579222206,4207.948159114593,62958.47816557827,6.385894684619047,6.534472866673584,1.8353842508167455,0.6471527408195848,Medium,1,0,0.1447711943378163,0.029630023058080147,0.0808042414660967,0.19611044886994475,0.55865982829096,1.0808760747712476,-0.2897321981561881,1.036120392064417,0.898833499142761,1.37099376580703,1.4679867891663476,-0.09458022317358943,-0.16285168859179217,0.9371952588007614,-0.6774149949906556,0.3584006965742063,-1.6310663255951814
New Mexico Institute of Mining and Tech.,No,787,601,233,40,73,1017,411,5376,3214,600,1100,99.0,100,13.7,11,9241,34,5.2679412912728285,5.1546503118817,3.691944492731563,6.150076980026682,3.573222916344208,8.222694295692204,52.718641458209106,9.911870086910547,9.176997673903145,4872.2320217118595,66380.98635477376,6.458258782327776,4.6929731524538,1.8333868104570834,0.7636594663278272,Low,0,0,-0.6888142137980416,-0.7031186670128645,-0.7382417953134437,0.8577720942126082,-0.6592422080974041,0.12390570753922985,-1.395478634715253,0.450010288926062,-0.1890906028016409,1.9952630138290124,1.6797533027611797,-0.04342272256216631,-0.9448178904126144,0.2382760911728171,0.11508792445825636,-1.0977194109733543,-1.6310663255951814
New York University,Yes,13594,7244,2505,70,86,12408,2814,17748,7262,450,1000,87.0,98,7.8,16,21227,71,6.839913804328106,6.612231831868823,4.553261385905701,7.703114507680223,3.9993120027735074,12.06294877990936,80.92720207922262,9.270525807002555,9.01750885336023,3763.230380637817,62958.47816557827,4.102364454760928,5.900304933741678,1.838152589899907,0.5328821538914227,High,2,1,1.8525264520051214,1.7308987473994164,1.6251088314169502,1.9229832396697435,1.5971369706726797,1.4873426974669768,1.6208215018134728,-0.6133100630418952,-0.38404127330500104,0.9530645509285739,1.4679867891663476,-1.7089125071243796,-0.4321419230686565,1.9058575962546864,-1.45470723586908,1.8145208041217669,0.6130958528832952
Newberry College,Yes,872,722,154,14,36,601,36,10194,2600,500,1500,57.0,63,11.4,32,5788,83,5.330440905144888,5.2709607248887425,3.50689131372548,3.7757494643672955,3.450054793871536,4.299975549588308,66.3903310535662,9.502670860800531,9.703857838201385,1616.0326987995059,19782.08415571577,5.598967634870062,8.820611540394847,1.8295968101188729,0.8279816513761468,Medium,1,1,-0.5877737636559751,-0.5088917460107879,-1.2460056044856591,-0.7707527080612918,-1.3114860601155551,-1.2688092444260743,0.0664151409754652,-0.22842386689854197,0.45491530270202957,-1.064791907235012,-1.2035376962767816,-0.6508950575092252,0.8079240121706287,-1.087873082132084,0.5526207725728495,0.3584006965742063,0.6130958528832952
Niagara University,Yes,2220,1796,467,65,99,1919,334,10320,4762,450,650,68.0,100,14.2,20,7788,65,5.878651011545165,5.82710855839044,3.9773736599156337,7.4843980770191365,3.704256528580522,7.850516441323544,66.68332354682559,9.270525807002555,8.310522585532489,2299.597751802593,66380.98635477376,6.6373917079764695,6.734445050971812,1.8321110309791961,0.809009009009009,Medium,1,1,0.29849404651807776,0.419820297307895,0.04494173039876571,1.7729680755244204,0.034653795779969805,-0.008231643139918183,0.09774439982328652,-0.6133100630418952,-1.248223768858662,-0.42240291415622744,1.6797533027611797,0.08321456089136182,-0.07793639470495539,-0.2081285919250157,0.4235649227922881,0.3584006965742063,0.6130958528832952
North Adams State College,No,1563,1005,240,1,19,1380,136,5542,4330,500,1000,65.0,71,14.2,17,6562,57,5.6772093422366865,5.476917028464472,3.7047274417895073,0.0,3.638477364079453,6.3238321379192275,53.30268960796032,9.502670860800531,9.01750885336023,2101.2563449237364,27058.81466023696,6.6373917079764695,6.117876942980019,1.8307095057852256,0.6429942418426103,Low,0,0,-0.027168076546607498,-0.16496502723917741,-0.7031669106722952,-3.3604972185977373,-0.31368354001267434,-0.550262870434441,-1.333027220142841,-0.22842386689854197,-0.38404127330500104,-0.6087967856553352,-0.7532925064547982,0.08321456089136182,-0.3397531182413292,-0.6985326318960412,-0.7057019678276397,-1.0977194109733543,-1.6310663255951814
North Carolina A. & T. State University,No,4809,3089,1429,12,33,6162,871,6806,1780,600,1651,72.0,72,16.7,9,7090,44,6.3044383663233,6.141562336382065,4.3770922646954995,3.4779670941379464,3.9024555991658905,9.635748143668545,57.41231101659019,9.911870086910547,9.869254290055208,2577.9518231023017,28068.836197330573,7.498611600723711,4.135098422421764,1.8313588499993878,0.6423372842586816,Low,0,0,0.9868462350556022,0.9449271000245697,1.1417218151837778,-0.9749983196713342,1.0842283339783638,0.6255937839437357,-0.8935914126065444,0.450010288926062,0.6570871482145703,-0.1608161188745901,-0.6907977722592065,0.6920504143711256,-1.1817113204611744,-0.4713222846779492,-0.7101707296175397,-1.0977194109733543,-1.6310663255951814
North Carolina State University at Raleigh,No,10634,7064,3176,39,78,16505,5481,8400,6540,600,1300,92.0,98,17.5,21,9670,62,6.717044720970367,6.598736483786029,4.623298978748823,6.0849584643019385,4.034744983047065,13.573487175248465,61.93313448205593,9.911870086910547,9.45926910861573,4207.948159114593,62958.47816557827,7.763378856053728,6.929403951155235,1.8337058624899787,0.6642843708858379,Low,0,0,1.6538892649590915,1.7083628468019891,1.817283616623461,0.813108029442438,1.7847743485764962,2.02364151083358,-0.4101863704524781,0.450010288926062,0.1559430194537629,1.37099376580703,1.4679867891663476,0.8792265342330661,0.0048500806392386695,0.3499147592224096,-0.5608820928496216,-1.0977194109733543,-1.6310663255951814
North Carolina Wesleyan College,Yes,812,689,195,7,24,646,84,8242,4230,600,1295,77.0,77,12.7,11,10090,52,5.287048242736763,5.24143787656262,3.613820017595506,2.52477703580596,3.467809501411263,5.559256498356435,61.51163874613098,9.911870086910547,9.45271832309827,2948.2301091785516,33467.66720923342,6.092161014487607,4.6929731524538,1.833997762718494,0.8485221674876847,Low,0,1,-0.6579248233337978,-0.5581919916323632,-0.9526060191420996,-1.628780765874191,-1.2174649887158768,-0.8217164193755033,-0.45525629312232263,0.450010288926062,0.14793568687330247,0.18715763184081718,-0.3567469657519844,-0.3022340305882601,-0.9448178904126144,0.4520528099318955,0.6923416248615837,-1.0977194109733543,0.6130958528832952
North Central College,Yes,1127,884,308,30,64,1310,766,11718,7398,450,1800,73.0,87,16.4,33,8871,76,5.4847111066671825,5.397593450749898,3.810178735574704,5.434512156192033,3.6276530936375373,9.386564408885246,69.78698106641873,9.270525807002555,10.019259575285039,2650.022148392148,46086.272753520185,7.39805573041577,8.97452607649717,1.8330927209204457,0.7843833185448092,Medium,1,1,-0.33837173315337854,-0.29742758036791334,-0.41382116204968095,0.3669741501362814,-0.37100408453821015,0.537124042501287,0.4296139597721714,-0.6133100630418952,0.840445648422016,-0.09308710977675971,0.4240248994484804,0.6209628563189757,0.8732815923383459,0.13537198534526476,0.25605586697436594,0.3584006965742063,0.6130958528832952
North Dakota State University,No,2968,2297,1610,13,47,7368,1128,5834,2744,600,2000,79.0,83,17.0,24,6310,42,6.041455324701003,5.9712645388013135,4.415803245315553,3.631117880323472,3.9286122105058836,10.146989323654463,54.30278083915745,9.911870086910547,10.203474874757537,3103.2898290035896,40739.09727963728,7.598466298912923,7.487471891197417,1.8303704173687236,0.773921832884097,Low,0,0,0.5616928099537933,0.6605465701786175,1.2479401200083822,-0.8699539009271027,1.22274216851314,0.8071039256366509,-1.2260889272703597,0.450010288926062,1.0656206545879023,0.33287698488245776,0.0931702615374012,0.7626422816839673,0.2418255545223002,-0.8171821788862396,0.18489467098572016,-1.0977194109733543,-1.6310663255951814
North Park College,Yes,465,361,176,19,39,879,156,12580,4345,400,970,76.0,79,13.1,24,10889,74,4.939749506431659,4.8234717562538325,3.5678566390056274,4.401674224577899,3.540479862775844,6.54828322961376,71.58096359139424,9.014694833976261,8.966776238908883,2872.1891570226703,35793.58122346702,6.239901345838685,7.487471891197417,1.8345044479850874,0.7763440860215054,Medium,1,1,-1.219387822479237,-1.2561541992452283,-1.0787240373278568,-0.3414378853851846,-0.8326349249589021,-0.4705741617554448,0.6214418877446034,-1.0374664620381557,-0.4460541289397144,0.11569717540939685,-0.21283183845717074,-0.19778961228228817,0.2418255545223002,0.6293457353820882,0.20137133938976554,0.3584006965742063,0.6130958528832952
Northeast Missouri State University,No,6040,4577,1620,36,72,5640,266,4856,3416,400,1100,69.0,72,15.7,13,6601,76,6.425420682952292,6.362193554082907,4.417793826463337,5.881850116998911,3.889120139518175,7.450796475513653,50.80864271725203,9.014694833976261,9.176997673903145,2367.6971460616746,28068.836197330573,7.160596602002433,5.203164536960752,1.8307601936570432,0.7577814569536424,Low,0,0,1.1824331671036439,1.3133594783738654,1.2534020368016738,0.6737982758594397,1.0136096430830108,-0.15014749513298145,-1.5997120070067434,-1.0374664620381557,-0.1890906028016409,-0.3584056382346787,-0.6907977722592065,0.4530921042246257,-0.7281725029254713,-0.6807965703369415,0.07510448513946805,-1.0977194109733543,-1.6310663255951814
Northeastern University,Yes,11901,8492,2517,16,42,11160,10221,13380,7425,600,1750,73.0,82,12.9,17,9563,46,6.7736419422253125,6.696934435925443,4.554697009783256,4.043409132038042,3.9855758081088304,15.078280385438317,73.17504535087845,9.911870086910547,9.97024774848691,2650.022148392148,39465.53223109407,6.166254230007078,6.117876942980019,1.833628354355686,0.7135534829005966,Medium,1,1,1.7453875696381589,1.8723437441236495,1.6290480117786226,-0.5871679226871698,1.524396164526609,2.557900564080465,0.7918947191871395,0.450010288926062,0.7805361922961006,-0.09308710977675971,0.01436886348154269,-0.24985413726745317,-0.3397531182413292,0.3227940892898935,-0.22574337068555744,0.3584006965742063,0.6130958528832952
Northern Arizona University,No,5891,4931,1973,23,48,11249,2682,6746,3728,620,2342,78.0,83,21.7,7,6157,41,6.412260619116631,6.403314236321563,4.480186808568929,4.818997178837589,3.98661613726213,11.957887893917395,57.229143159133415,9.986483116616254,10.482181150245346,3025.263672430051,40739.09727963728,9.0827657976245,3.513908539388445,1.8301541749324584,0.8370395518587677,Low,0,0,1.1611578552821098,1.3820269630317985,1.4246009236822261,-0.055200718403029835,1.5299052871850742,1.4500420709734103,-0.9131772837496105,0.5737153807052393,1.406296415402262,0.2595509072328201,0.0931702615374012,1.8119616944473147,-1.4454906138784915,-0.8928470080408559,0.6142344909675607,-1.0977194109733543,-1.6310663255951814
Northern Illinois University,No,10706,7219,2397,12,37,14826,1979,7799,3296,470,1750,73.0,78,17.3,11,6086,56,6.720450763285302,6.610379073563237,4.539972565519105,3.4779670941379464,4.021680074645082,11.304613633512087,60.30081509165602,9.365958434056012,9.97024774848691,2650.022148392148,34618.54631426671,7.697636960923032,4.6929731524538,1.830050990768342,0.6742947879693629,Low,0,0,1.65939566775717,1.7278048237192283,1.5886458963020573,-0.9749983196713342,1.7155883773097476,1.2181047619057643,-0.5847278958521822,-0.4550870028747937,0.7805361922961006,-0.09308710977675971,-0.28553671812966114,0.8327505724393903,-0.9448178904126144,-0.9289519108719949,-0.49278915890965275,-1.0977194109733543,-1.6310663255951814
Northwest Missouri State University,No,2729,2535,1257,8,29,4787,472,3735,3136,250,1630,62.0,65,21.7,23,5284,54,5.994743970638291,6.0283331851010145,4.334664850053146,2.7487654512087505,3.863725565244595,8.475240085574601,46.178161959897615,8.031431069189754,9.84711218629774,1911.850540404655,21470.19703315302,9.0827657976245,7.305625713076967,1.8287404212924172,0.9289116892634665,Low,0,0,0.48617656355100086,0.7558455822789042,1.025306059519174,-1.475149606103812,0.879131219510096,0.21356910692885997,-2.0948425430255617,-2.6676741448760213,0.6300218156152131,-0.7867933106586992,-1.0990862943084903,1.8119616944473147,0.16460720682316513,-1.3875298718114126,1.2391678310096723,-1.0977194109733543,-1.6310663255951814
Northwest Nazarene College,Yes,616,514,385,29,52,1115,60,9840,2820,450,822,59.0,59,14.8,20,6261,58,5.116726271880989,5.054307935617552,3.9011413635315217,5.353618702746615,3.593350182924948,5.046525629842157,65.5542235365318,9.270525807002555,8.693019525335114,1731.3809243997205,16658.086300281702,6.849139912449009,6.734445050971812,1.8303020505395193,0.8344155844155844,Medium,1,1,-0.9332770621425045,-0.8706805411731543,-0.164230581051607,0.3114902312545731,-0.5526571143112186,-1.0037554573828125,-0.022988613142527148,-0.6133100630418952,-0.7806798079329466,-0.9563919383202588,-1.3968339859427865,0.23290908127871499,-0.07793639470495539,-0.841104238501034,0.5963857200044241,0.3584006965742063,0.6130958528832952
Northwestern College,Yes,860,811,366,22,56,1040,52,9900,3075,300,1800,68.0,68,14.9,34,6357,68,5.32202416687831,5.343897191625906,3.8807831663637535,4.72006404693986,3.578152850560807,4.833576399932719,65.69731106546233,8.405836708794975,10.019259575285039,2299.597751802593,24164.67508092954,6.88410362834028,9.126046493076482,1.830435229095947,0.9430232558139535,Medium,1,1,-0.6013807440914685,-0.3870950384170148,-0.2200910412571849,-0.12305785184375591,-0.6331354588908956,-1.0793605659058074,-0.007688472917462823,-2.046926211268621,0.840445648422016,-0.42240291415622744,-0.9323663945762501,0.25762653611778186,0.9376225443004441,-0.7945040757707669,1.3351576345207787,0.3584006965742063,0.6130958528832952
Northwestern University,Yes,12289,5200,1902,85,98,7450,45,16404,5520,759,1585,96.0,100,6.8,25,26385,92,6.78968674991855,6.432502085316464,4.4687295462105965,8.296279289982145,3.9301985390415983,4.621460505471613,78.69022243439196,10.45377625388908,9.798761335798748,4581.58506400201,66380.98635477376,3.6411284346293966,7.665481401085836,1.8390835254318496,0.4231426478964928,High,2,1,1.7713265233585171,1.4307677928026448,1.3931635649240657,2.329828358316237,1.2311426621955086,-1.154669808522013,1.3816245396300015,1.3484666629158413,0.570920301840772,1.7221238214662933,1.6797533027611797,-2.0349814104756483,0.3174147165843801,2.2315988300058276,-2.2011781241416255,1.8145208041217669,0.6130958528832952
Norwich University,Yes,1743,1625,626,8,29,1862,382,14134,5270,500,800,71.0,74,13.1,22,9209,63,5.74034228716903,5.767771032071797,4.088826743593463,2.7487654512087505,3.698435516388985,8.090547853704669,74.62114601518084,9.502670860800531,8.648479600106288,2506.874201393403,30158.03455349912,6.239901345838685,7.119694928162363,1.8333620971041829,0.9323006310958118,Medium,1,1,0.07489625280775336,0.32073247929755266,0.3507556732675023,-1.475149606103812,0.003828292084439909,0.07698867434946842,0.9465241485214487,-0.22842386689854197,-0.835123048894733,-0.2276122220975675,-0.5615293446508958,-0.19778961228228817,0.08565438996495688,0.22962870605566085,1.2622201164829796,0.3584006965742063,0.6130958528832952
Notre Dame College,Yes,379,324,107,15,37,500,311,9990,4900,400,600,44.0,47,12.1,26,4948,33,4.808724941944361,4.751677029716399,3.3341489959182105,3.912896621040344,3.4035295462728734,7.724268022614368,65.91087866375833,9.014694833976261,8.18162464989385,963.0984132961202,9180.417076606946,5.8671049482622815,7.8398782563579585,1.828096074366479,0.8548812664907651,Medium,1,1,-1.4312096267317456,-1.3760443132860707,-1.7199898816872583,-0.676685000581864,-1.5578631754002565,-0.053054652837689904,0.01514799805860137,-1.0374664620381557,-1.4057817650474291,-1.678395245159371,-1.859512189697562,-0.46133648899060975,0.3914698171492021,-1.6129916308882133,0.7355975356514665,0.3584006965742063,0.6130958528832952
Oakland University,No,3041,2581,1173,16,56,6441,3982,9114,4030,400,650,88.0,90,19.7,13,6637,53,6.05492088736402,6.038700284857874,4.311434490260659,4.043409132038042,3.909030949559032,12.837147670702196,63.77558369531928,9.014694833976261,8.310522585532489,3850.189112920918,50367.40936643958,8.468217241114084,5.203164536960752,1.830806574407936,0.8487339690891155,Medium,1,0,0.5834620086511255,0.7731576166311013,0.9615647282973708,-0.5871679226871698,1.119048478855892,1.762212868078382,-0.2131759703764953,-1.0374664620381557,-1.248223768858662,1.0347851307407439,0.6889187505729792,1.3775091254126752,-0.7281725029254713,-0.664567602272312,0.6937823432986147,0.3584006965742063,-1.6310663255951814
Oberlin College,Yes,4778,2767,678,50,89,2587,120,19670,5820,575,1119,77.0,96,10.1,47,16593,83,6.300975735462578,6.0786929780963845,4.1183190384272415,6.742710203651236,3.7598985316022313,6.121711555601747,83.94062156965339,9.81549253516331,9.20577392274362,2948.2301091785516,59647.28650004573,5.083315041368852,10.917107557167562,1.8369572721347864,0.5791125994139807,High,2,1,0.9812483479781022,0.8399414708834821,0.43167900593576713,1.2642526226817787,0.32930921194040985,-0.6220233955480692,1.943042041263247,0.2902205855542885,-0.15391604331260883,0.18715763184081718,1.2631079470739583,-1.015433533114901,1.6981707033371423,1.487607062060894,-1.1402381536403534,1.8145208041217669,0.6130958528832952
Occidental College,Yes,2324,1319,370,52,81,1686,35,16560,5140,558,1152,91.0,93,10.5,30,16196,79,5.904551345825697,5.642691168348485,3.8851689183340388,6.850431063719223,3.6789945023668893,4.259891121389493,78.95590478616305,9.747846978775362,9.254695123145712,4117.019810783901,54886.120254639376,5.2445943428256845,8.505142557374741,1.8368309040875703,0.5675559380378657,High,2,1,0.3403660081575847,0.11186144030582072,-0.20805706195200704,1.3381371610135828,-0.09912271194441423,-1.283040747143142,1.4100335649853555,0.17806725530579845,-0.09411736408386188,1.2855426885908192,0.9685124280279964,-0.9014177956963633,0.673964674278998,1.4433899469175955,-1.2188489620696545,1.8145208041217669,0.6130958528832952
Oglethorpe University,Yes,792,649,186,56,87,769,377,12900,4340,600,4110,91.0,95,13.1,27,8568,67,5.271814339227763,5.20355436057782,3.592723856342787,7.056958567922015,3.509532655325557,8.066854975806248,72.22636496520657,9.911870086910547,11.502051356973672,4117.019810783901,58032.99277532507,6.239901345838685,8.010865648125515,1.8328374282390139,0.8194444444444444,Medium,1,1,-0.68255282297426,-0.621453727845227,-1.0104913646094145,1.479792076238102,-0.9965176357719908,0.06857679793416514,0.6904537128462284,0.450010288926062,2.652931633791054,1.2855426885908192,1.1632240797157132,-0.19778961228228817,0.46407713838160014,0.046043186342697495,0.4945489197437615,0.3584006965742063,0.6130958528832952
Ohio Northern University,Yes,2936,2342,669,35,62,2502,66,15990,4080,600,825,73.0,78,14.5,31,9979,83,6.035440087651402,5.982526237685072,4.11340526605008,5.811354652879335,3.7538535175194747,5.190037103670261,77.97700281480903,9.911870086910547,8.69900741347452,2650.022148392148,34618.54631426671,6.743692439595633,8.664190735529143,1.8339224617742051,0.797683923705722,High,2,1,0.5519682337276572,0.6793524968613164,0.41819620173303185,0.6254462220634173,0.29729749339110795,-0.9528034038924895,1.3053610086818683,0.450010288926062,-0.7733605312356664,-0.09308710977675971,-0.28553671812966114,0.158363424968833,0.7415021812454939,0.4257044521201618,0.3465293428572234,1.8145208041217669,0.6130958528832952
Ohio University,No,11023,8298,3183,21,54,14861,1310,7629,4095,550,2300,79.0,87,20.4,13,8811,64,6.735159848476629,6.684678087375068,4.623936796079257,4.61773086410158,4.02197052567665,10.448769843777152,59.82418007323672,9.715390024589627,10.450066005042522,3103.2898290035896,46086.272753520185,8.685958902271294,5.203164536960752,1.8330432442837972,0.7527896217000817,Low,0,0,1.6831752160908928,1.8518768505745442,1.8190337111584318,-0.1932470423613438,1.717126477394814,0.9142475343912111,-0.6356937813664377,0.12425506576926057,1.3670405661879372,0.33287698488245776,0.4240248994484804,1.5314406952999704,-0.7281725029254713,0.11805974393782086,0.04114898605049054,-1.0977194109733543,-1.6310663255951814
Ohio Wesleyan University,Yes,2190,1700,458,36,65,1780,48,16732,5650,550,550,93.0,93,12.1,32,12011,75,5.870937107059898,5.794581488140009,3.9697926833824058,5.881850116998911,3.689669438090564,4.715770976969228,79.24693873633657,9.715390024589627,8.042368215839243,4299.868873409913,54886.120254639376,5.8671049482622815,8.820611540394847,1.8351264574284223,0.776255707762557,High,2,1,0.28602330736855613,0.36550329730225656,0.024140436725067316,0.6737982758594397,-0.042592977978544284,-1.1211859897006706,1.4411533996850732,0.12425506576926057,-1.5760014399966686,1.4573774316188435,0.9685124280279964,-0.46133648899060975,0.8079240121706287,0.8469914439457698,0.2007701721358851,1.8145208041217669,0.6130958528832952
Oklahoma Baptist University,Yes,758,681,484,35,59,1707,705,5390,3140,515,1290,63.0,71,15.1,18,5511,50,5.244943478930385,5.234052759034184,3.9912438940861508,5.811354652879335,3.681441201161774,9.227266469824533,52.76835196624915,9.56836419361844,9.446144075113722,1973.9929282613914,27058.81466023696,6.953758067641122,6.329097661694977,1.829141072023438,0.8984168865435356,Low,0,1,-0.7259937924770397,-0.5705244096996926,0.08299999545726995,0.6254462220634173,-0.08616607824190928,0.48056719101468387,-1.3901631627844946,-0.11950723668565977,0.13989967501817485,-0.7283942076217277,-0.7532925064547982,0.30686845488617326,-0.25006129701322827,-1.247339215264372,1.0317358559186367,-1.0977194109733543,0.6130958528832952
Oklahoma Christian University,Yes,776,765,351,22,44,1419,228,6400,3150,500,1900,58.0,64,16.2,8,6578,45,5.2593267707788565,5.307333458089517,3.8638299401974967,4.72006404693986,3.644221956134663,7.185185009901251,56.15143725451501,9.502670860800531,10.113612769182097,1673.2103108531687,20615.457243900444,7.330620142373578,3.833720635194582,1.8307303568482385,0.9858247422680413,Low,0,1,-0.702740940293517,-0.44815286807740157,-0.266608667931697,-0.12305785184375591,-0.2832627235291383,-0.2444497083465139,-1.02841480015152,-0.22842386689854197,0.9557779855209387,-1.0110585156983387,-1.1519730239216481,0.5732895453024277,-1.3096870359996657,-0.6912366906006666,1.6263022257333941,-1.0977194109733543,0.6130958528832952
Oklahoma State University,No,4522,3913,2181,29,57,12830,1658,5336,3344,800,3100,84.0,92,15.3,14,6433,48,6.271424360766671,6.274972774745913,4.511192644753756,5.353618702746615,4.00358031006196,10.933201452129671,52.57614143083528,10.577309512175834,10.985336951540365,3508.30890518449,53353.18359977521,7.023054080272134,5.443683341838181,1.8305384828559346,0.8653250773993808,Low,0,0,0.9334739055998889,1.1677093772345957,1.5096772329482224,0.3114902312545731,1.6197400365595926,1.0862392543755337,-1.410715954257989,1.5532793225065122,2.0213273655103,0.7134988370127088,0.8736625013025863,0.35585698539765914,-0.6260396734364524,-0.75837482082909,0.8066385043092352,-1.0977194109733543,-1.6310663255951814
Otterbein College,Yes,1496,1205,428,26,57,1648,936,12888,4440,420,840,62.0,68,13.9,30,8802,87,5.651690177958802,5.587926778024435,3.943223687030702,5.097794723902809,3.674471343032515,9.77674961510921,72.20235328160855,9.12020117925929,8.728647707823786,1911.850540404655,24164.67508092954,6.530212562649016,8.505142557374741,1.833035777976192,0.80548128342246,Medium,1,1,-0.06842381696070168,0.020410308475069493,-0.048761714245170354,0.13602341304359422,-0.1230753614475257,0.6756546907369045,0.687886178632482,-0.8625416241378353,-0.7371298083697247,-0.7867933106586992,-0.9323663945762501,0.007444705863380859,0.673964674278998,0.11544722763847645,0.3995686014283602,0.3584006965742063,0.6130958528832952
Ouachita Baptist University,Yes,910,773,450,31,73,1310,61,6530,2800,500,1500,63.0,67,13.3,10,6413,65,5.356295686606768,5.313858664910514,3.962908332159237,5.5134261936560724,3.6276530936375373,5.0713175365769425,56.560740335688166,9.502670860800531,9.703857838201385,1973.9929282613914,23244.601297193447,6.31311179805378,4.420803225514992,1.8305114937781481,0.8494505494505494,Low,0,1,-0.5459754453082682,-0.43725641610050764,0.005250599654823802,0.4211004096393092,-0.37100408453821015,-0.994953383761919,-0.9846486202244048,-0.22842386689854197,0.45491530270202957,-0.7283942076217277,-0.9892956425607811,-0.14603378484101692,-1.0603909108017935,-0.7678184989295578,0.6986566715914992,-1.0977194109733543,0.6130958528832952
Our Lady of the Lake University,Yes,2308,1336,295,22,46,1202,942,8530,3644,616,1576,56.0,64,14.9,25,7114,37,5.9006486452145355,5.650421600493762,3.792237022415062,4.72006404693986,3.6094908928042884,9.789316240105416,62.27604799667601,9.971730095437279,9.788938840559124,1559.8481122051853,20615.457243900444,6.88410362834028,7.665481401085836,1.8313865890543068,0.5788561525129983,Low,0,1,0.33405667915391024,0.124770499733731,-0.46305107890896174,-0.12305785184375591,-0.4671830600294856,0.6801163224930276,-0.3735191297923643,0.5492555263585698,0.5589138049185294,-1.1175920904074985,-1.1519730239216481,0.25762653611778186,0.3174147165843801,-0.46161618402717364,-1.1419825586678372,-1.0977194109733543,0.6130958528832952
Pace University,Yes,8256,3750,1522,37,70,5809,4379,11000,5160,660,1115,90.0,95,13.8,10,10059,62,6.588051769193667,6.251129735818775,4.397646449217459,5.950905246358549,3.893596728012375,13.053747908713078,68.2253189972204,10.129619880423451,9.19975356603084,4027.0838434683237,58032.99277532507,6.494286444209187,4.420803225514992,1.8339768616885335,0.45421511627906974,Medium,1,1,1.4453518820025821,1.1278938532550689,1.1981200412685915,0.7211624200833137,1.0373156740327394,1.839114223898657,0.2626277184030993,0.8110297824067062,-0.161275007870945,1.2010242141140972,1.1632240797157132,-0.01795311549064537,-1.0603909108017935,0.4447393848316503,-1.9898167473605561,0.3584006965742063,0.6130958528832952
Pacific Lutheran University,Yes,1603,1392,504,31,68,2580,302,13312,4488,600,1516,78.0,78,11.0,23,9431,83,5.691890759748383,5.675161457289368,4.006859475152543,5.5134261936560724,3.759409906238134,7.672563900005574,73.04202251199969,9.911870086910547,9.72209618865743,3025.263672430051,34618.54631426671,5.442866458260426,7.305625713076967,1.8335308747129946,0.8683718028696195,Medium,1,1,-0.0034332573660907214,0.16608362112340377,0.12584728382753885,0.4211004096393092,0.32672166831894034,-0.07141159079227416,0.7776707815512524,0.450010288926062,0.4772088944295104,0.2595509072328201,-0.28553671812966114,-0.7612501409097624,0.16460720682316513,0.2886852407323138,0.8273629630852454,0.3584006965742063,0.6130958528832952
Pacific Union College,Yes,940,668,385,20,48,1316,139,11925,3825,630,1926,48.0,87,12.3,12,9157,69,5.375901494749272,5.221851638396944,3.9011413635315217,4.511710153177958,3.628608213497159,6.359323356237469,70.22549190478723,10.023005814993539,10.137390742318816,1146.123359651444,46086.272753520185,5.942596739668135,4.953303378471571,1.833321654277877,0.7106382978723405,Medium,1,1,-0.5142795746078073,-0.5908990780795781,-0.164230581051607,-0.2659654673280361,-0.36594619257824423,-0.5376621326261611,0.47650328246433765,0.6342683936656499,0.9848429180374274,-1.5063952131493028,0.4240248994484804,-0.40796787821144803,-0.8342724276648658,0.21547746175867796,-0.24557306408350058,0.3584006965742063,0.6130958528832952
Pacific University,Yes,943,849,288,41,71,1041,35,14210,3994,450,1100,76.0,76,10.9,22,11216,42,5.377825021293962,5.372465781930182,3.7821941009197433,6.213996875421871,3.5783641764866863,4.259891121389493,74.76407080980442,9.270525807002555,9.176997673903145,2872.1891570226703,32340.751369602982,5.403497575431053,7.119694928162363,1.834695603795319,0.9003181336161188,Medium,1,1,-0.5111698915890679,-0.339388309597874,-0.4906076553540109,0.9016140386466763,-0.6320163703381134,-1.283040747143142,0.9618068878050443,-0.6133100630418952,-0.1890906028016409,0.11569717540939685,-0.4264744945937568,-0.7890818103589035,0.08565438996495688,0.6962325683871833,1.0446685329726262,0.3584006965742063,0.6130958528832952
Pembroke State University,No,944,774,440,14,34,2174,529,6360,2760,550,1498,77.0,77,15.0,5,6443,48,5.37846473706074,5.314669230522921,3.9541016261236317,3.7757494643672955,3.7279395602235104,8.685910701660651,56.024400808226204,9.715390024589627,9.701565391359567,2948.2301091785516,33467.66720923342,6.918976065250672,2.8029031764133614,1.830551928941135,0.8199152542372882,Low,0,0,-0.5101356904951134,-0.435902851453132,-0.01891394929762593,-0.7707527080612918,0.16006864725436648,0.288365220530988,-1.041998621581941,0.12425506576926057,0.4521131373378097,0.18715763184081718,-0.3567469657519844,0.282279461657542,-1.747408750963526,-0.7536699360846513,0.497751465637195,-1.0977194109733543,-1.6310663255951814
Pennsylvania State Univ. Main Campus,No,19315,10344,3450,48,93,28938,2025,10645,4060,512,2394,77.0,96,18.1,19,8992,63,7.011838217986627,6.800757191044859,4.647124897430731,6.631738515706971,4.098355363177527,11.353313831795681,67.42837157783183,9.555360207729397,10.521211894670426,2948.2301091785516,59647.28650004573,7.958870720536977,6.534472866673584,1.833190946751989,0.5355423246181724,Medium,1,0,2.1304692914925454,2.0457175077915317,1.8826590902680165,1.1881383777111363,2.121626762429251,1.2353951920138626,0.1774112962607631,-0.1410672681472438,1.4540055261099132,0.18715763184081718,1.2631079470739583,1.0174287020688955,-0.16285168859179217,0.169741930905658,-1.436612202659752,0.3584006965742063,-1.6310663255951814
Pepperdine University,Yes,3821,2037,680,86,96,2488,625,18200,6770,500,700,95.0,98,11.6,13,16185,66,6.180283760082616,5.901193852538349,4.119400771442487,8.332965709493834,3.7528338809632817,8.998367813876806,81.6544413385736,9.502670860800531,8.430546202210584,4486.687340503674,62958.47816557827,5.676217068867042,5.203164536960752,1.8368273348063937,0.5331065166186862,High,2,1,0.7861307981978746,0.5435354333981643,0.4346471520615387,2.3549911649161595,0.2918979495666303,0.3992994271863979,1.6985841323404394,-0.22842386689854197,-1.101513269226264,1.6329424732160491,1.4679867891663476,-0.5962838885447581,-0.7281725029254713,1.4421410290127754,-1.4531810740479814,1.8145208041217669,0.6130958528832952
Peru State College,No,701,501,458,10,40,959,457,2580,2624,500,900,48.0,100,20.1,24,4870,44,5.196852971223658,5.037764367576943,3.9697926833824058,3.140658651142298,3.560163116683708,8.415993257140576,40.32101739220305,9.502670860800531,8.842506598639705,1146.123359651444,66380.98635477376,8.593003212888117,7.487471891197417,1.8279367659602508,0.7146932952924394,Low,0,0,-0.8037396575346238,-0.8983066685322003,0.024140436725067316,-1.2063544244260114,-0.7284011257308174,0.19253422037255402,-2.7211384464771156,-0.22842386689854197,-0.5979547424825227,-1.5063952131493028,1.6797533027611797,1.4657260538268482,0.2418255545223002,-1.6687348214863726,-0.217990130310644,-1.0977194109733543,-1.6310663255951814
Pfeiffer College,Yes,838,651,159,11,25,654,162,8640,3700,400,1915,62.0,62,12.2,13,7634,48,5.306260783249726,5.20550720822049,3.521593215907935,3.3150176007474266,3.4708081506012562,6.610559169379976,62.5635353123553,9.014694833976261,10.127367327378641,1911.850540404655,18969.870093350863,5.904911098320331,5.203164536960752,1.8319542300087333,0.7768496420047732,Low,0,1,-0.6268647315742489,-0.6181926648413583,-1.2056653417874685,-1.086763562568219,-1.2015854700606647,-0.448463825003353,-0.3427785315327091,-1.0374664620381557,0.9725908275356062,-0.7867933106586992,-1.253793161208231,-0.4346095870330258,-0.7281725029254713,-0.26299441218796255,0.20481023607952178,-1.0977194109733543,0.6130958528832952
Philadelphia Coll. of Textiles and Sci.,Yes,1538,1259,468,19,42,1664,1042,11690,5062,600,1664,48.0,80,12.9,15,8028,68,5.6678271144823515,5.614529056924508,3.97820557412917,4.401674224577899,3.6763911587886065,9.9887927261552,69.72727609740602,9.911870086910547,9.882830975021582,1146.123359651444,36992.96354026978,6.166254230007078,5.675799188389897,1.8323460954921966,0.8185955786736021,Medium,1,1,-0.04233592250440769,0.06483349113616879,0.04722440358621622,-0.3414378853851846,-0.11290886707560628,0.7509380924613593,0.4232297947449656,0.450010288926062,0.6736825674320275,-1.5063952131493028,-0.13862047133804148,-0.24985413726745317,-0.5274750385853566,-0.1258777787928738,0.4887747586498151,0.3584006965742063,0.6130958528832952
Phillips University,Yes,692,576,174,19,50,597,83,10500,3860,600,940,58.0,64,11.6,19,8990,39,5.188877182025991,5.1274954692814445,3.562687533107371,4.401674224577899,3.448398590805399,5.540712579368851,67.09783771091139,9.911870086910547,8.914569361066823,1673.2103108531687,20615.457243900444,5.676217068867042,6.534472866673584,1.8331893397659418,0.8323699421965318,Medium,1,1,-0.8166337744874121,-0.7484645765680507,-1.092907446199892,-0.3414378853851846,-1.3202565783786802,-0.8283002187538535,0.1420677932258447,0.450010288926062,-0.5098690459072523,-1.0110585156983387,-1.1519730239216481,-0.5962838885447581,-0.16285168859179217,0.16917963459227375,0.5824708372053842,0.3584006965742063,0.6130958528832952
Piedmont College,Yes,663,562,127,20,40,641,63,5640,3620,600,750,89.0,89,13.2,17,7309,31,5.162398675316025,5.111732114358593,3.4166465530099983,4.511710153177958,3.465912281716413,5.11982162968427,53.6421129076359,9.911870086910547,8.542878851701946,3938.140272384894,48914.209492885086,6.276560578554963,6.117876942980019,1.8316067409927508,0.8476621417797888,Low,0,1,-0.8594404427420582,-0.7747878249528968,-1.4936264435592836,-0.2659654673280361,-1.2275118243503824,-0.9777325784800756,-1.2967331830628412,0.450010288926062,-0.9642037997398595,1.1174383566772665,0.5990025096854961,-0.1718735188122101,-0.3397531182413292,-0.3845833911206843,0.6864915515603613,-1.0977194109733543,0.6130958528832952
Pikeville College,Yes,404,400,169,28,48,797,100,6000,3000,500,500,48.0,57,13.4,14,5557,61,4.849864522545494,4.891081158969513,3.549459064079267,5.270625276993018,3.5178997411248396,5.83172513778979,54.856734642511555,9.502670860800531,7.890855810096345,1146.123359651444,15218.827017927002,6.349556131156361,5.443683341838181,1.8292191730763434,0.9900990099009901,Low,0,1,-1.364701027956985,-1.1432531632953262,-1.1292047843991242,0.25456596475215887,-0.9522092533567169,-0.7249796476002203,-1.1668554571498426,-0.22842386689854197,-1.7612021643396472,-1.5063952131493028,-1.4858876575586604,-0.12026961376708763,-0.6260396734364524,-1.2200110787202891,1.6553766809877244,-1.0977194109733543,0.6130958528832952
Pitzer College,Yes,1133,630,220,37,73,750,30,17688,5900,650,850,100.0,100,10.4,11,14820,73,5.487873592547498,5.184674609919389,3.666985302275609,5.950905246358549,3.50364073235141,4.042514495345579,80.82975510261439,10.094559934711176,8.74813681377624,4971.098889607087,66380.98635477376,5.204502215977128,4.6929731524538,1.8363531557832016,0.556045895851721,High,2,1,-0.33325907761651247,-0.6529810498181262,-0.8067268312789887,0.7211624200833137,-1.0277186515811303,-1.36021775036312,1.6104016391059517,0.7529019484450437,-0.7133073594983343,2.088174416243526,1.6797533027611797,-0.9297607595238646,-0.9448178904126144,1.276222278751745,-1.2971426570963378,1.8145208041217669,0.6130958528832952
Point Loma Nazarene College,Yes,809,687,428,20,43,1889,217,10178,4190,800,750,71.0,71,16.1,19,7895,54,5.284789005665428,5.239600233305363,3.943223687030702,4.511710153177958,3.7012195018670004,7.10083595251747,66.35295584072595,10.577309512175834,8.542878851701946,2506.874201393403,27058.81466023696,7.296780800241798,6.534472866673584,1.8322171910447227,0.8491965389369592,Medium,1,1,-0.6615772351892147,-0.5612606746722533,-0.048761714245170354,-0.2659654673280361,0.018571046749279313,-0.27439684476032083,0.06241866412195133,1.5532793225065122,-0.9642037997398595,-0.2276122220975675,-0.7532925064547982,0.5493669618582913,-0.16285168859179217,-0.17098239916174515,0.6969288393765538,0.3584006965742063,0.6130958528832952
Point Park College,Yes,875,744,207,7,38,1173,1402,9700,4830,400,1200,45.0,90,14.5,10,7652,66,5.332525662446258,5.289851192899169,3.6402636704586215,2.52477703580596,3.6042732286699115,10.5871813799692,65.21811029380935,9.014694833976261,9.32358530355288,1007.3646531093469,50367.40936643958,6.743692439595633,4.420803225514992,1.8319728081717925,0.8502857142857143,Medium,1,1,-0.5844034257751909,-0.47734652711683345,-0.8800477957258894,-1.628780765874191,-0.49481349950702164,0.9633889152691069,-0.05892871067297695,-1.0374664620381557,-0.009909663407681455,-1.6367954806657434,0.6889187505729792,0.158363424968833,-1.0603909108017935,-0.2564937754111806,0.7043376360783298,0.3584006965742063,0.6130958528832952
Polytechnic University,Yes,1132,847,302,58,89,1379,214,16200,4200,436,2486,90.0,90,10.4,14,14329,62,5.487347762102457,5.370996586490261,3.8020087170013777,7.156133307455386,3.638327474755878,7.077163132859013,78.34027662863984,9.201497682932468,10.588382052295865,4027.0838434683237,50367.40936643958,5.204502215977128,5.443683341838181,1.8361657652510859,0.7482332155477032,High,2,1,-0.334109165186238,-0.34184172111339267,-0.4362387166903581,1.5478149256655516,-0.31447728751667453,-0.2828015997344716,1.344205346362783,-0.727755629146301,1.5361107622156136,1.2010242141140972,0.6889187505729792,-0.9297607595238646,-0.6260396734364524,1.2106529444313876,0.010155366049561977,1.8145208041217669,0.6130958528832952
Prairie View A. and M. University,No,2405,2234,1061,10,22,4564,448,4290,3500,598,1582,75.0,93,19.4,1,5967,35,5.923875986175526,5.95509505056445,4.2772864273164934,3.140658651142298,3.8561657865795174,8.379598382677074,48.57023690384852,9.904290019040689,9.795492922009613,2797.1408339686877,54886.120254639376,8.373979046509408,0.8185069930704526,1.8298738203994627,0.928898128898129,Low,0,0,0.3716073269244065,0.6335451192059084,0.8678665243026582,-1.2063544244260114,0.8390979782953569,0.17961265012473462,-1.8390614673101566,0.43744287281614547,0.566925166272616,0.04516955486019143,0.9685124280279964,1.310887822159327,-2.5900538702726195,-0.9909451344225686,1.239075590591174,-1.0977194109733543,-1.6310663255951814
Presbyterian College,Yes,1082,832,302,34,63,1133,30,11859,3635,554,1429,80.0,85,13.4,42,8354,85,5.460400319825696,5.359857856627152,3.8020087170013777,5.739346337815967,3.5968128022959824,4.042514495345579,70.08622336483904,9.731669577840742,9.620687743888883,3182.3085613523126,43361.72889933899,6.349556131156361,10.26314323792509,1.8326485781427768,0.7689463955637708,Medium,1,1,-0.37767394149661726,-0.3604423016568944,-0.4362387166903581,0.5760565206522865,-0.5343206149695388,-1.36021775036312,0.4616115011464722,0.15124584254104398,0.35325259307225293,0.4071358482998492,0.2554446883163039,-0.12026961376708763,1.4204742199244158,-0.020036860267943494,0.15105071404080833,0.3584006965742063,0.6130958528832952
Princeton University,Yes,13218,2042,1153,90,98,4540,146,19900,5910,675,1575,91.0,96,8.4,54,28320,99,6.825992076671288,5.902629801438618,4.305619890688212,8.47661729956047,3.855325425380174,6.4395240954098245,84.28806463413498,10.181351143971018,9.78784424793018,4117.019810783901,59647.28650004573,4.368041271262717,11.774358261756246,1.8393635234630423,0.15448630655167198,High,2,1,1.830019790890709,0.5459333264707181,0.9456101619204286,2.453520190826315,0.8346477973983638,-0.509187807589489,1.9801936200662829,0.896797921433434,0.5575758329765808,1.2855426885908192,1.2631079470739583,-1.5210933767410013,2.062189808145666,2.329572213767726,-4.028634298155986,1.8145208041217669,0.6130958528832952
Providence College,Yes,5139,3346,973,20,55,3717,1358,14400,6200,450,1100,66.0,74,18.4,35,8135,96,6.33987870429923,6.186900612338892,4.247397884702146,4.511710153177958,3.8227221881923064,10.522039639615137,75.11920049028464,9.270525807002555,9.176997673903145,2166.3773306690255,30158.03455349912,8.055668848173166,9.275276881632609,1.8324474345983375,0.651099435687877,Medium,1,1,1.0441411122624484,1.0206375503185074,0.7858559350764744,-0.2659654673280361,0.6619954861934548,0.9402611098718289,0.9997803852163204,-0.6133100630418952,-0.1890906028016409,-0.5475985071923998,-0.5615293446508958,1.0858597394275726,1.0009910690058206,-0.09041847540515911,-0.6505687576455482,0.3584006965742063,0.6130958528832952
Purdue University at West Lafayette,No,21804,18744,5874,29,60,26213,4065,9556,3990,570,1060,86.0,86,18.2,15,8604,67,7.070140763909339,7.105050624966482,4.793316206414515,5.353618702746615,4.087708574417257,12.88399247285131,64.8690541935368,9.79577979342351,9.114880363470109,3677.2640912751194,44711.16894989349,7.991205714476399,5.675799188389897,1.8328684840848908,0.8596587782058338,Medium,1,0,2.22472452155714,2.553857537766039,2.2837905721272826,0.3114902312545731,2.065246082321354,1.778844561706615,-0.09625276903432285,0.2575377346399167,-0.26501950664306917,0.87227663203218,0.3389408259481421,1.04028779275893,-0.5274750385853566,0.05690985670173381,0.7680951615642765,0.3584006965742063,-1.6310663255951814
Queens College,Yes,516,392,154,32,62,630,549,11020,4970,610,1900,73.0,75,14.0,36,9315,58,5.005672615030581,4.8778050913408375,3.50689131372548,5.590470826008503,3.4616741985564516,8.754997432019936,68.26971177930699,9.949443202676242,10.113612769182097,2650.022148392148,31237.605304478584,6.566038151310228,9.422314061223904,1.8334434580795895,0.7596899224806202,Medium,1,1,-1.112812754971866,-1.1654228871563947,-1.2460056044856591,0.47394446499414217,-1.249954836632557,0.312893648027692,0.26737457367401024,0.5123048472968703,0.9557779855209387,-0.09308710977675971,-0.4947312768374728,0.0327714581047688,1.0634282792663534,0.25809751361407546,0.08808626361791722,0.3584006965742063,0.6130958528832952
Quincy University,Yes,1025,707,297,22,66,1070,72,10100,4140,450,1080,69.0,71,16.3,32,6880,80,5.427999425093721,5.257724203636085,3.795056008417128,4.72006404693986,3.584387223733649,5.322238211547547,66.1701970968664,9.270525807002555,9.146205328069474,2367.6971460616746,27058.81466023696,7.364378221795919,8.820611540394847,1.8311098013576075,0.6897560975609756,Medium,1,1,-0.43005508092935196,-0.5309954313233529,-0.45531611819064177,-0.12305785184375591,-0.6001209784268021,-0.9058669622243369,0.04287653889757052,-0.6133100630418952,-0.22672953226522813,-0.3584056382346787,-0.7532925064547982,0.5971546804090669,0.8079240121706287,-0.5584662479857804,-0.3876181231912932,0.3584006965742063,0.6130958528832952
Quinnipiac College,Yes,3712,2153,806,17,45,2677,714,12030,6140,1000,500,63.0,73,12.0,33,8847,86,6.164509955861725,5.933573408212586,4.18100758062163,4.167994170464725,3.7660409425102563,9.251532584246782,70.4460162386726,11.110633242948902,7.890855810096345,1973.9929282613914,29101.843668955273,5.829176903378423,8.97452607649717,1.8330729923443345,0.580010775862069,Medium,1,1,0.7606299641896158,0.5976060986071478,0.6036888743802834,-0.5017164322200872,0.36183670096028564,0.48918258828616373,0.5000836270038186,2.437506398173015,-1.7612021643396472,-0.7283942076217277,-0.6268807912936191,-0.4881495639928844,0.8732815923383459,0.128468810525835,-1.1341285710889168,0.3584006965742063,0.6130958528832952
Radford University,No,5702,4894,1742,15,37,8077,472,6684,4110,500,900,73.0,83,19.6,9,4519,62,6.3950438271546295,6.399166650002129,4.440994866296691,3.912896621040344,3.9416651930866813,8.475240085574601,57.03874250299393,9.502670860800531,8.842506598639705,2650.022148392148,40739.09727963728,8.436867020058239,4.135098422421764,1.8271680926684761,0.858295334970186,Low,0,0,1.133324204767021,1.375100902848646,1.3170629175593762,-0.676685000581864,1.2918649859102656,0.21356910692885997,-0.933536547478965,-0.22842386689854197,-0.5979547424825227,-0.09308710977675971,0.0931702615374012,1.3553462158537377,-1.1817113204611744,-1.937699296278431,0.7588207377913987,-1.0977194109733543,-1.6310663255951814
Ramapo College of New Jersey,No,2088,957,362,6,29,2745,1938,4449,4860,600,1655,74.0,95,17.8,8,7333,47,5.843834692090407,5.446740305970395,3.8763417674554685,2.2755807268401735,3.770517406731386,11.260339327183845,49.217712881743545,9.911870086910547,9.873442243773347,2723.085158261725,58032.99277532507,7.861445633866882,3.833720635194582,1.8316332112941733,0.4583333333333333,Low,0,0,0.2422079933402136,-0.21535717824636025,-0.2322777091103752,-1.7997017391221424,0.3855420738148465,1.20238569245362,-1.7698278078277583,0.450010288926062,0.662206280593937,-0.024425212660713208,1.1632240797157132,0.9485544386053418,-1.3096870359996657,-0.3753212367101055,-1.9618037805194506,-1.0977194109733543,-1.6310663255951814
Randolph-Macon College,Yes,1771,1325,306,21,46,1071,27,13840,3735,400,900,77.0,80,10.7,38,11080,74,5.7495302928736685,5.645431669516237,3.8074759493471153,4.61773086410158,3.584591358455322,3.895833163481379,74.0634517110483,9.014694833976261,8.842506598639705,2948.2301091785516,36992.96354026978,5.324335193798416,9.710163764170094,1.8346171584431021,0.7481648785996612,Medium,1,1,0.08975010829244416,0.1164378070304664,-0.42123728447281134,-0.1932470423613438,-0.5990399713080633,-1.4122952245038178,0.8868907121226003,-1.0374664620381557,-0.5979547424825227,0.18715763184081718,-0.13862047133804148,-0.8450453297697846,1.1856594896053954,0.6687839589653756,0.009690523950590902,0.3584006965742063,0.6130958528832952
Randolph-Macon Woman's College,Yes,696,616,169,35,66,653,56,13970,6110,370,920,88.0,97,9.2,24,16358,68,5.192435645568884,5.170369048096481,3.549459064079267,5.811354652879335,3.470435769454939,4.943480986111736,74.31100110133963,8.847470592862223,8.878900665499815,3850.189112920918,61289.05591242347,4.711044876780013,7.487471891197417,1.8368830406942718,0.8850574712643678,Medium,1,1,-0.8108809588152377,-0.676869927470896,-1.1292047843991242,0.6254462220634173,-1.2035574357642644,-1.040340240879165,0.913360806423587,-1.314716832064786,-0.5534685665074899,1.0347851307407439,1.3646918631281069,-1.2786083915816426,0.2418255545223002,1.4616329315366132,0.940862341409624,0.3584006965742063,0.6130958528832952
Reed College,Yes,1966,1436,327,47,80,1199,61,19960,5490,500,450,90.0,90,11.8,37,15886,68,5.809486749649763,5.693863995317314,3.834887178948077,6.57495971719884,3.608958280638078,5.0713175365769425,84.37826793598416,9.502670860800531,7.724605833873065,4027.0838434683237,50367.40936643958,5.752949445648684,9.567248268196495,1.83672886022864,0.7304170905391658,High,2,1,0.18667914522987406,0.19731501547734054,-0.3460241461142375,1.1491944321080274,-0.4700035382826786,-0.994953383761919,1.9898389272245756,-0.22842386689854197,-1.964417312746711,1.2010242141140972,0.6889187505729792,-0.5420382510475145,1.1249724926404445,1.4076840453120116,-0.11103361270629311,1.8145208041217669,0.6130958528832952
Regis College,Yes,427,385,143,18,38,581,533,12700,5800,450,700,81.0,85,10.3,37,11758,84,4.88536734823411,4.865948462509801,3.4725129040437412,4.287247085802575,3.4416360013003575,8.6999141902942,71.82423861610155,9.270525807002555,8.430546202210584,3262.3198521504246,43361.72889933899,5.164259653618441,9.567248268196495,1.8349942244203388,0.9016393442622951,Medium,1,1,-1.307305129540136,-1.1852222881883325,-1.340335852401631,-0.4199221856006509,-1.3560682587050112,0.2933369937479666,0.6474549303842935,-0.6133100630418952,-1.101513269226264,0.4823274812028567,0.2554446883163039,-0.958210073115202,1.1249724926404445,0.8007221355803853,1.0536556819096,0.3584006965742063,0.6130958528832952
Rensselaer Polytechnic Institute,Yes,4996,4165,936,53,82,4291,16,17475,5976,1230,1100,94.0,98,15.4,21,15605,70,6.3248302997759565,6.309818161673054,4.233885530118019,6.903140484602667,3.8462740765691574,3.189575270591066,80.48205513061384,11.619236975567993,9.176997673903145,4392.781938782297,62958.47816557827,7.057569713883966,6.929403951155235,1.8366336736663844,0.8336669335468375,High,2,1,1.0198130008910082,1.2258977374940931,0.7487796488360939,1.3742899658208605,0.7867158609854568,-1.6630437463928247,1.5732225895576029,3.2807488140223215,-0.1890906028016409,1.5446936720354811,1.4679867891663476,0.38025767031614155,0.0048500806392386695,1.3743775625731207,0.5912932414668836,1.8145208041217669,0.6130958528832952
Rhodes College,Yes,2302,1831,391,58,82,1345,59,15200,4768,550,1500,90.0,96,10.8,47,13388,77,5.899177637717404,5.8385068083226015,3.9073304421636985,7.156133307455386,3.633151007604524,5.021358517260352,76.58163805550355,9.715390024589627,9.703857838201385,4027.0838434683237,59647.28650004573,5.363987759453567,10.917107557167562,1.835777411363285,0.7953953084274544,Medium,1,1,0.33167856430704473,0.43885425077689255,-0.14724848888534847,1.5478149256655516,-0.3418895660093807,-1.0126907434074062,1.1561566954754305,0.12425506576926057,0.45491530270202957,1.2010242141140972,1.2631079470739583,-0.8170131119162174,1.6981707033371423,1.074765044352711,0.3309617068979228,0.3584006965742063,0.6130958528832952
Rider University,Yes,3586,2424,730,16,31,2748,1309,13250,5420,700,3100,84.0,92,12.3,23,11299,70,6.145644232259744,6.002464376831263,4.145310305091099,4.043409132038042,3.7707117792522067,10.447217819598492,72.92034759416494,10.265383834059623,10.985336951540365,3508.30890518449,53353.18359977521,5.942596739668135,7.305625713076967,1.8347427618415162,0.6759620747350809,Medium,1,1,0.7301305564828408,0.7126472232470032,0.5057398161808749,-0.5871679226871698,0.3865713846394458,0.9136965065405458,0.7646602605180136,1.036120392064417,2.0213273655103,0.7134988370127088,0.8736625013025863,-0.40796787821144803,0.16460720682316513,0.7127335178326262,-0.48144792840449613,0.3584006965742063,0.6130958528832952
Ripon College,Yes,587,501,211,28,52,735,28,15200,4100,350,650,87.0,90,9.4,49,12472,64,5.086638092124851,5.037764367576943,3.6486873566559224,5.270625276993018,3.4988592916511614,3.9462911658014495,76.58163805550355,8.729291720840871,8.310522585532489,3763.230380637817,50367.40936643958,4.794954971684336,11.16847437899351,1.8353566938231929,0.8534923339011925,Medium,1,1,-0.9819193342809999,-0.8983066685322003,-0.8569342074385341,0.25456596475215887,-1.0530390448607996,-1.3943807068374012,1.1561566954754305,-1.5106521568656046,-1.248223768858662,0.9530645509285739,0.6889187505729792,-1.2192884958420362,1.8049099862211955,0.9275528627697833,0.726149728004721,0.3584006965742063,0.6130958528832952
Rivier College,Yes,484,386,141,6,28,590,1196,9870,4860,600,1100,59.0,59,12.2,19,6744,81,4.965177614730577,4.8676563269494615,3.465934668371608,2.2755807268401735,3.4454674563272722,10.264556135600001,65.6258386894388,9.911870086910547,9.176997673903145,1731.3809243997205,16658.086300281702,5.904911098320331,6.534472866673584,1.8309421688499408,0.7975206611570248,Medium,1,1,-1.1782792883682367,-1.1823703229770648,-1.3583857449809151,-1.7997017391221424,-1.3357785690075519,0.8488446334082878,-0.015330909568315157,0.450010288926062,-0.1890906028016409,-0.9563919383202588,-1.3968339859427865,-0.4346095870330258,-0.16285168859179217,-0.6171221032953355,0.34541879712765444,0.3584006965742063,0.6130958528832952
Roanoke College,Yes,2227,1790,437,27,54,1460,239,13425,4425,450,1200,85.0,89,13.0,26,9405,72,5.880434819023004,5.8251307203191,3.9514145109410554,5.185399347607472,3.6500573897352195,7.265943307634496,73.26283128148968,9.270525807002555,9.32358530355288,3592.2902607546,48914.209492885086,6.203132952498875,7.8398782563579585,1.8335114259236216,0.8037718904355635,Medium,1,1,0.3013778517028039,0.4165175027523146,-0.026287072245946407,0.19611044886994475,-0.25236085043557327,-0.21577742872920366,0.8012815403739927,-0.6133100630418952,-0.009909663407681455,0.7924213890142526,0.5990025096854961,-0.22378287640524416,0.3914698171492021,0.28187996536367144,0.38794095567064746,0.3584006965742063,0.6130958528832952
Rockhurst College,Yes,935,858,345,22,50,1127,754,9490,4100,500,1500,60.0,79,10.7,21,7519,79,5.372680922743379,5.379031641145084,3.8568131229256117,4.72006404693986,3.595666085621721,9.356153378368532,64.70791543938375,9.502670860800531,9.703857838201385,1790.5445158830128,35793.58122346702,5.324335193798416,6.929403951155235,1.8318339219800146,0.9176470588235294,Medium,1,1,-0.51948613549723,-0.32842397213166347,-0.28586197600980673,-0.12305785184375591,-0.5403931188429315,0.5263269653599888,-0.11348310037529258,-0.22842386689854197,0.45491530270202957,-0.9007921972379641,-0.21283183845717074,-0.8450453297697846,0.0048500806392386695,-0.3050910820005339,1.1625434775981462,0.3584006965742063,0.6130958528832952
Rocky Mountain College,Yes,560,392,270,11,31,743,118,8734,3362,600,625,56.0,78,11.3,27,6422,68,5.057154152278642,4.8778050913408375,3.755020055618178,3.3150176007474266,3.5014240276630333,6.094760335331136,62.80730799546046,9.911870086910547,8.247267517062632,1559.8481122051853,34618.54631426671,5.560145089438339,8.010865648125515,1.830523654897161,0.7,Low,0,1,-1.0295847576245885,-1.1654228871563947,-0.565169988338777,-1.086763562568219,-1.0394573383103556,-0.6315921079320175,-0.31671227500828597,0.450010288926062,-1.3255434077459307,-1.1175920904074985,-0.28553671812966114,-0.678340495986942,0.46407713838160014,-0.7635632333658976,-0.31793697342022414,-1.0977194109733543,0.6130958528832952
Roger Williams University,Yes,3304,2804,679,10,20,2111,1489,12520,6050,500,730,44.0,54,16.4,8,7957,61,6.100707608364161,6.086304917227186,4.118860364401939,3.140658651142298,3.72241535223578,10.710735635479054,71.45875442774823,9.502670860800531,8.49880301236655,963.0984132961202,13208.53355099297,7.39805573041577,3.833720635194582,1.8322776950887472,0.8486682808716707,Medium,1,1,0.6574834403651484,0.8526526586611514,0.43316433972139773,-1.2063544244260114,0.1308148872316285,1.0072553941489457,0.6083742405880197,-0.22842386689854197,-1.0180797667335584,-1.678395245159371,-1.6102738723642291,0.6209628563189757,-1.3096870359996657,-0.14981158628457916,0.6933355184147181,0.3584006965742063,0.6130958528832952
Rollins College,Yes,1777,1151,382,31,55,1668,1052,16425,5220,955,750,81.0,85,13.3,23,11561,90,5.751478856542628,5.5600169066597145,3.898004954675814,5.5134261936560724,3.676867601378474,10.007779875418684,78.72608371926363,10.99933327205914,8.542878851701946,3262.3198521504246,43361.72889933899,6.31311179805378,7.305625713076967,1.8348881843194158,0.6477208778840743,High,2,1,0.09290026775815124,-0.026196424667606175,-0.17283651214800377,0.4211004096393092,-0.11038583803333499,0.7576792555133155,1.3854591343797222,2.252975986149221,-0.9642037997398595,0.4823274812028567,0.2554446883163039,-0.14603378484101692,0.16460720682316513,0.7636179193199306,-0.6735504088022544,1.8145208041217669,0.6130958528832952
Rosary College,Yes,434,321,141,28,53,624,269,10950,4600,550,950,79.0,82,12.9,30,9264,81,4.895766139081876,4.74547530982525,3.465934668371608,5.270625276993018,3.4593243447720314,7.470279096881991,68.11410470195138,9.715390024589627,8.932140965162741,3103.2898290035896,39465.53223109407,6.166254230007078,8.505142557374741,1.8334044918434556,0.7396313364055299,Medium,1,1,-1.290493849548193,-1.3864005739873573,-1.3583857449809151,0.25456596475215887,-1.2623986220314107,-0.14323042056317883,0.2507357364437644,0.12425506576926057,-0.48839044954759636,0.33287698488245776,0.01436886348154269,-0.24985413726745317,0.673964674278998,0.24446293914850353,-0.04835640057318745,0.3584006965742063,0.6130958528832952
Rowan College of New Jersey,No,3820,1431,695,21,70,5303,3942,4356,4830,800,800,76.0,81,22.1,6,7252,51,6.180141252401198,5.691769816712537,4.127398550791494,4.61773086410158,3.879685086544565,12.814256826496347,48.840881745406634,10.577309512175834,8.648479600106288,2872.1891570226703,38216.88394908151,9.202982698864627,3.171990682507586,1.8315433335843359,0.37460732984293194,Low,0,0,0.7859004121300716,0.1938179437026082,0.4565921028534233,-0.1932470423613438,0.9636457792848275,1.7540857442512512,-1.810121810178753,1.5532793225065122,-0.835123048894733,0.11569717540939685,-0.06289081824039729,1.8969485372799224,-1.5906810832634517,-0.4067701126898348,-2.5313254275357737,-1.0977194109733543,-1.6310663255951814
Rutgers at New Brunswick,No,48094,26330,4520,36,79,21401,3712,7410,4748,690,2009,90.0,95,19.5,19,10474,77,7.4381117634220715,7.2733843207998214,4.72282811808055,5.881850116998911,4.065143406210178,12.678423345175514,59.19976973841917,10.232089731372817,10.21135711242975,4027.0838434683237,58032.99277532507,8.40545443679582,6.534472866673584,1.834248712232479,0.5474695388198112,Low,0,0,2.8196074836519482,2.834958211362907,2.090379681128511,0.6737982758594397,1.9457509407429148,1.7058596713009744,-0.7024610653645125,0.980920247467398,1.075255483625034,1.2010242141140972,1.1632240797157132,1.333139219589902,-0.16285168859179217,0.5398619024951189,-1.355480817029808,-1.0977194109733543,-1.6310663255951814
Rutgers State University at Camden,No,3366,1752,232,27,79,2585,1300,7411,4748,690,2009,90.0,95,18.6,12,10134,57,6.110931564914931,5.812437284955049,3.690082231009937,5.185399347607472,3.759759088832663,10.433201315676738,59.202648282480794,10.232089731372817,10.21135711242975,4027.0838434683237,58032.99277532507,8.119859637831675,4.953303378471571,1.834027259317774,0.5204991087344029,Low,0,0,0.6740120732337835,0.3953207173230578,-0.7433516189356438,0.19611044886994475,0.3285707847619036,0.9087201123992387,-0.7021532668574305,0.980920247467398,1.075255483625034,1.2010242141140972,1.1632240797157132,1.1312391536008917,-0.8342724276648658,0.4623738883645471,-1.5389392782322622,-1.0977194109733543,-1.6310663255951814
Rutgers State University at Newark,No,5785,2690,499,26,62,4005,1886,7410,4748,690,2009,90.0,95,17.4,16,11878,58,6.402678973359745,6.062496572152003,4.003023466071104,5.097794723902809,3.835053496079197,11.202956079142847,59.19976973841917,10.232089731372817,10.21135711242975,4027.0838434683237,58032.99277532507,7.730544699247318,5.900304933741678,1.8350574848947432,0.46499567847882456,Low,0,0,1.1456676187766586,0.8128950699934224,0.11532173331458948,0.13602341304359422,0.7272966338857237,1.1820124481014964,-0.7024610653645125,0.980920247467398,1.075255483625034,1.2010242141140972,1.1632240797157132,0.8560145624116187,-0.4321419230686565,0.8228574438515978,-1.9164851265520917,-1.0977194109733543,-1.6310663255951814
Sacred Heart University,Yes,2307,1896,509,19,51,1707,1889,11070,5780,400,600,71.0,73,14.8,16,7120,82,5.900403762636493,5.859069330542597,4.010651831506233,4.401674224577899,3.681441201161774,11.206305175765214,68.38046278860106,9.014694833976261,8.18162464989385,2506.874201393403,29101.843668955273,6.849139912449009,5.900304933741678,1.8313935012875606,0.8218465539661899,Medium,1,1,0.3336607879733987,0.4731916353289072,0.13625305647208752,-0.3414378853851846,-0.08616607824190928,1.1832015052945923,0.27921701714152863,-1.0374664620381557,-1.4057817650474291,-0.2276122220975675,-0.6268807912936191,0.23290908127871499,-0.4321419230686565,-0.45919754244480565,0.5108885670947175,0.3584006965742063,0.6130958528832952
Saint Ambrose University,Yes,897,718,276,12,48,1345,390,10450,4020,500,1500,56.0,56,14.1,16,7444,70,5.347583258039312,5.267459966534139,3.7643045773606105,3.4779670941379464,3.633151007604524,8.127881378286277,66.98316593719434,9.502670860800531,9.703857838201385,1559.8481122051853,14529.133571585424,6.601764206578399,5.900304933741678,1.8317539207854079,0.8004459308807135,Medium,1,1,-0.5600604555947065,-0.5147376672727633,-0.5396943701861984,-0.9749983196713342,-0.3418895660093807,0.0902435012335046,0.12980610815209215,-0.22842386689854197,0.45491530270202957,-1.1175920904074985,-1.5285622016377773,0.05802784562419385,-0.4321419230686565,-0.33308409219144947,0.36531708871627844,0.3584006965742063,0.6130958528832952
Saint Anselm College,Yes,2095,1553,514,15,40,1873,94,12950,5400,450,1120,70.0,82,14.5,29,6719,97,5.845739654807069,5.740756816687295,4.014401453441085,3.912896621040344,3.699575631351075,5.734492320226907,72.32625609378537,9.270525807002555,9.207275898032275,2436.7893025328367,39465.53223109407,6.743692439595633,8.343335916108645,1.8309107861149183,0.7412887828162291,Medium,1,1,0.24528766501289556,0.2756214033262106,0.1465415709781452,-0.676685000581864,0.00986583621264642,-0.7595010108705391,0.7011349251497659,-0.6133100630418952,-0.15208010842635217,-0.29347540133892097,0.01436886348154269,0.158363424968833,0.6052558258750537,-0.6281031545861454,-0.0370821062045219,0.3584006965742063,0.6130958528832952
Saint Cloud State University,No,3971,3306,1921,10,34,11493,2206,4259,2625,350,1884,70.0,75,18.9,10,4629,58,6.2012183313,6.180094063480187,4.471843333551517,3.140658651142298,3.989417615099597,11.535736875906387,48.44217171388142,8.729291720840871,10.09882996533367,2436.7893025328367,31237.605304478584,8.215644031739009,4.420803225514992,1.8274186348418355,0.8325358851674641,Low,0,0,0.8199748232772238,1.009271284880206,1.4017074252871777,-1.2063544244260114,1.544740673641976,1.3001623388730013,-1.8527552907977178,-1.5106521568656046,0.9377082705881905,-0.29347540133892097,-0.4947312768374728,1.1989535360782697,-1.0603909108017935,-1.850032735215415,0.5835996157231237,-1.0977194109733543,-1.6310663255951814
Saint Francis College IN,Yes,213,166,85,13,36,513,247,8670,3820,450,1000,43.0,78,12.5,4,7440,48,4.428720602839062,4.295349695332714,3.2198601279913204,3.631117880323472,3.4101327727457487,7.322598693068947,62.64152347489602,9.270525807002555,9.01750885336023,919.8255557373217,34618.54631426671,6.017611906998858,2.399320130769619,1.8317496191642846,0.7793427230046949,Low,0,1,-2.0455463737992767,-2.138065965819123,-2.0335848776566614,-0.8699539009271027,-1.5228954111447612,-0.1956626033973372,-0.33443937135790874,-0.6133100630418952,-0.38404127330500104,-1.7190614659860708,-0.28553671812966114,-0.3549362148576937,-1.9187844502831575,-0.3345892612646622,0.2217686902995807,-1.0977194109733543,0.6130958528832952
Saint Francis College,Yes,1046,824,284,21,45,1223,451,10880,5050,400,1235,64.0,64,19.3,24,7344,69,5.440156697555256,5.3538289828493175,3.776328017113851,4.61773086410158,3.613174405439236,8.391802644624073,67.95784312375528,9.014694833976261,9.372227170251344,2037.1282036672906,20615.457243900444,8.342440398897194,7.487471891197417,1.8316452989281435,0.7877629063097514,Medium,1,1,-0.410400938992926,-0.37050992639233477,-0.5067034883151151,-0.1932470423613438,-0.4476768077481071,0.18394562916080992,0.23402691439575238,-1.0374664620381557,0.04954757312538967,-0.6690620258234224,-1.1519730239216481,1.2885917052230043,0.2418255545223002,-0.37109168410685517,0.27904452414043673,0.3584006965742063,0.6130958528832952
Saint John's University,Yes,933,800,444,18,45,1691,72,12247,4081,500,600,76.0,85,12.0,38,9853,70,5.3713875128460895,5.335359366244853,3.957651750065558,4.287247085802575,3.6795804037136692,5.322238211547547,70.89779351513197,9.502670860800531,8.18162464989385,2872.1891570226703,43361.72889933899,5.829176903378423,9.710163764170094,1.8338354047159369,0.857449088960343,Medium,1,1,-0.5215771359073749,-0.40135236493613774,-0.009172833443968095,-0.4199221856006509,-0.09602003778120971,-0.9058669622243369,0.5483915105209182,-0.22842386689854197,-1.4057817650474291,0.11569717540939685,0.2554446883163039,-0.4881495639928844,1.1856594896053954,0.39524254300398803,0.7530643968553118,0.3584006965742063,0.6130958528832952
Saint Joseph's College IN,Yes,920,684,225,24,42,815,222,11200,4250,600,950,55.0,60,14.8,19,7360,67,5.362907103180277,5.236833005917646,3.676781525029689,4.914783971046612,3.523091758143583,7.139643017346398,68.66688667755301,9.911870086910547,8.932140965162741,1504.656575461497,17408.082037358414,6.849139912449009,6.534472866673584,1.8316628312043708,0.7434782608695653,Medium,1,1,-0.5352870511682422,-0.565881671548916,-0.7798471666991774,0.010498375683124296,-0.9247146296499997,-0.2606188548183158,0.30984390473632706,0.450010288926062,-0.48839044954759636,-1.1694590422937714,-1.3504282584260159,0.23290908127871499,-0.16285168859179217,-0.3649570108746363,-0.022188822217963956,0.3584006965742063,0.6130958528832952
Saint Joseph's College,Yes,833,682,217,12,33,716,2196,9985,5180,500,800,53.0,89,27.2,8,4322,85,5.302616219842118,5.23498096191959,3.6609834600058346,3.4779670941379464,3.492629310080411,11.526016840270483,65.89904701467962,9.502670860800531,8.648479600106288,1397.2527513082268,48914.209492885086,10.668138405581747,3.833720635194582,1.8266950422556867,0.8187274909963985,Medium,1,1,-0.6327567412117782,-0.5689744024059623,-0.8231951692417276,-0.9749983196713342,-1.0860302693443087,1.2967113550426654,0.013882857124580776,-0.22842386689854197,-0.835123048894733,-1.27039315843607,0.5990025096854961,2.9327343251979308,-1.3096870359996657,-2.103223137405174,0.4896720536383353,0.3584006965742063,0.6130958528832952
Saint Joseph's University,Yes,2519,2003,776,39,71,2473,1314,12750,6350,350,1690,84.0,90,17.4,13,8243,83,5.949921210725781,5.891328236082462,4.1673999446093495,6.0849584643019385,3.7517336292480077,10.454967282768026,71.92515779841987,8.729291720840871,9.909692209405478,3508.30890518449,50367.40936643958,7.730544699247318,5.203164536960752,1.8325476582268314,0.7951568082572449,Medium,1,1,0.41371352646023113,0.5270608267101247,0.5663511472872652,0.813108029442438,0.28607150354672645,0.9164478618949496,0.6582460709708273,-1.5106521568656046,0.7065163148750296,0.7134988370127088,0.6889187505729792,0.8560145624116187,-0.7281725029254713,-0.055349485903273495,0.3293393792567022,0.3584006965742063,0.6130958528832952
Saint Joseph College,Yes,292,241,96,20,52,543,712,12200,4600,650,950,87.0,90,11.2,32,8680,76,4.638749918047267,4.552376825934012,3.2807889863866575,4.511710153177958,3.4246227979650765,9.24616403397728,70.8003917705344,10.094559934711176,8.932140965162741,3763.230380637817,50367.40936643958,5.521188494835537,8.820611540394847,1.8329333932906413,0.8253424657534246,Medium,1,1,-1.7060009712451338,-1.7088560017235948,-1.866403371272954,-0.2659654673280361,-1.44616265209023,0.4872765479313362,0.5379764844061541,0.7529019484450437,-0.48839044954759636,0.9530645509285739,0.6889187505729792,-0.7058806999736407,0.8079240121706287,0.07962206827546295,0.5346684843950573,0.3584006965742063,0.6130958528832952
Saint Louis University,Yes,3294,2855,956,44,67,4576,1140,11690,4730,800,6800,84.0,94,4.6,19,18367,67,6.099039306207632,6.096622676693483,4.2412644607026095,6.3990538472540806,3.8565839512726026,10.16819248881879,69.72727609740602,10.577309512175834,12.4518058682793,3508.30890518449,56445.99688283852,2.5204235776009196,6.534472866673584,1.8374696236069867,0.8667273831208258,Medium,1,1,0.6547863676886083,0.8698822995932791,0.7690265525714036,1.0285425548159215,0.8413123933949813,0.8146318589565396,0.4232297947449656,1.5532793225065122,3.813861146984124,0.7134988370127088,1.0650292563104273,-2.827259089932484,-0.16285168859179217,1.6668826347962744,0.8161772787736022,0.3584006965742063,0.6130958528832952
Saint Mary's College,Yes,888,734,393,26,60,1433,27,12730,4514,500,1525,74.0,95,9.9,31,11165,98,5.341471780605638,5.281339767873343,3.9093691572364024,5.097794723902809,3.6462373811965065,3.895833163481379,71.88482136142983,9.502670860800531,9.732277081436346,2723.085158261725,58032.99277532507,5.001743657107565,8.664190735529143,1.8346663594478496,0.8265765765765766,Medium,1,1,-0.5699406195297276,-0.49155976764591836,-0.14165449835412436,0.13602341304359422,-0.2725899245986971,-1.4122952245038178,0.6539329547493097,-0.22842386689854197,0.48965347748439847,-0.024425212660713208,1.1632240797157132,-1.0731000870048981,0.7415021812454939,0.6859997547303033,0.5430631622645528,0.3584006965742063,0.6130958528832952
Saint Mary's College of Minnesota,Yes,876,802,367,14,35,1263,118,10800,3600,400,820,68.0,74,18.8,19,5081,78,5.3332188765216175,5.336921007105192,3.881884770203899,3.7757494643672955,3.6199820550476205,6.094760335331136,67.77844806036023,9.014694833976261,8.689016347434052,2299.597751802593,30158.03455349912,8.18378214414269,6.534472866673584,1.8283589752516054,0.9155251141552512,Medium,1,1,-0.5832827362560125,-0.3987445786840467,-0.21706837196246975,-0.7707527080612918,-0.41162650906187165,-0.6315921079320175,0.21484446260457613,-1.0374664620381557,-0.7855730801591728,-0.42240291415622744,-0.5615293446508958,1.176428905967485,-0.16285168859179217,-1.5210006650942032,1.1481095697084205,0.3584006965742063,0.6130958528832952
Saint Mary-of-the-Woods College,Yes,150,130,88,23,50,341,768,10300,4130,500,1700,44.0,58,10.2,37,9678,75,4.1894551456315225,4.123127209348036,3.2373420376818305,4.818997178837589,3.3005584527035343,9.391591121290238,66.63697421900783,9.502670860800531,9.919921665567582,963.0984132961202,15928.406042687022,5.123864622430816,9.567248268196495,1.8337116043632276,0.8666666666666667,Medium,1,1,-2.4323565955261794,-2.4256605355168674,-1.9856166065697527,-0.055200718403029835,-2.1031525032544565,0.5389087173604306,0.09278833397848779,-0.22842386689854197,0.7190202592323733,-1.678395245159371,-1.4419827001745347,-0.986767173916724,1.1249724926404445,0.35192388317562806,0.815764272855105,0.3584006965742063,0.6130958528832952
Saint Michael's College,Yes,1910,1380,463,16,64,1715,106,13030,5860,500,750,79.0,88,14.5,34,10190,84,5.792946049394598,5.669950839819477,3.9740253314468763,4.043409132038042,3.682363651121234,5.923835715576846,72.48555652476522,9.502670860800531,8.542878851701946,3103.2898290035896,47487.224979564795,6.743692439595633,9.126046493076482,1.8340645161474043,0.7225130890052356,Medium,1,1,0.15993850323377998,0.15738240373854837,0.03575431720874341,-0.5871679226871698,-0.08128119161074647,-0.6922768750536007,0.7181686872820896,-0.22842386689854197,-0.9642037997398595,0.33287698488245776,0.5107083351693819,0.158363424968833,0.9376225443004441,0.4754103288408308,-0.16479827104376596,0.3584006965742063,0.6130958528832952
Saint Olaf College,Yes,2248,1673,745,38,73,2888,105,14350,3750,550,550,82.0,88,10.0,31,12502,83,5.885750336434557,5.785078203376407,4.1526858384053185,6.018587232987885,3.779505396220126,5.908815723582758,75.02604505134019,9.715390024589627,8.042368215839243,3343.323684287649,47487.224979564795,5.04260878005569,8.664190735529143,1.8353712216475029,0.7442170818505338,Medium,1,1,0.3099712211450657,0.34963374881283016,0.5259773982122616,0.7675847409999096,0.433138487305157,-0.6976095457808463,0.9898194103554754,0.12425506576926057,-1.5760014399966686,0.5584518675118793,0.5107083351693819,-1.044210656770872,0.7415021812454939,0.9326362560361059,-0.017163208616573472,0.3584006965742063,0.6130958528832952
Saint Peter's College,Yes,1606,1413,530,23,38,1921,1154,9408,5520,500,450,78.0,78,12.1,22,7669,53,5.692975967784911,5.6841654018742815,4.026123267779751,4.818997178837589,3.704456938241956,10.19267677345549,64.50668444504909,9.502670860800531,7.724605833873065,3025.263672430051,34618.54631426671,5.8671049482622815,7.119694928162363,1.8319902924609535,0.8798256537982565,Medium,1,1,-0.0016788479911294596,0.18111932075156295,0.17870482875614357,-0.055200718403029835,0.0357150766287091,0.8233247149854293,-0.13500043633015538,-0.22842386689854197,-1.964417312746711,0.2595509072328201,-0.28553671812966114,-0.46133648899060975,0.08565438996495688,-0.25037589320868503,0.9052744335199312,0.3584006965742063,0.6130958528832952
Saint Vincent College,Yes,700,595,278,19,35,1035,182,10850,3936,500,900,62.0,64,12.3,31,8534,88,5.195972218139579,5.148244896325006,3.767347783220598,4.401674224577899,3.577092495677194,6.804119297184665,67.89067179043364,9.502670860800531,8.842506598639705,1911.850540404655,20615.457243900444,5.942596739668135,8.664190735529143,1.8328079124538814,0.85,Medium,1,1,-0.8051635333406654,-0.7138150793903197,-0.5313441769722156,-0.3414378853851846,-0.6387506289520245,-0.37974258814036077,0.22684438195140125,-0.22842386689854197,-0.5979547424825227,-0.7867933106586992,-1.1519730239216481,-0.40796787821144803,0.7415021812454939,0.03571539463824864,0.7023941482275717,0.3584006965742063,0.6130958528832952
Saint Xavier University,Yes,785,647,295,15,65,1670,726,10860,4624,600,794,87.0,100,13.7,15,8953,55,5.266384668676029,5.201595061840245,3.792237022415062,3.912896621040344,3.67710530110704,9.283462143789318,67.91307576883082,9.911870086910547,8.636135515463405,3763.230380637817,66380.98635477376,6.458258782327776,5.675799188389897,1.8331595107706191,0.824203821656051,Medium,1,1,-0.6913307389113637,-0.6247255635414799,-0.46305107890896174,-0.676685000581864,-0.10912708549679316,0.500518801219789,0.22924000659904303,0.450010288926062,-0.8502118028882008,0.9530645509285739,1.6797533027611797,-0.04342272256216631,-0.5274750385853566,0.158742248323768,0.5269231910015182,0.3584006965742063,0.6130958528832952
Salem-Teikyo University,Yes,489,384,120,23,52,700,45,10575,3952,400,620,46.0,24,13.0,9,8946,98,4.971691257781368,4.864235844066211,3.389591569706621,4.818997178837589,3.487224746765071,4.621460505471613,67.26917506326603,9.014694833976261,8.234335889720578,1052.6242441965287,1577.5283727612486,6.203132952498875,4.135098422421764,1.8331538460626702,0.7852760736196319,Medium,1,1,-1.1677489604967102,-1.1880821921173963,-1.567862084649038,-0.055200718403029835,-1.1146504441468883,-1.154669808522013,0.1603886457586318,-1.0374664620381557,-1.3413503427552385,-1.5942622016194825,-2.3299383055928167,-0.22378287640524416,-1.1817113204611744,0.15676012508019993,0.26212857222003644,0.3584006965742063,0.6130958528832952
Salem College,Yes,335,284,132,28,69,534,216,10475,6300,500,2000,68.0,68,11.2,46,9599,60,4.728697691656297,4.663450363533299,3.434939088341612,5.270625276993018,3.4203802186793166,7.092977963213024,67.04054674658612,9.502670860800531,10.203474874757537,2299.597751802593,24164.67508092954,5.521188494835537,10.78932967832484,1.833654580489386,0.8477611940298507,Medium,1,1,-1.5605862563104551,-1.5233741462734582,-1.4434339125836755,0.25456596475215887,-1.4686294738642682,-0.27718673103691277,0.13594175418975643,-0.22842386689854197,1.0656206545879023,-0.42240291415622744,-0.9323663945762501,-0.7058806999736407,1.6439116764017525,0.3319708076069562,0.6871653255164106,0.3584006965742063,0.6130958528832952
Salisbury State University,No,4216,2290,736,20,52,4296,1027,5130,4690,600,1450,73.0,75,17.9,18,5125,56,6.233649656451456,5.969491517329953,4.148281315830487,4.511710153177958,3.846462073097855,9.96000181002619,51.83093555758719,9.911870086910547,9.645678727479,2650.022148392148,31237.605304478584,7.893991222131814,6.329097661694977,1.8284436269808848,0.543168880455408,Low,0,0,0.8724051582664092,0.6575857991491817,0.5138919146113129,-0.2659654673280361,0.7877114073783235,0.7407162177951022,-1.490399728535567,0.450010288926062,0.38380024519512246,-0.09308710977675971,-0.4947312768374728,0.9715624080857869,-0.25006129701322827,-1.4913803983963594,-1.3847347875149778,-1.0977194109733543,-1.6310663255951814
Samford University,Yes,1680,1395,691,34,76,2959,402,8236,3700,569,1650,75.0,75,14.7,17,9533,61,5.719076428342198,5.676456601479771,4.125285421373996,5.739346337815967,3.783768873024809,8.182607554540978,61.4955284254805,9.791819164959673,9.868205833654798,2797.1408339686877,31237.605304478584,6.814084059463645,6.117876942980019,1.833606382707426,0.8303571428571429,Low,0,1,0.04051664923261396,0.1682463842144469,0.45079392825266595,0.5760565206522865,0.4557159730884091,0.10967338363573148,-0.45697894615061485,0.25097118842734994,0.655805570750033,0.04516955486019143,-0.4947312768374728,0.2081264905007414,-0.3397531182413292,0.31510604692159927,0.5687793584879799,-1.0977194109733543,0.6130958528832952
San Diego State University,No,9402,7020,2151,20,70,16407,5550,8384,5110,612,2400,87.0,93,19.5,7,7930,41,6.654593830800726,6.595381623863066,4.506936294707611,4.511710153177958,4.034027717467603,13.60279464903463,61.890689501167955,9.956893319259096,10.525664808960178,3763.230380637817,54886.120254639376,8.40545443679582,3.513908539388445,1.832251436196135,0.7466496490108487,Low,0,0,1.552927584340866,1.7027605615346253,1.4979983170592401,-0.2659654673280361,1.7809760275898925,2.0340467831939457,-0.41472495018958017,0.5246568099404275,1.4594485322311326,0.9530645509285739,0.9685124280279964,1.333139219589902,-1.4454906138784915,-0.1589997671874537,-0.0006163820887886673,-1.0977194109733543,-1.6310663255951814
Santa Clara University,Yes,4019,2779,888,40,73,3891,128,13584,5928,630,1278,88.0,92,13.9,19,10872,100,6.207738502591069,6.081173590481747,4.215407848364573,6.150076980026682,3.8303055810072983,6.22561986178647,73.57146981708402,10.023005814993539,9.43026909891278,3850.189112920918,53353.18359977521,6.530212562649016,6.534472866673584,1.8344942684638497,0.6914655386912167,Medium,1,1,0.830515705075336,0.8440838489677156,0.6980790982041427,0.8577720942126082,0.7021537774925252,-0.585131978899709,0.8342838076487625,0.6342683936656499,0.12049494656094818,1.0347851307407439,0.8736625013025863,0.007444705863380859,-0.16285168859179217,0.6257838455484809,-0.3759901499525608,0.3584006965742063,0.6130958528832952
Sarah Lawrence College,Yes,1380,768,263,57,82,1000,105,19300,6694,600,700,89.0,93,6.1,18,14779,83,5.604462126045337,5.30978893170308,3.7438825279593146,7.106869154305116,3.569490935838498,5.908815723582758,83.37605034424257,9.911870086910547,8.430546202210584,3938.140272384894,54886.120254639376,3.302367615449612,6.329097661694977,1.8363378761292306,0.5565217391304348,High,2,1,-0.1447753866590017,-0.4440524692632791,-0.5957300332901772,1.5140251916296579,-0.6790051247663749,-0.6976095457808463,1.8826732657285508,0.450010288926062,-1.101513269226264,1.1174383566772665,0.9685124280279964,-2.2744669753212343,-0.25006129701322827,1.270875814721731,-1.2939058723876806,1.8145208041217669,0.6130958528832952
Savannah Coll. of Art and Design,Yes,1109,688,386,20,65,1897,208,8325,5000,1200,1600,14.0,98,16.1,26,6874,55,5.475114060821718,5.240519769554198,3.9021805725745713,4.511710153177958,3.702035090208517,7.028906359043815,61.73371239508351,11.557859430101406,9.81501796881166,97.20921548393235,62958.47816557827,7.296780800241798,7.8398782563579585,1.8311025137596553,0.6203787195671776,Low,0,1,-0.35388686632275784,-0.559725139807028,-0.16137911562388957,-0.2659654673280361,0.022890041557777175,-0.2999345972232123,-0.4315102825883444,3.1789875676948047,0.5907915473312447,-2.492125683040396,1.4679867891663476,0.5493669618582913,0.3914698171492021,-0.5610162324547172,-0.859537442560593,-1.0977194109733543,0.6130958528832952
Schreiner College,Yes,584,413,131,19,51,521,99,8955,5900,500,1488,51.0,56,11.8,23,8545,52,5.08343478673619,4.912060136872795,3.431345229878194,4.401674224577899,3.414095812941934,5.815891280490231,63.37372452507533,9.502670860800531,9.69006047237311,1293.8214305708966,14529.133571585424,5.752949445648684,7.305625713076967,1.83281748148768,0.7071917808219178,Medium,1,1,-0.9870979809695265,-1.1082203388165892,-1.4532950307379926,-0.3414378853851846,-1.5019089046415373,-0.7306012715900319,-0.25614618379352366,-0.22842386689854197,0.4380501349100431,-1.3675940637330268,-1.5285622016377773,-0.5420382510475145,0.16460720682316513,0.03906367039788318,-0.26901698813574054,0.3584006965742063,0.6130958528832952
Scripps College,Yes,855,632,139,60,83,569,7,17238,7350,600,800,95.0,100,8.2,41,18372,73,5.3184799055388625,5.186690453162178,3.4592478987717046,7.2527986409147225,3.4364134266057484,2.145576604714225,80.0918914097303,9.911870086910547,8.648479600106288,4486.687340503674,66380.98635477376,4.280329401826674,10.12756185867775,1.8374709590446245,0.7391812865497076,High,2,1,-0.6071105996693283,-0.6496147903737035,-1.3767334416880999,1.614116601411784,-1.3837247023357089,-2.033703140019409,1.531502953437888,0.450010288926062,-0.835123048894733,1.6329424732160491,1.6797533027611797,-1.5831009213159983,1.3629015494814063,1.6673499143111394,-0.05141773306777816,1.8145208041217669,0.6130958528832952
Seattle Pacific University,Yes,1183,1016,411,42,82,1922,704,12669,4875,600,1250,83.0,85,16.8,20,10368,66,5.5135484282105285,5.483615284532105,3.9271957116494174,6.276768658259247,3.704557047793679,9.224553026720711,71.76153765363956,9.911870086910547,9.392683958613311,3425.3200408639627,43361.72889933899,7.531973546882462,6.734445050971812,1.8341808732400524,0.8588334742180896,Medium,1,1,-0.29175166993833573,-0.15377960008381983,-0.0927405633340149,0.9446685054628217,0.03624521249770489,0.47960381509441086,0.6407504081587357,0.450010288926062,0.07455286562134684,0.6355089913449042,0.2554446883163039,0.7156355046998162,-0.07793639470495539,0.516124536876054,0.7624812726075072,0.3584006965742063,0.6130958528832952
Seattle University,Yes,2115,1540,494,28,72,2993,347,12825,4375,500,1500,85.0,85,12.2,16,10175,89,5.85114497499797,5.7357365805300615,3.9991428567654297,5.270625276993018,3.7857666498366647,7.918448093956776,72.07605051185412,9.502670860800531,9.703857838201385,3592.2902607546,43361.72889933899,5.904911098320331,5.900304933741678,1.8340545676402835,0.7281323877068558,Medium,1,1,0.2540262147640773,0.2672381039610567,0.10467380511610314,0.25456596475215887,0.4662953146995172,0.01588668765501421,0.6743808081609929,-0.22842386689854197,0.45491530270202957,0.7924213890142526,0.2554446883163039,-0.4346095870330258,-0.4321419230686565,0.471929272556794,-0.12657463539644462,0.3584006965742063,0.6130958528832952
Seton Hall University,Yes,4576,3565,1000,16,36,4384,1530,12000,6484,650,1000,81.0,84,14.4,15,10080,64,6.277804864980328,6.22268662606124,4.256889452850125,4.043409132038042,3.8497278336315883,10.766721313442659,70.38313867181212,10.094559934711176,9.01750885336023,3262.3198521504246,42037.76711508565,6.708354885340432,5.675799188389897,1.833991031278322,0.7790646853146853,Medium,1,1,0.9437889936130874,1.0803966645760485,0.8118996638236422,-0.5871679226871698,0.8050054294639779,1.0271324477545019,0.49336022072818697,0.7529019484450437,-0.38404127330500104,0.4823274812028567,0.17352500962299197,0.13338168663923877,-0.5274750385853566,0.4496974291871592,0.21987742024552862,0.3584006965742063,0.6130958528832952
Seton Hill College,Yes,936,794,197,24,56,752,210,11240,4180,350,2000,71.0,71,11.2,37,10065,71,5.3733265141777515,5.330649254072678,3.6183556222494535,4.914783971046612,3.5042694514762194,7.045129773644401,68.75457767923787,8.729291720840871,10.203474874757537,2506.874201393403,27058.81466023696,5.521188494835537,9.567248268196495,1.8339809147929038,0.8482905982905983,Medium,1,1,-0.5184424354630128,-0.40921778782583673,-0.9401608619804822,0.010498375683124296,-1.0243892334202411,-0.294174665515488,0.3192205753119021,-1.5106521568656046,1.0656206545879023,-0.2276122220975675,-0.7532925064547982,-0.7058806999736407,1.1249724926404445,0.4461575960533927,0.6907664431375684,0.3584006965742063,0.6130958528832952
Shippensburg University of Penn.,No,5818,3281,1116,14,53,5268,300,7844,3504,450,1700,80.0,83,18.8,13,6719,72,6.405682010980987,6.175795063745323,4.294549661678826,3.7757494643672955,3.8786634554934496,7.660885745171172,60.42583937424156,9.270525807002555,9.919921665567582,3182.3085613523126,40739.09727963728,8.18378214414269,5.203164536960752,1.8309107861149183,0.5639394981093159,Low,0,0,1.150522501139053,1.0020923792233165,0.9152347764209462,-0.7707527080612918,0.9582356734981716,-0.07555778171289308,-0.5713592321440718,-0.6133100630418952,0.7190202592323733,0.4071358482998492,0.0931702615374012,1.176428905967485,-0.7281725029254713,-0.6281031545861454,-1.2434487367941156,-1.0977194109733543,-1.6310663255951814
Shorter College,Yes,540,445,165,23,70,1115,111,7210,3600,500,2000,62.0,65,13.2,18,7356,58,5.034312589059847,4.9608280420780835,3.538546952756802,4.818997178837589,3.593350182924948,5.997072411808244,58.61885665017912,9.502670860800531,10.203474874757537,1911.850540404655,21470.19703315302,6.276560578554963,6.329097661694977,1.8316584536469864,0.8240740740740741,Low,0,1,-1.0665117350344002,-1.026782745854291,-1.1591463138609004,-0.055200718403029835,-0.5526571143112186,-0.6662750511972985,-0.7645772523940808,-0.22842386689854197,1.0656206545879023,-0.7867933106586992,-1.0990862943084903,-0.1718735188122101,-0.25006129701322827,-0.3664887506077007,0.5260406210291875,-1.0977194109733543,0.6130958528832952
Siena College,Yes,2961,1932,628,24,68,2669,616,10800,5100,575,1090,71.0,82,14.1,42,8189,100,6.040145461534492,5.870135651607031,4.090012616336451,4.914783971046612,3.765505203852543,8.970986105151088,67.77844806036023,9.81549253516331,9.161666898989361,2506.874201393403,39465.53223109407,6.601764206578399,10.26314323792509,1.832497801115703,0.6524822695035462,Medium,1,1,0.5595752102476627,0.4916713003184497,0.35400956636140646,0.010498375683124296,0.3589996661921414,0.3895778749617978,0.21484446260457613,0.2902205855542885,-0.20783012848503488,-0.2276122220975675,0.01436886348154269,0.05802784562419385,1.4204742199244158,-0.07279485814765294,-0.6411624351242534,0.3584006965742063,0.6130958528832952
Siena Heights College,Yes,464,419,183,10,31,686,287,9240,3880,475,1090,29.0,49,7.2,17,9431,47,4.938380427816918,4.92150558436835,3.585428820102812,3.140658651142298,3.4823708423752127,7.5832212297939945,64.09078097874773,9.389262578036165,9.161666898989361,418.32997716220666,10239.648535408542,3.8285974958765663,6.117876942980019,1.8335308747129946,0.9030172413793104,Medium,1,1,-1.2216011532655113,-1.092447372861793,-1.0305080722885465,-1.2063544244260114,-1.1403545730481912,-0.10313165045134533,-0.17947238578698255,-0.41644976643940557,-0.20783012848503488,-2.1903483440074316,-1.793972608571502,-1.902450930319904,-0.3397531182413292,0.2886852407323138,1.0630284239823966,0.3584006965742063,0.6130958528832952
Simmons College,Yes,1003,782,295,23,53,1144,160,16160,6950,500,1200,74.0,81,8.9,33,14086,79,5.41497298505068,5.321113685856286,3.792237022415062,4.818997178837589,3.59889602934207,6.590034917686288,78.27132101444167,9.502670860800531,9.32358530355288,2723.085158261725,38216.88394908151,4.583834908277293,8.97452607649717,1.8360693186407657,0.7796610169491526,High,2,1,-0.45111436888578393,-0.42514124649813034,-0.46305107890896174,-0.055200718403029835,-0.5232887667454172,-0.45575071811545526,1.33683202337354,-0.22842386689854197,-0.009909663407681455,-0.024425212660713208,-0.06289081824039729,-1.3685389544921518,0.8732815923383459,1.1769055615473734,0.22393379174866226,1.8145208041217669,0.6130958528832952
Simpson College,Yes,1016,872,300,27,57,1116,602,11250,4980,550,1400,66.0,73,15.8,36,7411,70,5.422707055882188,5.389100089543076,3.7992436828961815,5.185399347607472,3.5935443319556892,8.92766718318901,68.77646840509966,9.715390024589627,9.585611403607514,2166.3773306690255,29101.843668955273,7.194768122981464,9.422314061223904,1.8317183254417713,0.8582677165354331,Medium,1,1,-0.4386110276676147,-0.3116106561004335,-0.4438256398509665,0.19611044886994475,-0.5516289869911462,0.3741980034429628,0.32156131861648807,0.12425506576926057,0.31037713613816026,-0.5475985071923998,-0.6268807912936191,0.4772495201356816,1.0634282792663534,-0.3455391664196205,0.7586328714680018,0.3584006965742063,0.6130958528832952
Sioux Falls College,Yes,437,400,211,13,35,614,271,8990,3064,500,1700,73.0,73,14.8,7,7881,48,4.900167760158971,4.891081158969513,3.6486873566559224,3.631117880323472,3.4553461081417063,7.483159016390192,63.462583762518264,9.502670860800531,9.919921665567582,2650.022148392148,29101.843668955273,6.849139912449009,3.513908539388445,1.8322034273789227,0.9153318077803204,Medium,1,1,-1.2833779371859997,-1.1432531632953262,-0.8569342074385341,-0.8699539009271027,-1.2834656021226167,-0.1386575572915009,-0.24664459547670278,-0.22842386689854197,0.7190202592323733,-0.09308710977675971,-0.6268807912936191,0.23290908127871499,-1.4454906138784915,-0.1757984077088299,1.1467946596393888,0.3584006965742063,0.6130958528832952
Skidmore College,Yes,4293,2728,591,25,62,2322,263,18710,5970,500,700,87.0,92,12.7,29,14837,81,6.24342584301875,6.070550747586137,4.067337080917709,5.0076495594765635,3.740183868681516,7.431114821059903,82.46089836695836,9.502670860800531,8.430546202210584,3763.230380637817,53353.18359977521,6.092161014487607,8.343335916108645,1.8363594721528036,0.6354530631260191,High,2,1,0.8882099005717669,0.8263447487912063,0.29179060691915165,0.07419384862799155,0.22490908448454372,-0.1571352340485938,1.7848174030663986,-0.22842386689854197,-1.101513269226264,0.9530645509285739,0.8736625013025863,-0.3022340305882601,0.6052558258750537,1.2784324232315643,-0.7569986300839464,1.8145208041217669,0.6130958528832952
Smith College,Yes,2925,1598,632,51,88,2479,95,18820,6390,500,1050,85.0,97,10.3,44,21199,90,6.033356077073533,5.757793629269109,4.092371344904262,6.796963010362023,3.7521747028446257,5.751079243566742,82.63294232051923,9.502670860800531,9.099012089175943,3592.2902607546,61289.05591242347,5.164259653618441,10.529353363432348,1.8381465994815724,0.5463247863247863,High,2,1,0.5485991030427896,0.30407120043298286,0.36048163568130437,1.301464018640753,0.28840723405804836,-0.7536120196790511,1.8032138114328726,-0.22842386689854197,-0.2844160430451073,0.7924213890142526,1.3646918631281069,-0.958210073115202,1.5335164968912367,1.9037615045361869,-1.3632676610115269,1.8145208041217669,0.6130958528832952
South Dakota State University,No,2807,2589,1701,13,37,7000,1103,3811,2190,500,1970,62.0,65,15.0,29,5084,67,6.010456103454788,6.04048306078374,4.433412716452239,3.631117880323472,3.921218496608849,10.102155148236436,46.51894273466433,9.502670860800531,10.176961421960018,1911.850540404655,21470.19703315302,6.918976065250672,8.343335916108645,1.8283647828166947,0.9223370146063413,Low,0,0,0.5115776960399252,0.776134676637729,1.2962584044598915,-0.8699539009271027,1.1835883327956873,0.7911860812778784,-2.0584033531191652,-0.22842386689854197,1.033212016900066,-0.7867933106586992,-1.0990862943084903,0.282279461657542,0.6052558258750537,-1.5189685550797498,1.1944455298938468,-1.0977194109733543,-1.6310663255951814
Southeast Missouri State University,No,2281,1870,1408,18,43,6553,1246,4680,3540,200,2150,75.0,76,17.1,8,5916,45,5.893996499821443,5.850936214419293,4.372237076024157,4.287247085802575,3.9115736174514777,10.347218430933882,50.13185419094405,7.5849469001653675,10.33075643934527,2797.1408339686877,32340.751369602982,7.631598364843213,3.833720635194582,1.8297962132314467,0.8198158702323542,Low,0,0,0.32330244047486173,0.4596101333641089,1.1283997576690041,-0.4199221856006509,1.1325133224150663,0.8781929048818956,-1.6720800144258503,-3.407925081273615,1.2212028845813738,0.04516955486019143,-0.4264744945937568,0.7860648591326469,-1.3096870359996657,-1.0181004569879237,0.4970754350156745,-1.0977194109733543,-1.6310663255951814
Southeastern Oklahoma State Univ.,No,818,700,447,20,50,2962,651,3738,2619,450,1022,55.0,59,19.6,9,4444,53,5.291539951598276,5.2514439375204,3.9602902158705517,4.511710153177958,3.7839462696138377,9.075520489907312,46.19169971632223,9.270525807002555,9.053824736651519,1504.656575461497,16658.086300281702,8.436867020058239,4.135098422421764,1.8269918114156942,0.8557457212713936,Low,0,0,-0.6506632699071885,-0.5414828564746107,-0.0019331985740896282,-0.2659654673280361,0.4566553868932154,0.4266915734111415,-2.0933949705279615,-0.6133100630418952,-0.33965066477546113,-1.1694590422937714,-1.3968339859427865,1.3553462158537377,-1.1817113204611744,-1.999381411524958,0.7414777364243493,-1.0977194109733543,-1.6310663255951814
Southern California College,Yes,385,340,193,18,38,784,127,9520,4124,630,1818,63.0,65,18.6,11,8219,43,4.8188587215430365,4.783747634543557,3.6092304272818487,4.287247085802575,3.5140603043453833,6.212956790355967,64.78125124227641,10.023005814993539,10.036595647281144,1973.9929282613914,21470.19703315302,8.119859637831675,4.6929731524538,1.8325255618556786,0.8831168831168831,Medium,1,1,-1.414826779081092,-1.3224895655277928,-0.9651993065026259,-0.4199221856006509,-0.9725412108822397,-0.5896278528230136,-0.10564141021429993,0.6342683936656499,0.8616363428420418,-0.7283942076217277,-1.0990862943084903,1.1312391536008917,-0.9448178904126144,-0.06308116973503866,0.9276620582017603,0.3584006965742063,0.6130958528832952
Southern Illinois University at Edwardsville,No,2540,2195,994,13,40,6063,2550,5472,3598,221,2216,76.0,81,16.5,8,7498,43,5.954580787044561,5.944838903366116,4.254805974623477,3.631117880323472,3.9000347083662286,11.848059413180994,53.05782426881901,7.783147614413471,10.384172809657032,2872.1891570226703,38216.88394908151,7.43165335007073,3.833720635194582,1.8318116460337974,0.8641732283464567,Low,0,0,0.421246464018608,0.6164183646860361,0.806182848547234,-0.8699539009271027,1.0714083679937632,1.41104876628514,-1.3592103127793675,-3.0793170935874565,1.286496220958714,0.11569717540939685,-0.06289081824039729,0.6447145550544336,-1.3096870359996657,-0.31288560047660374,0.7988033880683086,-1.0977194109733543,-1.6310663255951814
Southern Methodist University,Yes,4301,3455,1166,41,69,4892,387,12772,5078,576,1802,74.0,88,13.5,17,12726,72,6.244430737963324,6.20501539118304,4.309412477867057,6.213996875421871,3.8671380336424734,8.1139628886428,71.96947992568424,9.819417140803028,10.021193713093647,2723.085158261725,47487.224979564795,6.385894684619047,6.117876942980019,1.8354780224684586,0.8033015577772611,Medium,1,1,0.8898344712091639,1.0508874447911494,0.9560165679216175,0.9016140386466763,0.8972021414989908,0.08530190590386258,0.6629853712249197,0.2967274075232293,0.8428098358387288,-0.024425212660713208,0.5107083351693819,-0.09458022317358943,-0.3397531182413292,0.9700066538671449,0.3847416553453587,0.3584006965742063,0.6130958528832952
Southwest Baptist University,Yes,1093,1093,642,12,32,1770,967,7070,2500,400,1000,52.0,54,15.9,13,4718,71,5.466441884390942,5.528433994880008,4.098193598816113,3.4779670941379464,3.6885668127250155,9.840912670492544,58.205893181054755,9.014694833976261,9.01750885336023,1345.040514947662,13208.53355099297,7.228855508595915,5.203164536960752,1.8276147247974772,1.0,Low,0,1,-0.3679068027030161,-0.07893677312532452,0.37645720465087334,-0.9749983196713342,-0.04843199379952441,0.6984350255964714,-0.8087348322520651,-1.0374664620381557,-0.38404127330500104,-1.3194602747181297,-1.6102738723642291,0.5013474568975291,-0.7281725029254713,-1.7814194082070063,1.7227252698753677,-1.0977194109733543,0.6130958528832952
Southwest Missouri State University,No,6118,5254,3204,15,37,13131,3374,4740,2590,500,1360,70.0,75,19.9,11,4632,56,6.432171544283307,6.438166405866066,4.625840581858228,3.912896621040344,4.006521618504811,12.464358915941714,50.36442641035178,9.502670860800531,9.536109726820118,2436.7893025328367,31237.605304478584,8.530732349017427,4.6929731524538,1.8274253390775206,0.8587773782281791,Low,0,0,1.1933469956135083,1.4402266495934932,1.8242574718318247,-0.676685000581864,1.6353159040017928,1.629858624431647,-1.6472114071056398,-0.22842386689854197,0.24986891338064976,-0.29347540133892097,-0.4947312768374728,1.421703923275852,-0.9448178904126144,-1.8476868735220173,0.7620996960454716,-1.0977194109733543,-1.6310663255951814
Southwest State University,No,1047,938,511,13,33,2091,546,4285,2750,600,1800,58.0,75,16.5,31,6591,51,5.440729062361326,5.434345105843388,4.012156757938682,3.631117880323472,3.7206195091195684,8.744780506365569,48.549622417994875,9.911870086910547,10.019259575285039,1673.2103108531687,31237.605304478584,7.43165335007073,8.664190735529143,1.8307472408539422,0.8958930276981852,Low,0,0,-0.40947562131385756,-0.2360559402370633,0.14038239476267148,-0.8699539009271027,0.12130489707976956,0.3092662492660327,-1.8412657441369753,0.450010288926062,0.840445648422016,-1.0110585156983387,-0.4947312768374728,0.6447145550544336,0.7415021812454939,-0.6853288520233497,1.0145680444082565,-1.0977194109733543,-1.6310663255951814
Southwestern Adventist College,Yes,321,318,172,11,27,620,280,7536,3736,430,1651,44.0,77,13.0,12,5309,36,4.700844168895677,4.739211248876055,3.5574494258172917,3.3150176007474266,3.4577424326445376,7.540078975972184,59.56047643122277,9.171321099399199,9.869254290055208,963.0984132961202,33467.66720923342,6.203132952498875,4.953303378471571,1.8287858366429088,0.9906542056074766,Low,0,1,-1.6056158541498344,-1.396860938108477,-1.1072801866453614,-1.086763562568219,-1.2707757283709162,-0.11844879803394849,-0.6638912261810191,-0.7777870653483813,0.6570871482145703,-1.678395245159371,-0.3567469657519844,-0.22378287640524416,-0.8342724276648658,-1.3716387044934006,1.6591532373739475,-1.0977194109733543,0.6130958528832952
Southwestern College,Yes,213,155,75,28,66,504,147,7200,3532,550,1500,56.0,56,11.8,12,7818,52,4.428720602839062,4.247343673784158,3.155996264429795,5.270625276993018,3.4055833759756617,6.450697156211702,58.589534760299415,9.715390024589627,9.703857838201385,1559.8481122051853,14529.133571585424,5.752949445648684,4.953303378471571,1.8321410213365037,0.7276995305164319,Low,0,1,-2.0455463737992767,-2.2182312881997666,-2.2088196874806463,0.25456596475215887,-1.5469870024925045,-0.5052209443384726,-0.7677125992001687,0.12425506576926057,0.45491530270202957,-1.1175920904074985,-1.5285622016377773,-0.5420382510475145,-0.8342724276648658,-0.19763474390353838,-0.12951901981390193,-1.0977194109733543,0.6130958528832952
Southwestern University,Yes,1244,912,352,44,77,1177,43,11850,4675,600,1050,83.0,89,11.3,35,12995,67,5.543338006462206,5.416940709023409,3.8649859517421437,6.3990538472540806,3.6050021945790975,4.555386229735778,70.0671928037699,9.911870086910547,9.099012089175943,3425.3200408639627,48914.209492885086,5.560145089438339,9.275276881632609,1.8356025113862455,0.7331189710610932,Medium,1,1,-0.24359213406898814,-0.2651195667761429,-0.26343671039759975,1.0285425548159215,-0.49095321875375364,-1.178128699590605,0.4595765910806138,0.450010288926062,-0.2844160430451073,0.6355089913449042,0.5990025096854961,-0.678340495986942,1.0009910690058206,1.0135662477131748,-0.09265486081631609,0.3584006965742063,0.6130958528832952
Spalding University,Yes,283,201,97,10,45,589,263,8400,2800,600,900,50.0,56,10.6,40,6860,89,4.61812389073421,4.428090205489372,3.2859247891612267,3.140658651142298,3.445045266028016,7.431114821059903,61.93313448205593,9.911870086910547,8.842506598639705,1243.5955249411834,14529.133571585424,5.28453802129421,9.990248962005056,1.8310854711671787,0.7102473498233216,Low,0,1,-1.7393461866031055,-1.916402402657228,-1.8523113421925632,-1.2063544244260114,-1.3380143019353856,-0.1571352340485938,-0.4101863704524781,0.450010288926062,-0.5979547424825227,-1.414794500329653,-1.5285622016377773,-0.8731797768392634,1.304593615223782,-0.5669795617177625,-0.24823237382591,-1.0977194109733543,0.6130958528832952
Spelman College,Yes,3713,1237,443,47,83,1971,107,7000,5565,660,2400,73.0,80,12.5,18,9988,65,6.164656919533299,5.603841315203617,3.956767688150532,6.57495971719884,3.7093861300534314,5.938728549407817,57.9973958658099,10.129619880423451,10.525664808960178,2650.022148392148,36992.96354026978,6.017611906998858,6.329097661694977,1.8339286152807721,0.3331537840021546,Low,0,1,0.760867554065944,0.046986016320750744,-0.011598593692609814,1.1491944321080274,0.06181789438633409,-0.6869893503300581,-0.8310291452759792,0.8110297824067062,1.4594485322311326,-0.09308710977675971,-0.13862047133804148,-0.3549362148576937,-0.25006129701322827,0.4278576096184427,-2.813301047029098,-1.0977194109733543,0.6130958528832952
Spring Arbor College,Yes,372,362,181,15,32,1501,353,8600,3550,385,665,48.0,48,15.4,9,10938,49,4.796682207030188,4.825301242063856,3.580488388019648,3.912896621040344,3.6556965591911386,7.949030661535426,62.459274033218264,8.93250308539428,8.347402608553923,1146.123359651444,9701.095221244075,7.057569713883966,4.135098422421764,1.834533652386787,0.9731182795698925,Low,0,1,-1.450678600718697,-1.253099138337859,-1.0440640275386948,-0.676685000581864,-0.22249830536894857,0.026744667003795883,-0.353927037644766,-1.173736733355756,-1.203143585860674,-1.5063952131493028,-1.8272954091087186,0.38025767031614155,-1.1817113204611744,0.639564571718421,1.5398702301535407,-1.0977194109733543,0.6130958528832952
St. Bonaventure University,Yes,1489,1313,375,13,45,1688,131,10456,4927,500,1050,91.0,91,17.7,32,9828,78,5.648953445716781,5.63993729326239,3.8905748122302506,3.631117880323472,3.679229116548487,6.263081208036455,66.99694554434673,9.502670860800531,9.099012089175943,4117.019810783901,51847.00689353883,7.828828751567432,8.820611540394847,1.8338179272111221,0.8817998656816656,Medium,1,1,-0.07284817481702548,0.10726274045627178,-0.19322393510995958,-0.8699539009271027,-0.09788029909869246,-0.5718317704422652,0.1312795413943432,-0.22842386689854197,-0.2844160430451073,1.2855426885908192,0.7804683371675396,0.9254960681010471,0.8079240121706287,0.3891270346944466,0.9187034323557258,0.3584006965742063,0.6130958528832952
St. John's College,Yes,323,278,122,31,51,393,4,16150,5450,275,800,63.0,72,7.2,26,15622,64,4.704902235873233,4.64907629952836,3.3975036926544715,5.5134261936560724,3.3397492696191367,1.485730323601004,78.25406460446635,8.226063046703153,8.648479600106288,1973.9929282613914,28068.836197330573,3.8285974958765663,7.8398782563579585,1.8366395072035264,0.8606811145510835,High,2,1,-1.5990553509928354,-1.5473774158156006,-1.5461521647859078,0.4211004096393092,-1.895615286029747,-2.2679737674045173,1.3349868206897215,-2.3449829643084525,-0.835123048894733,-0.7283942076217277,-0.6907977722592065,-1.902450930319904,0.3914698171492021,1.3764187604010791,0.7750493054966097,1.8145208041217669,0.6130958528832952
St. John Fisher College,Yes,1368,1064,354,19,51,1687,677,10570,5600,400,800,86.0,81,14.5,29,7908,66,5.5993347689226995,5.5119629132181,3.8672866505282393,4.401674224577899,3.6791118518055983,9.149944617214896,67.25777744076089,9.014694833976261,8.648479600106288,3677.2640912751194,38216.88394908151,6.743692439595633,8.343335916108645,1.8322299379447224,0.7777777777777778,Medium,1,1,-0.1530645654173042,-0.10644185537941771,-0.257123867864117,-0.3414378853851846,-0.09850128126576838,0.4531149806439923,0.15916991465142472,-1.0374664620381557,-0.835123048894733,0.87227663203218,-0.06289081824039729,0.158363424968833,0.6052558258750537,-0.1665221644946292,0.2111236081749296,0.3584006965742063,0.6130958528832952
St. Lawrence University,Yes,2753,1820,505,31,56,1801,45,18720,5730,650,825,90.0,94,11.5,38,14980,85,5.999629298492643,5.834949807160724,4.007621408842922,5.5134261936560724,3.691960586702769,4.621460505471613,82.47656612480743,10.094559934711176,8.69900741347452,4027.0838434683237,56445.99688283852,5.637657762251316,9.710163764170094,1.8364121658756043,0.6610969851071559,High,2,1,0.4940744639525251,0.432914409572559,0.12793793882218113,0.4211004096393092,-0.030460069183883796,-1.154669808522013,1.7864927335015166,0.7529019484450437,-0.7733605312356664,1.2010242141140972,1.0650292563104273,-0.6235432314264993,1.1856594896053954,1.2968703468976874,-0.5825633522275343,1.8145208041217669,0.6130958528832952
St. Martin's College,Yes,191,165,63,5,25,494,574,11550,4270,300,500,43.0,77,14.5,8,9209,40,4.354994685250774,4.291128281444692,3.06496157211056,1.9933074045048962,3.400410981107523,8.838234623218971,69.42733422411072,8.405836708794975,7.890855810096345,919.8255557373217,33467.66720923342,6.743692439595633,3.833720635194582,1.8333620971041829,0.8638743455497382,Medium,1,1,-2.164735908561951,-2.1451153107620926,-2.458608004477437,-1.9933098674917418,-1.5743777159760373,0.3424460294870131,0.3911574488523031,-2.046926211268621,-1.7612021643396472,-1.7190614659860708,-0.3567469657519844,0.158363424968833,-1.3096870359996657,0.22962870605566085,0.7967703252735284,0.3584006965742063,0.6130958528832952
St. Mary's College of California,Yes,2643,1611,465,36,80,2615,248,13332,6354,630,1584,88.0,89,16.1,17,9619,78,5.9768514696166255,5.7626199009640615,3.9757036491434263,5.881850116998911,3.7618370513175656,7.3295639412867795,73.08119309753891,10.023005814993539,9.797672501494954,3850.189112920918,48914.209492885086,7.296780800241798,6.117876942980019,1.8336690851434572,0.6095346197502838,Medium,1,1,0.45725052312621844,0.3121305982718789,0.04035942040761018,0.6737982758594397,0.33957475420052935,-0.19318967429765108,0.7818592349820119,0.6342683936656499,0.5695893685699072,1.0347851307407439,0.5990025096854961,0.5493669618582913,-0.3397531182413292,0.3370460934351945,-0.9333012594234725,0.3584006965742063,0.6130958528832952
St. Mary's College of Maryland,No,1340,695,285,42,73,1315,209,6800,4730,675,1250,84.0,89,11.6,23,10357,63,5.587180692157501,5.24691674353207,3.777803433607071,6.276768658259247,3.6284493956159514,7.037035554888178,57.39404205796572,10.181351143971018,9.392683958613311,3508.30890518449,48914.209492885086,5.676217068867042,7.305625713076967,1.8341737721040416,0.5186567164179104,Low,0,0,-0.17271354100826988,-0.549042824033828,-0.5026551217713106,0.9446685054628217,-0.3667872217709328,-0.2970484222683694,-0.8955448856367199,0.896797921433434,0.07455286562134684,0.7134988370127088,0.5990025096854961,-0.5962838885447581,0.16460720682316513,0.5136397968206873,-1.5514716130242754,-1.0977194109733543,-1.6310663255951814
St. Mary's University of San Antonio,Yes,1243,1020,414,33,60,2149,418,8678,3858,700,1736,82.0,83,16.2,7,7651,72,5.542862403096061,5.486031791413878,3.9300791470404737,5.665746738617808,3.7257710404970172,8.253329605402921,62.662290386716485,10.265383834059623,9.956292051249779,3343.323684287649,40739.09727963728,7.330620142373578,3.513908539388445,1.8319717778195317,0.8205953338696702,Low,0,1,-0.24436102167048232,-0.1497442718694946,-0.08482876119406577,0.5255753751737814,0.14858512675254962,0.13478241235896263,-0.332218795845357,1.036120392064417,0.7634774885922346,0.5584518675118793,0.0931702615374012,0.5732895453024277,-1.4454906138784915,-0.25685430329429343,0.5023775083979829,-1.0977194109733543,0.6130958528832952
St. Norbert College,Yes,1334,1243,568,30,56,1946,95,12140,4450,425,1100,74.0,78,15.1,36,8595,88,5.584540773759531,5.606776205981272,4.052399630455378,5.434512156192033,3.706940817211251,5.751079243566742,70.67569044175296,9.145892219823459,9.176997673903145,2723.085158261725,34618.54631426671,6.953758067641122,9.422314061223904,1.8328607389252625,0.931784107946027,Medium,1,1,-0.17698138406751313,0.051886994526260166,0.25080402788921113,0.3669741501362814,0.04886860007581083,-0.7536120196790511,0.524642353676046,-0.8199470191013106,-0.1890906028016409,-0.024425212660713208,-0.28553671812966114,0.30686845488617326,1.0634282792663534,0.054199768015289855,1.2587066188511324,0.3584006965742063,0.6130958528832952
St. Paul's College,Yes,651,581,243,8,17,617,34,5000,3650,600,600,45.0,45,14.0,8,8426,45,5.151076135261364,5.13302608494583,3.7100748090567017,2.7487654512087505,3.4565478183308134,4.218760977575938,51.35049539145035,9.911870086910547,8.18162464989385,1007.3646531093469,8191.756865096928,6.566038151310228,3.833720635194582,1.8327129413213965,0.8924731182795699,Low,0,1,-0.8777451085311375,-0.7392289937516229,-0.6884943739062869,-1.475149606103812,-1.2771018769393692,-1.2976435188362476,-1.541772492930816,0.450010288926062,-1.4057817650474291,-1.6367954806657434,-1.9206851992413667,0.0327714581047688,-1.3096870359996657,0.002484292370811574,0.9913051109880587,-1.0977194109733543,0.6130958528832952
St. Thomas Aquinas College,Yes,861,609,215,10,27,1117,815,8650,5700,500,1750,69.0,73,16.1,13,6534,67,5.322730363882627,5.163085214212031,3.6569288027514855,3.140658651142298,3.593738269205466,9.506447419571124,62.589551093508,9.502670860800531,9.97024774848691,2367.6971460616746,29101.843668955273,7.296780800241798,5.203164536960752,1.830672827188763,0.7073170731707317,Low,0,1,-0.6002390656268426,-0.6890332118397822,-0.8343206642124917,-1.2063544244260114,-0.5506019811693088,0.5796870892745662,-0.3399967020981247,-0.22842386689854197,0.7805361922961006,-0.3584056382346787,-0.6268807912936191,0.5493669618582913,-0.7281725029254713,-0.7113667443066994,-0.26816472358374627,-1.0977194109733543,0.6130958528832952
Stephens College,Yes,450,405,194,17,34,614,388,13900,5200,450,2150,46.0,63,10.9,17,9995,59,4.918873688909926,4.899235188509909,3.611532045478154,4.167994170464725,3.4553461081417063,8.118613156073353,74.17789413409939,9.270525807002555,10.33075643934527,1052.6242441965287,19782.08415571577,5.403497575431053,6.117876942980019,1.8339333954350583,0.9,Medium,1,1,-1.2531368629740698,-1.129636737986139,-0.9588839412173978,-0.5017164322200872,-1.2834656021226167,0.08695292842175335,0.8991278730650316,-0.6133100630418952,1.2212028845813738,-1.5942622016194825,-1.2035376962767816,-0.7890818103589035,-0.3397531182413292,0.4295302209876218,1.0425045221101708,0.3584006965742063,0.6130958528832952
Stetson University,Yes,1557,1227,489,37,69,1964,81,12315,4565,600,1365,85.0,90,12.5,24,10307,73,5.674972378397875,5.598915811091574,3.9952166693171267,5.950905246358549,3.7087052668822764,5.503012675985996,71.03828173550838,9.911870086910547,9.542370609404388,3592.2902607546,50367.40936643958,6.017611906998858,7.487471891197417,1.8341413470918617,0.7880539499036608,Medium,1,1,-0.030784480220519887,0.0387609101300675,0.093900815940873,0.7211624200833137,0.058212344439350285,-0.8416851241032616,0.5634137104833785,0.450010288926062,0.2575218840001032,0.7924213890142526,0.6889187505729792,-0.3549362148576937,0.2418255545223002,0.5022940450371628,0.28102426305125006,0.3584006965742063,0.6130958528832952
Stevens Institute of Technology,Yes,1768,1249,380,51,93,1263,11,16900,5680,450,750,89.0,89,19.0,33,12837,79,5.7485533512459455,5.609695974532079,3.8958981870188443,6.796963010362023,3.6199820550476205,2.7058024588481264,79.52931424921339,9.270525807002555,8.542878851701946,3938.140272384894,48914.209492885086,8.247440324781588,8.97452607649717,1.8355298787017371,0.706447963800905,High,2,1,0.08817072858571956,0.056762720104052304,-0.17861723083810913,1.301464018640753,-0.41162650906187165,-1.8348015684232404,1.4713474003462843,-0.6133100630418952,-0.9642037997398595,1.1174383566772665,0.5990025096854961,1.2214317943896493,0.8732815923383459,0.9881515337500556,-0.2740765858380785,1.8145208041217669,0.6130958528832952
Stockton College of New Jersey,No,4019,1579,710,23,65,4365,765,3040,4351,711,1125,78.0,92,19.5,7,5599,64,6.207738502591069,5.750663734178623,4.135199633504327,4.818997178837589,3.8490295245206143,9.384046615733775,42.82694410131847,10.30153178844217,9.214767197935483,3025.263672430051,53353.18359977521,8.40545443679582,3.513908539388445,1.8292896173196858,0.39288380194078126,Low,0,0,0.830515705075336,0.2921649786709718,0.47799734158107415,-0.055200718403029835,0.8013074935427568,0.5362301297853952,-2.453183368003345,1.096052096113429,-0.14292314097182654,0.2595509072328201,0.8736625013025863,1.333139219589902,-1.4454906138784915,-1.195362116520815,-2.4070050723666854,-1.0977194109733543,-1.6310663255951814
Stonehill College,Yes,3646,2300,585,25,69,2022,926,12170,6172,480,800,79.0,79,13.0,30,7495,97,6.154715197103856,5.972022635759871,4.063505849718531,5.0076495594765635,3.7142594317069415,9.755643006594147,70.738091563387,9.412353836528984,8.648479600106288,3103.2898290035896,35793.58122346702,6.203132952498875,8.505142557374741,1.8318084559036316,0.6308283049917718,Medium,1,1,0.7447951970188317,0.6618125173477056,0.28127816634416386,0.07419384862799155,0.08762474260907194,0.6681610387147188,0.5313148143603421,-0.3781654846937416,-0.835123048894733,0.33287698488245776,-0.21283183845717074,-0.22378287640524416,0.673964674278998,-0.3140018506361274,-0.7884571944470554,0.3584006965742063,0.6130958528832952
SUNY at Albany,No,13528,9198,1843,16,61,10168,1231,6550,4355,700,1560,93.0,96,17.4,16,9075,74,6.837500245002654,6.739136076846706,4.45882680706028,4.043409132038042,3.9732485512956184,10.322738420304,56.623233854364955,10.265383834059623,9.77134766736873,4299.868873409913,59647.28650004573,7.730544699247318,5.900304933741678,1.8332571545277339,0.6799231224127735,Low,0,0,1.8486245539680006,1.942816323194243,1.365991632081787,-0.5871679226871698,1.459116469527196,0.8695015662886386,-0.9779662796594438,1.036120392064417,0.5374112883362752,1.4573774316188435,1.2631079470739583,0.8560145624116187,-0.4321419230686565,0.19290852173292472,-0.45450406027195905,-1.0977194109733543,-1.6310663255951814
SUNY at Binghamton,No,14463,6166,1757,60,94,8544,671,6550,4598,700,1000,83.0,100,18.0,15,8055,80,6.870567512987928,6.5254017237057695,4.4437175313889705,7.2527986409147225,3.949523068709329,9.13300138701917,56.623233854364955,10.265383834059623,9.01750885336023,3425.3200408639627,66380.98635477376,7.926466069189679,5.675799188389897,1.8323718626990027,0.42632925395837656,Low,0,0,1.9020829905119432,1.585901028598727,1.324533585211676,1.614116601411784,1.3334768166494444,0.44709948691235185,-0.9779662796594438,1.036120392064417,-0.38404127330500104,0.6355089913449042,1.6797533027611797,0.994520367361471,-0.5274750385853566,-0.11686164239318082,-2.1795021685591487,-1.0977194109733543,-1.6310663255951814
SUNY at Buffalo,No,15039,9649,3087,36,100,13963,3124,6550,4731,708,957,90.0,97,13.6,15,11177,56,6.889815026206491,6.764318162330946,4.615045335506088,5.881850116998911,4.014242365463772,12.293210417886351,56.623233854364955,10.291721877932629,8.944339468221463,4027.0838434683237,61289.05591242347,6.422128545636341,5.675799188389897,1.8346732589737713,0.6415985105392645,Low,0,0,1.9331996211474545,1.984867922888235,1.7946366058831504,0.6737982758594397,1.6762015620427984,1.5690943719639288,-0.9779662796594438,1.0797876998717146,-0.47347964675690707,1.2010242141140972,1.3646918631281069,-0.0689648444728493,-0.5274750385853566,0.6884139499231138,-0.7151960217360515,-1.0977194109733543,-1.6310663255951814
SUNY at Stony Brook,No,12512,6969,1724,27,66,9744,1351,6550,4712,600,1200,91.0,96,10.5,7,13705,57,6.7986640833864245,6.5914647631571555,4.437691744281313,5.185399347607472,3.9675242082105875,10.51150126267826,56.623233854364955,9.911870086910547,9.32358530355288,4117.019810783901,59647.28650004573,5.2445943428256845,3.513908539388445,1.83591282229068,0.5569852941176471,Low,0,0,1.785839794056898,1.696219790375495,1.3079995454752151,0.19611044886994475,1.4288028826258254,0.936519583629599,-0.9779662796594438,0.450010288926062,-0.009909663407681455,1.2855426885908192,1.2631079470739583,-0.9014177956963633,-1.4454906138784915,1.1221463302093007,-1.2907526751873624,-1.0977194109733543,-1.6310663255951814
SUNY College  at Brockport,No,7294,3564,904,7,34,5758,1363,6550,4460,500,705,79.0,83,19.0,14,6632,49,6.52403330239242,6.222528620040875,4.221692535921994,2.52477703580596,3.892262691263977,10.529537121373611,56.623233854364955,9.502670860800531,8.442108184349472,3103.2898290035896,40739.09727963728,8.247440324781588,5.443683341838181,1.8308001558527087,0.48862078420619687,Low,0,0,1.3418559673519048,1.0801328101021301,0.7153235298359185,-1.628780765874191,1.0302512059703803,0.9429230022028772,-0.9779662796594438,-0.22842386689854197,-1.0873805158291845,0.33287698488245776,0.0931702615374012,1.2214317943896493,-0.6260396734364524,-0.6668135022588373,-1.7557822557130414,-1.0977194109733543,-1.6310663255951814
SUNY College  at Oswego,No,8000,4556,1464,17,70,6943,869,6550,4810,500,1500,69.0,85,22.0,21,5280,63,6.571830397122367,6.359648147526359,4.3850041158979245,4.167994170464725,3.9200309582070583,9.631261026407856,56.623233854364955,9.502670860800531,9.703857838201385,2367.6971460616746,43361.72889933899,9.173008483791365,6.929403951155235,1.828733124088884,0.5695,Low,0,0,1.4191274842109216,1.3091089004127427,1.1634309894099337,-0.5017164322200872,1.1772996551244401,0.6240006859663723,-0.9779662796594438,-0.22842386689854197,0.45491530270202957,-0.3584056382346787,0.2554446883163039,1.8757583894788763,0.0048500806392386695,-1.3900832173442446,-1.205625049253806,-1.0977194109733543,-1.6310663255951814
SUNY College at Buffalo,No,5318,3515,1025,8,29,7626,2091,6550,4040,550,1230,71.0,78,18.7,12,7511,42,6.358094074255159,6.214727649124827,4.265417986722095,2.7487654512087505,3.933532662804084,11.421474672719537,56.623233854364955,9.715390024589627,9.365357091336133,2506.874201393403,34618.54631426671,8.15185417668031,4.953303378471571,1.8318254472267668,0.6609627679578789,Low,0,0,1.0735891210712531,1.067105957882466,0.8353009416009008,-1.475149606103812,1.248798705677307,1.2595948934039936,-0.9779662796594438,0.12425506576926057,0.0411499532397308,-0.2276122220975675,-0.28553671812966114,1.1538575609677506,-0.8342724276648658,-0.3080564608951659,-0.5834763251239752,-1.0977194109733543,-1.6310663255951814
SUNY College at Cortland,No,7888,3519,1036,6,40,5011,346,6550,4680,630,1274,82.0,85,17.8,17,5563,53,6.564557437874504,6.215368812773053,4.269094838566423,2.2755807268401735,3.870899255678108,7.913304728835849,56.623233854364955,10.023005814993539,9.424946757113046,3343.323684287649,43361.72889933899,7.861445633866882,6.117876942980019,1.8292292867152244,0.44612068965517243,Low,0,0,1.4073696023498707,1.0681766379534408,0.8453897836746513,-1.7997017391221424,0.9171199083656751,0.014060596627089417,-0.9779662796594438,0.6342683936656499,0.11398919839017395,0.5584518675118793,0.2554446883163039,0.9485544386053418,-0.3397531182413292,-1.21647224161097,-2.0448767166689357,-1.0977194109733543,-1.6310663255951814
SUNY College at Fredonia,No,4877,2798,814,13,48,4123,298,6550,4420,620,1481,82.0,90,16.3,10,6442,66,6.311950599438616,6.085077876905373,4.184537777755788,3.631117880323472,3.8397976865116794,7.649137216886531,56.623233854364955,9.986483116616254,9.681964352280827,3343.323684287649,50367.40936643958,7.364378221795919,4.420803225514992,1.8305505857806808,0.5737133483698995,Low,0,0,0.9989909407348634,0.8506036223153115,0.6133753134546975,-0.8699539009271027,0.7524197662374121,-0.0797289578957023,-0.9779662796594438,0.5737153807052393,0.4281538673528974,0.5584518675118793,0.6889187505729792,0.5971546804090669,-1.0603909108017935,-0.7541399178701369,-1.176964979466123,-1.0977194109733543,-1.6310663255951814
SUNY College at Geneseo,No,8598,4562,1143,56,93,5060,146,6550,4170,600,650,79.0,84,19.1,25,5716,76,6.608899287049587,6.360376685703204,4.302668791146997,7.056958567922015,3.8724165012682743,6.4395240954098245,56.623233854364955,9.911870086910547,8.310522585532489,3103.2898290035896,42037.76711508565,8.279171502485475,7.665481401085836,1.8294816317628115,0.5305885089555711,Low,0,0,1.4790551716392015,1.3103254873309964,0.9375126974383712,1.479792076238102,0.9251545693503559,-0.509187807589489,-0.9779662796594438,0.450010288926062,-1.248223768858662,0.33287698488245776,0.17352500962299197,1.2438640196807278,0.3174147165843801,-1.1281748415101538,-1.4703090846028084,-1.0977194109733543,-1.6310663255951814
SUNY College at New Paltz,No,8399,3609,656,19,53,4658,1478,6550,4240,550,1500,85.0,93,15.3,8,6608,53,6.5968794856149415,6.229592326905913,4.1061713153098784,4.401674224577899,3.8594061174823464,10.69547879579016,56.623233854364955,9.715390024589627,9.703857838201385,3592.2902607546,54886.120254639376,7.023054080272134,3.833720635194582,1.830769242635031,0.42969401119180856,Low,0,0,1.4596232732268217,1.091928504054094,0.3983471053655053,-0.3414378853851846,0.856257336313042,1.001838633445527,-0.9779662796594438,0.12425506576926057,0.45491530270202957,0.7924213890142526,0.9685124280279964,0.35585698539765914,-1.3096870359996657,-0.6776302659551696,-2.156614391745414,-1.0977194109733543,-1.6310663255951814
SUNY College at Plattsburgh,No,5549,3583,853,9,40,5004,475,6550,4176,600,1380,80.0,90,17.9,16,6174,65,6.380651463456656,6.22552265126211,4.201192560519268,2.9528188947255454,3.8706810314792097,8.486885454813638,56.623233854364955,9.911870086910547,9.561026649465122,3182.3085613523126,50367.40936643958,7.893991222131814,5.900304933741678,1.8301786092207168,0.6457019282753649,Low,0,0,1.1100566865127726,1.085132547016909,0.6590740470962431,-1.3351916215524642,0.9159642896127415,0.2177036577111389,-0.9779662796594438,0.450010288926062,0.28032603733446737,0.4071358482998492,0.6889187505729792,0.9715624080857869,-0.4321419230686565,-0.8842972697076952,-0.68728372292762,-1.0977194109733543,-1.6310663255951814
SUNY College at Potsdam,No,3150,2289,650,16,51,3598,234,6840,4660,500,1000,71.0,75,15.1,17,6436,59,6.074394231083509,5.96923775514835,4.102776577307891,4.043409132038042,3.8172823573378287,7.229659480879103,57.51563588730527,9.502670860800531,9.01750885336023,2506.874201393403,31237.605304478584,6.953758067641122,6.117876942980019,1.8305425200629832,0.7266666666666667,Low,0,0,0.6149437297896934,0.657162041327975,0.3890323499622801,-0.5871679226871698,0.6331885501159896,-0.22865957280005883,-0.8825430352776935,-0.22842386689854197,-0.38404127330500104,-0.2276122220975675,-0.4947312768374728,0.30686845488617326,-0.3397531182413292,-0.7569621721978818,-0.13654477401617116,-1.0977194109733543,-1.6310663255951814
SUNY College at Purchase,No,2119,1264,390,5,33,2478,1441,6550,4760,1125,1362,80.0,100,14.9,8,8170,46,5.85221945217471,5.616930215174005,3.9063065682497315,1.9933074045048962,3.752101280931563,10.643398268419725,56.623233854364955,11.39835289694289,9.538616633465075,3182.3085613523126,66380.98635477376,6.88410362834028,3.833720635194582,1.8324801380884594,0.5965077866918358,Low,0,0,0.2557632760174063,0.0688431886480355,-0.15005787655142497,-1.9933098674917418,0.2880184241091983,0.9833480574267683,-0.9779662796594438,2.914532814931386,0.2529332230273071,0.4071358482998492,1.6797533027611797,0.25762653611778186,-1.3096870359996657,-0.07897528212831967,-1.0219124806637714,-1.0977194109733543,-1.6310663255951814
Susquehanna University,Yes,2096,1512,465,27,59,1442,166,16130,4710,400,800,83.0,86,13.9,37,10554,90,5.846011234339779,5.724767968338511,3.9757036491434263,5.185399347607472,3.6475203895846002,6.650931635508118,78.21953072650474,9.014694833976261,8.648479600106288,3425.3200408639627,44711.16894989349,6.530212562649016,9.567248268196495,1.834299214638164,0.7213740458015268,High,2,1,0.24572671601712423,0.24892160315470346,0.04035942040761018,0.19611044886994475,-0.2657956801430547,-0.4341300578220526,1.331294163619766,-1.0374664620381557,-0.835123048894733,0.6355089913449042,0.3389408259481421,0.007444705863380859,1.1249724926404445,0.557533068081508,-0.17254627924140284,1.8145208041217669,0.6130958528832952
Sweet Briar College,Yes,462,402,146,36,68,527,41,14500,6000,500,600,91.0,99,6.5,48,18953,61,4.9356327410724505,4.894355790312107,3.482183812199494,5.881850116998911,3.417019765546434,4.486482023874574,75.30487619112132,9.502670860800531,8.18162464989385,4117.019810783901,64655.72972029902,3.4976933534793133,11.043474488295791,1.837622421200196,0.8701298701298701,Medium,1,1,-1.2260432207969802,-1.1377848518462859,-1.3138000361044238,0.6737982758594397,-1.4864249460360885,-1.2025923239204166,1.0196344163846656,-0.22842386689854197,-1.4057817650474291,1.2855426885908192,1.5730036436391222,-2.1363822498970158,1.7518305917460641,1.720347643723692,0.8393217013491373,0.3584006965742063,0.6130958528832952
Syracuse University,Yes,10477,7260,2442,28,67,10142,117,15150,6870,635,960,73.0,84,11.3,13,14231,67,6.709530996517703,6.613414009554434,4.545591890164813,5.270625276993018,3.9729059603403813,6.081129996184631,76.49173693558612,10.041078004932782,8.949542123369973,2650.022148392148,42037.76711508565,5.560145089438339,5.203164536960752,1.836127174636695,0.6929464541376348,Medium,1,1,1.6417421482985828,1.7328728675664535,1.6040646516155566,0.25456596475215887,1.4573022594879064,-0.6364313988316138,1.1465437001892045,0.6642312825056105,-0.4671201971970746,-0.09308710977675971,0.17352500962299197,-0.678340495986942,-0.7281725029254713,1.1971498027941956,-0.36591665582916566,0.3584006965742063,0.6130958528832952
Tabor College,Yes,257,183,109,19,41,396,38,7850,3410,400,1500,55.0,70,10.0,15,7233,53,4.554332007540726,4.363219184778488,3.343169708799698,4.401674224577899,3.341815120163522,4.377221246358051,60.442473666897506,9.014694833976261,9.703857838201385,1504.656575461497,26071.58053472029,5.04260878005569,5.675799188389897,1.8315220267764862,0.7120622568093385,Low,0,1,-1.8424757932351428,-2.0247306106756637,-1.6952381235237173,-0.3414378853851846,-1.8846754560663366,-1.241384072286713,-0.5695805515554634,-1.0374664620381557,0.45491530270202957,-1.1694590422937714,-0.8143772774197001,-1.044210656770872,-0.5274750385853566,-0.4142255224771807,-0.23588699995438278,-1.0977194109733543,0.6130958528832952
Talladega College,Yes,4414,1500,335,30,60,908,119,5666,2964,1000,1400,56.0,58,15.5,7,5970,46,6.2584142563297425,5.720000413639355,3.844799709676397,5.434512156192033,3.547858411410991,6.1082869716110135,53.731513141189794,11.110633242948902,9.585611403607514,1559.8481122051853,15928.406042687022,7.091998160287616,3.513908539388445,1.8298783536762333,0.33982782057091077,Low,0,1,0.9124410267185322,0.2409602569090338,-0.31882534635201953,0.3669741501362814,-0.7935613977549847,-0.6267896355101819,-1.2871737468229987,2.437506398173015,0.31037713613816026,-1.1175920904074985,-1.4419827001745347,0.40459671859716,-1.4454906138784915,-0.9893589073235549,-2.767902865574982,-1.0977194109733543,0.6130958528832952
Taylor University,Yes,1769,1092,437,41,80,1757,81,10965,4000,450,1250,60.0,61,14.2,32,8294,98,5.748879196092558,5.527873849581408,3.9514145109410554,6.213996875421871,3.687122002641769,5.503012675985996,68.14750393799525,9.270525807002555,9.392683958613311,1790.5445158830128,18178.60612562006,6.6373917079764695,8.820611540394847,1.8325942853642703,0.6172979084228377,Medium,1,1,0.08869750799983853,-0.07987216054118956,-0.026287072245946407,0.9016140386466763,-0.05608306840562178,-0.8416851241032616,0.25430706791269636,-0.6133100630418952,0.07455286562134684,-0.9007921972379641,-1.3027523462610369,0.08321456089136182,0.8079240121706287,-0.03903430536233642,-0.8804937591638553,0.3584006965742063,0.6130958528832952
Tennessee Wesleyan College,Yes,232,182,99,7,29,402,237,7070,3640,400,3158,59.0,65,8.9,16,6286,36,4.486091768267716,4.359417185416635,3.2960155609448023,2.52477703580596,3.34589021119772,7.251512623819878,58.205893181054755,9.014694833976261,11.01896961458322,1731.3809243997205,21470.19703315302,4.583834908277293,5.900304933741678,1.8303370342254448,0.7844827586206896,Low,0,1,-1.9527968667070805,-2.0310795747160535,-1.824623470274689,-1.628780765874191,-1.8630955779281453,-0.22090087254878993,-0.8087348322520651,-1.0374664620381557,2.0624381480008758,-0.9563919383202588,-1.0990862943084903,-1.3685389544921518,-0.4321419230686565,-0.8288631878337068,0.2567322790020976,-1.0977194109733543,0.6130958528832952
Texas A&M Univ. at College Station,No,14474,10519,6392,49,85,31643,2798,5130,3412,600,2144,89.0,91,23.1,29,8471,69,6.870942745432458,6.809519935403469,4.81545244469262,6.68764507875179,4.107779841405498,12.050453616691035,51.83093555758719,9.911870086910547,10.325825387313046,3938.140272384894,51847.00689353883,9.499875213037079,8.343335916108645,1.8327527394285974,0.7267514163327345,Low,0,0,1.902689612741336,2.060350426825171,2.344529764662122,1.226484066723249,2.171534627055806,1.4829064373709164,-1.490399728535567,0.450010288926062,1.2151754282574962,1.1174383566772665,0.7804683371675396,2.10683547646955,0.6052558258750537,0.016409944680511827,-0.13596828920391585,-1.0977194109733543,-1.6310663255951814
Texas A&M University at Galveston,No,529,481,243,22,47,1206,134,4860,3122,600,650,75.0,88,17.4,16,6415,43,5.021359230346908,5.011393877503177,3.7100748090567017,4.72006404693986,3.610198529081759,6.299777257260397,50.82383563974639,9.911870086910547,8.310522585532489,2797.1408339686877,47487.224979564795,7.730544699247318,5.900304933741678,1.8305141985218647,0.9092627599243857,Low,0,0,-1.0874528755330635,-0.9423427867087678,-0.6884943739062869,-0.12305785184375591,-0.4634357315634895,-0.5588032716535111,-1.5980874500217306,0.450010288926062,-1.248223768858662,0.04516955486019143,0.5107083351693819,0.8560145624116187,-0.4321419230686565,-0.7668720890816363,1.1055117369315217,-1.0977194109733543,-1.6310663255951814
Texas Christian University,Yes,4095,3079,1195,33,64,5064,660,8490,3320,650,2400,81.0,93,14.8,23,9158,64,6.217893000719254,6.13971743830635,4.317699889925855,5.665746738617808,3.8725395674372054,9.101581047976332,62.170903822090374,10.094559934711176,10.525664808960178,3262.3198521504246,54886.120254639376,6.849139912449009,7.305625713076967,1.8333224353615383,0.7518925518925519,Low,0,1,0.846932047485689,0.9418463021532134,0.9787562362578024,0.5255753751737814,0.9258062733015511,0.4359440667017534,-0.3847620426236419,0.7529019484450437,1.4594485322311326,0.4823274812028567,0.9685124280279964,0.23290908127871499,0.16460720682316513,0.21575076871363488,0.03504693109773556,-1.0977194109733543,0.6130958528832952
Texas Lutheran College,Yes,497,423,215,27,57,895,429,7850,3410,490,1700,54.0,58,13.8,24,7002,50,4.98196577304998,4.9277224799726564,3.6569288027514855,5.185399347607472,3.5445868143446924,8.300549162713745,60.442473666897506,9.457914103976202,9.919921665567582,1450.45811339991,15928.406042687022,6.494286444209187,7.487471891197417,1.8312558888798944,0.8511066398390342,Low,0,1,-1.1511385915133547,-1.082065770215926,-0.8343206642124917,0.19611044886994475,-0.8108863275333632,0.15154715838040084,-0.5695805515554634,-0.3026285833204569,0.7190202592323733,-1.2203927395581404,-1.4419827001745347,-0.01795311549064537,0.2418255545223002,-0.5073491425444452,0.7099217420157181,-1.0977194109733543,0.6130958528832952
Texas Southern University,No,4345,3245,2604,15,85,5584,3101,7860,3360,600,1700,65.0,75,18.2,21,3605,10,6.24992202808373,6.169542520582027,4.564874696268171,3.912896621040344,3.887600607274717,12.276850639664563,60.47017894739613,9.911870086910547,9.919921665567582,2101.2563449237364,31237.605304478584,7.991205714476399,6.929403951155235,1.824647621862694,0.7468354430379747,Low,0,0,0.8987120048650086,0.9916512486689442,1.6569743672505868,-0.676685000581864,1.0055628729947634,1.5632860259633516,-0.5666180664264522,0.450010288926062,0.7190202592323733,-0.6087967856553352,-0.4947312768374728,1.04028779275893,0.0048500806392386695,-2.819630688665961,0.0006474274318304037,-1.0977194109733543,-1.6310663255951814
Texas Wesleyan University,Yes,592,501,279,19,44,1204,392,6400,3484,600,1800,80.0,83,14.5,10,7936,43,5.091938070138827,5.037764367576943,3.7688599295831082,4.401674224577899,3.609845068879989,8.137106866123785,56.15143725451501,9.911870086910547,10.019259575285039,3182.3085613523126,40739.09727963728,6.743692439595633,4.420803225514992,1.8322572834056428,0.8462837837837838,Low,0,1,-0.9733510867175597,-0.8983066685322003,-0.5271950280563313,-0.3414378853851846,-0.46530750032077306,0.09351890171008291,-1.02841480015152,0.450010288926062,0.840445648422016,0.4071358482998492,0.0931702615374012,0.158363424968833,-1.0603909108017935,-0.15695378529753443,0.6771156744930543,-1.0977194109733543,0.6130958528832952
The Citadel,No,1500,1242,611,12,36,2024,292,7070,2439,400,779,95.0,94,17.1,17,7744,84,5.6532478586488635,5.606288111756532,4.079791001486929,3.4779670941379464,3.71444748295123,7.613460295553759,58.205893181054755,9.014694833976261,8.60489328134953,4486.687340503674,56445.99688283852,7.631598364843213,6.117876942980019,1.832066721524816,0.828,Low,0,0,-0.06590558127330014,0.05107192529918784,0.3259626767064389,-0.9749983196713342,0.08862057875148545,-0.09239562736559263,-0.8087348322520651,-1.0374664620381557,-0.8884006519109079,1.6329424732160491,1.0650292563104273,0.7860648591326469,-0.3397531182413292,-0.22363279800734123,0.5527455837192282,-1.0977194109733543,-1.6310663255951814
Thiel College,Yes,1154,951,253,15,31,791,140,11172,4958,700,1350,68.0,76,11.6,16,9186,60,5.498802360035185,5.442854697076603,3.727364149006064,3.912896621040344,3.5161372454080357,6.3710004473980595,68.60538055752322,10.265383834059623,9.523523757948993,2299.597751802593,32340.751369602982,5.676217068867042,5.900304933741678,1.83334425246104,0.8240901213171578,Medium,1,1,-0.3155910070790787,-0.22184576196081893,-0.6410544911768311,-0.676685000581864,-0.961542650443684,-0.5335163193503638,0.3032671452647712,1.036120392064417,0.23448449294285456,-0.42240291415622744,-0.4264744945937568,-0.5962838885447581,-0.4321419230686565,0.22338473332739625,0.526149777706087,0.3584006965742063,0.6130958528832952
Tiffin University,Yes,845,734,254,5,21,662,351,7600,3800,600,1200,59.0,74,19.0,40,5096,39,5.31132413566729,5.281339767873343,3.7290496005166345,1.9933074045048962,3.4737624515244465,7.938888874682796,59.74217746745631,9.911870086910547,9.32358530355288,1731.3809243997205,30158.03455349912,8.247440324781588,9.990248962005056,1.8283879603514819,0.8686390532544379,Low,0,1,-0.6186790264826014,-0.49155976764591836,-0.6364298136447896,-1.9933098674917418,-1.185940800194158,0.023143945386083196,-0.6444622000863531,0.450010288926062,-0.009909663407681455,-0.9563919383202588,-0.5615293446508958,1.2214317943896493,1.304593615223782,-1.5108585640891412,0.8291808556512628,-1.0977194109733543,0.6130958528832952
Transylvania University,Yes,759,729,244,57,81,867,51,10900,4450,500,1000,81.0,91,12.1,41,10219,70,5.245752128183192,5.277037396575786,3.711840360989947,7.106869154305116,3.5373394271105103,4.804911551087221,68.00255648013339,9.502670860800531,9.01750885336023,3262.3198521504246,51847.00689353883,5.8671049482622815,10.12756185867775,1.8340836860609642,0.9604743083003953,Medium,1,1,-0.724686483848256,-0.4987443034800527,-0.6836499103864981,1.5140251916296579,-0.8492652820208678,-1.0895376818722786,0.2388080482068652,-0.22842386689854197,-0.38404127330500104,0.4823274812028567,0.7804683371675396,-0.46133648899060975,1.3629015494814063,0.4821180234981258,1.45386331423695,0.3584006965742063,0.6130958528832952
Trenton State College,No,5042,2312,944,55,94,5167,902,5391,5411,700,1000,81.0,87,14.4,6,8504,81,6.329720965374809,5.975044477101602,4.236858731756759,7.006381291564477,3.875668342266691,9.70413673046203,52.77189947131865,10.265383834059623,9.01750885336023,3262.3198521504246,46086.272753520185,6.708354885340432,3.171990682507586,1.8327817181697408,0.45854819516065054,Low,0,0,1.0277195305955595,0.6668586944215127,0.7569377588325409,1.445101685617397,0.9423748797389349,0.6498743438145302,-1.389783833255093,1.036120392064417,-0.38404127330500104,0.4823274812028567,0.4240248994484804,0.13338168663923877,-1.5906810832634517,0.026549820717794027,-1.9603422457910114,-1.0977194109733543,-1.6310663255951814
Tri-State University,Yes,1262,1102,276,14,40,978,98,9456,4350,468,1323,53.0,53,12.8,24,7603,65,5.5518293575322355,5.533450757871154,3.7643045773606105,3.7757494643672955,3.5645449630490744,5.79991262724456,64.62461728609969,9.356576218889238,9.489105392379136,1397.2527513082268,12577.188313886023,6.129263988156606,7.487471891197417,1.8319220754712542,0.873217115689382,Medium,1,1,-0.22986453030832504,-0.07055927360506814,-0.5396943701861984,-0.7707527080612918,-0.7051968071545371,-0.7362743036700444,-0.1223900500952347,-0.47064229922015777,0.19241330937881276,-1.27039315843607,-1.6493381411244652,-0.27600423628062626,0.2418255545223002,-0.2742455228715042,0.8603217861793969,0.3584006965742063,0.6130958528832952
Trinity College CT,Yes,3058,1798,478,46,84,1737,244,18810,5690,500,680,91.0,96,10.4,48,18034,91,6.058006885737157,5.827766266744598,3.9864135973561625,6.517276073871263,3.684873601601505,7.30154940060276,82.61732928707303,9.502670860800531,8.383520221876449,4117.019810783901,59647.28650004573,5.204502215977128,11.043474488295791,1.8373794022400791,0.5879659908436887,High,2,1,0.5884510101095632,0.4209186054063958,0.06974623845496358,1.1096298635196908,-0.06798960498296332,-0.20313590603344028,1.8015443325981275,-0.22842386689854197,-1.1589953320191897,1.2855426885908192,1.2631079470739583,-0.9297607595238646,1.7518305917460641,1.6353135106638301,-1.0800155482546139,1.8145208041217669,0.6130958528832952
Trinity College DC,Yes,247,189,100,19,49,309,639,11412,6430,500,900,89.0,93,8.3,37,11806,96,4.527929001573917,4.385574182539497,3.3009731411243775,4.401674224577899,3.2726258198220073,9.040263327369022,69.12933190531439,9.502670860800531,8.842506598639705,3938.140272384894,54886.120254639376,4.3242882412261405,9.567248268196495,1.8350196475384024,0.7651821862348178,Medium,1,1,-1.885160402670508,-1.9873999687161485,-1.8110204626972024,-0.3414378853851846,-2.2510713616562996,0.4141739343426466,0.3592924966859147,-0.22842386689854197,-0.5979547424825227,1.1174383566772665,0.9685124280279964,-1.5520244009880955,1.1249724926404445,0.8096178727820464,0.12544578119595734,0.3584006965742063,0.6130958528832952
Trinity College VT,Yes,222,185,91,16,41,484,541,11010,5208,550,500,58.0,78,10.4,26,9586,78,4.456553337526471,4.37075692348811,3.25414955987401,4.043409132038042,3.395109455142189,8.7276393317023,68.24752200656266,9.715390024589627,7.890855810096345,1673.2103108531687,34618.54631426671,5.204502215977128,7.8398782563579585,1.8336451274568948,0.8333333333333334,Medium,1,1,-2.000550383147922,-2.0121433302848746,-1.939498774188354,-0.5871679226871698,-1.6024522505860053,0.30318047768949674,0.2650018537235852,0.12425506576926057,-1.7612021643396472,-1.0110585156983387,-0.28553671812966114,-0.9297607595238646,0.3914698171492021,0.32866312156348193,0.5890240236000394,0.3584006965742063,0.6130958528832952
Trinity University,Yes,2425,1818,601,62,93,2110,95,12240,5150,500,490,94.0,96,9.6,20,14703,93,5.928539975515929,5.834300608241402,4.073623807152146,7.347098629618152,3.722326053046292,5.751079243566742,70.88330244485591,9.502670860800531,7.8588770981802325,4392.781938782297,59647.28650004573,4.878172502210449,6.734445050971812,1.8363093793208987,0.7496907216494846,Medium,1,1,0.37914739882591975,0.43183031139116784,0.30904063243703467,1.678795913530624,0.13034199825545223,-0.7536120196790511,0.5468420015672589,-0.22842386689854197,-1.8002912447445172,1.5446936720354811,1.2631079470739583,-1.1604582056350563,-0.07793639470495539,1.2609045705426125,0.020069624953822886,0.3584006965742063,0.6130958528832952
Tulane University,Yes,7033,5125,1223,47,75,4941,1534,19040,5950,350,800,98.0,98,9.1,21,16920,74,6.505092265684904,6.4245296600092745,4.325484270438609,6.57495971719884,3.8687001273992037,10.772110704399768,82.97505965653333,8.729291720840871,8.648479600106288,4774.357418802408,62958.47816557827,4.668823594239499,6.929403951155235,1.8370579092258525,0.7287075216834921,High,2,1,1.311234804171561,1.4174546286559349,1.0001156461443619,1.1491944321080274,0.9054742985202142,1.0290458873492747,1.8397959178789367,-1.5106521568656046,-0.835123048894733,1.903284105113934,1.4679867891663476,-1.3084565532498134,0.0048500806392386695,1.5228207251773862,-0.12266245475991801,1.8145208041217669,0.6130958528832952
Tusculum College,Yes,626,372,145,12,34,983,40,7700,3400,450,800,70.0,70,21.9,28,4933,52,5.126750187000277,4.843304057561901,3.478985848874569,3.4779670941379464,3.565680868260895,4.450886290871309,60.02408483867108,9.270525807002555,8.648479600106288,2436.7893025328367,26071.58053472029,9.142981154044012,8.178628549458342,1.8280657399351767,0.5942492012779552,Low,0,1,-0.9170718276923837,-1.223036211613129,-1.3225748653085385,-0.9749983196713342,-0.6991815560001663,-1.2152301684329885,-0.6143182571284789,-0.6133100630418952,-0.835123048894733,-0.29347540133892097,-0.8143772774197001,1.8545306924779041,0.5353152264185853,-1.6236058729473726,-1.0372758472549855,-1.0977194109733543,0.6130958528832952
Tuskegee University,Yes,2267,1827,611,20,59,2825,144,6735,3395,600,1425,70.0,74,12.2,7,10872,65,5.890513873724756,5.837216005848302,4.079791001486929,4.511710153177958,3.775614003261581,6.416969523585456,57.195446485389574,9.911870086910547,9.615889031023626,2436.7893025328367,30158.03455349912,5.904911098320331,3.513908539388445,1.8344942684638497,0.8059108954565505,Low,0,1,0.3176722279553711,0.4366987379236292,0.3259626767064389,-0.2659654673280361,0.41253139285536605,-0.5171955418799407,-0.9167804197968428,0.450010288926062,0.34738690112312137,-0.29347540133892097,-0.5615293446508958,-0.4346095870330258,-1.4454906138784915,0.6257838455484809,0.4024909116191401,-1.0977194109733543,0.6130958528832952
Union College KY,Yes,484,384,177,9,45,634,78,7800,2950,500,600,60.0,88,14.1,9,6864,64,4.965177614730577,4.864235844066211,3.5704158430607547,2.9528188947255454,3.463225676024373,5.44485925764363,60.30359854778309,9.502670860800531,8.18162464989385,1790.5445158830128,47487.224979564795,6.601764206578399,4.135098422421764,1.83109034594684,0.7933884297520661,Low,0,1,-1.1782792883682367,-1.1880821921173963,-1.0717018872277622,-1.3351916215524642,-1.2417388987772011,-0.862331808322911,-0.5844302649588907,-0.22842386689854197,-1.4057817650474291,-0.9007921972379641,0.5107083351693819,0.05802784562419385,-1.1817113204611744,-0.5652738402293876,0.31731050176545633,-1.0977194109733543,0.6130958528832952
Union College NY,Yes,3495,1712,528,49,84,1915,123,18732,6204,450,1024,94.0,96,11.5,49,15411,88,6.131570851148071,5.798753444883988,4.024680523547317,6.68764507875179,3.7038549449669325,6.16138891087003,82.49536018228204,9.270525807002555,9.057090190875355,4392.781938782297,59647.28650004573,5.637657762251316,11.16847437899351,1.8365664015855137,0.4898426323319027,High,2,1,0.7073787237202394,0.3724700536913664,0.1747461109915694,1.226484066723249,0.03252718673717034,-0.6079364192662594,1.7885023545838614,-0.6133100630418952,-0.33565914682286835,1.5446936720354811,1.2631079470739583,-0.6235432314264993,1.8049099862211955,1.3508385635039588,-1.74747099125581,1.8145208041217669,0.6130958528832952
Univ. of Wisconsin at OshKosh,No,4800,2900,1515,14,48,7764,1472,6874,2394,518,1890,73.0,78,19.2,14,5901,56,6.303435561014397,6.105564088013239,4.396150401336104,3.7757494643672955,3.936082033180187,10.6871137003314,57.61862408925935,9.581302306427103,10.104387091627178,2650.022148392148,34618.54631426671,8.310838038076563,5.443683341838181,1.8297731910239743,0.6041666666666666,Low,0,0,0.9852250426427368,0.8848135748346816,1.1940150646612155,-0.7707527080612918,1.2622990426228442,0.99886870511926,-0.871530657447131,-0.09805641986776716,0.9445010068646484,-0.09308710977675971,-0.28553671812966114,1.266250546496598,-0.6260396734364524,-1.0261560978012987,-0.9698151900285381,-1.0977194109733543,-1.6310663255951814
University of Alabama at Birmingham,No,1797,1260,938,24,35,6960,4698,4440,5175,750,2200,96.0,96,6.7,16,16352,33,5.757923416407838,5.6150101040532405,4.234631571387661,4.914783971046612,3.92038637543545,13.215322979030164,49.18147271056043,10.425882498985677,10.37136003078452,4581.58506400201,59647.28650004573,3.593595833579935,5.900304933741678,1.836881123917984,0.7011686143572621,Low,0,0,0.10331891180099781,0.06563679240778388,0.750826696927393,0.010498375683124296,1.1791817874283668,1.896479543938222,-1.773702916336699,1.3022200552656582,1.2708345600115423,1.7221238214662933,1.2631079470739583,-2.0685843868720095,-0.4321419230686565,1.4609622373248727,-0.3099878161007643,-1.0977194109733543,-1.6310663255951814
University of Arkansas at Fayetteville,No,3235,3108,2133,25,65,9978,1530,5028,3300,500,2000,73.0,89,14.8,10,6820,39,6.0890842963521035,6.14505009917226,4.5043494789147696,5.0076495594765635,3.970720057072234,10.766721313442659,51.454661715947196,9.502670860800531,10.203474874757537,2650.022148392148,48914.209492885086,6.849139912449009,4.420803225514992,1.8310364811869686,0.960741885625966,Low,0,0,0.6386925294285773,0.9507513199754026,1.4909004036504856,0.07419384862799155,1.4457266834449105,1.0271324477545019,-1.5306341401795782,-0.22842386689854197,1.0656206545879023,-0.09308710977675971,0.5990025096854961,0.23290908127871499,-1.0603909108017935,-0.5841215184349735,1.455683430721797,-1.0977194109733543,-1.6310663255951814
University of California at Berkeley,No,19873,8252,3215,95,100,19532,2061,11648,6246,636,1933,93.0,97,15.8,10,13919,78,7.025583930398713,6.68172695540725,4.626832066886571,8.649657618030027,4.054645565352273,11.390736463292962,69.63754233816219,10.044677548526165,10.143741715121871,4299.868873409913,61289.05591242347,7.194768122981464,4.420803225514992,1.8360015362406983,0.4152367533839883,Medium,1,0,2.152691396296003,1.8469487511829148,1.8269779882662494,2.572206618272609,1.8901590227890404,1.2486816552556936,0.41363469509082845,0.6701991660286213,0.9926060101594303,1.4573774316188435,1.3646918631281069,0.4772495201356816,-1.0603909108017935,1.153187998013725,-2.2549556589121114,0.3584006965742063,-1.6310663255951814
University of California at Irvine,No,15698,10775,2478,85,100,12677,864,12024,5302,790,1818,96.0,96,16.1,11,15934,66,6.910888076263078,6.822061453482248,4.5500020178442755,8.296279289982145,4.002052818820763,9.620002384792315,70.43344896829481,10.547697478386281,10.036595647281144,4581.58506400201,59647.28650004573,7.296780800241798,4.6929731524538,1.8367448606148165,0.6863931711045993,Medium,1,0,1.9672675190378732,2.0812935253677374,1.616165514953798,2.329828358316237,1.611651119142645,0.6200034382584257,0.4987398271600196,1.5041838847236864,0.8616363428420418,1.7221238214662933,1.2631079470739583,0.5493669618582913,-0.9448178904126144,1.4132826988758431,-0.41049344667964943,0.3584006965742063,-1.6310663255951814
University of Central Florida,No,6986,2959,1918,25,60,12330,7152,6618,4234,700,1600,80.0,98,22.2,9,6742,46,6.501601318005265,6.117064883495804,4.471354050905285,5.0076495594765635,3.9985037074319423,14.204756113383207,56.834779372776424,10.265383834059623,9.81501796881166,3182.3085613523126,62958.47816557827,9.23290413292054,4.135098422421764,1.8309396648343144,0.42356140853134844,Low,0,0,1.3055911385051588,0.9040187692614088,1.400364892175632,0.07419384862799155,1.592856596363428,2.2477660901766,-0.9553460267284516,1.036120392064417,0.5907915473312447,0.4071358482998492,1.4679867891663476,1.918101371758302,-1.1817113204611744,-0.617998276898651,-2.1983296274198643,-1.0977194109733543,-1.6310663255951814
University of Charleston,Yes,682,535,204,22,43,771,611,9500,3540,400,750,26.0,58,2.5,10,7683,57,5.179883511138077,5.0801085006513915,3.633821714392488,4.72006404693986,3.51014252947782,8.955617872240182,64.73237759781837,9.014694833976261,8.542878851701946,336.2085773892635,15928.406042687022,1.227872227755776,4.420803225514992,1.8320046464869157,0.7844574780058651,Medium,1,1,-0.8311734571933673,-0.8275961416161424,-0.8977237533518456,-0.12305785184375591,-0.9932880122433339,0.3841215654107852,-0.11086739754601899,-1.0374664620381557,-0.9642037997398595,-2.267522978782277,-1.4419827001745347,-3.7410229391848033,-1.0603909108017935,-0.24535331327074625,0.25656031501489845,0.3584006965742063,0.6130958528832952
University of Chicago,Yes,6348,2999,922,68,94,3340,39,18930,6380,500,1254,75.0,99,5.3,36,36854,90,6.451552482864373,6.124723300778866,4.228611205589233,7.6170666571932575,3.8046969580535195,4.4144793694900715,82.8043273066122,9.502670860800531,9.398100707838266,2797.1408339686877,64655.72972029902,2.896043171328432,9.422314061223904,1.840316194569305,0.47243226212980466,High,2,1,1.2246793293206466,0.9168075709704033,0.7343075326156056,1.8639639772570498,0.566541846865271,-1.2281560157966402,1.821539757371641,-0.22842386689854197,0.08117401241871293,0.04516955486019143,1.5730036436391222,-2.5617163663415297,1.0634282792663534,2.662918885868067,-1.8658999416332105,1.8145208041217669,0.6130958528832952
University of Cincinnati,No,6855,5553,2408,26,57,11036,2011,8907,4697,556,1851,89.0,95,10.8,6,13889,54,6.49173652368449,6.468443119539596,4.5413573504983304,5.097794723902809,3.9841093910568994,11.338598482823887,63.25148885204834,9.739770961284687,10.067969670260496,3938.140272384894,58032.99277532507,5.363987759453567,3.171990682507586,1.8359892268059863,0.8100656455142232,Medium,1,0,1.2896431478380426,1.490785776010791,1.592445580802008,0.13602341304359422,1.5166306689794251,1.230170681192953,-0.2692166655594504,0.16467757673578687,0.8999862835801551,1.1174383566772665,1.1632240797157132,-0.8170131119162174,-1.5906810832634517,1.1488808356890783,0.4307523835292165,0.3584006965742063,-1.6310663255951814
University of Connecticut at Storrs,No,9735,7187,2064,23,63,12478,1660,11656,5072,700,2300,89.0,95,16.0,16,10178,71,6.672303781367977,6.607997497773692,4.494194784088304,4.818997178837589,4.000032144264079,10.93570952147568,69.65465084192678,10.265383834059623,10.450066005042522,3938.140272384894,58032.99277532507,7.262859493212,5.900304933741678,1.8340565591497426,0.7382639958911146,Medium,1,0,1.5815585032609702,1.7238278269845635,1.463037134541782,-0.055200718403029835,1.600950521211397,1.0871297147691628,0.4154640823798237,1.036120392064417,1.3670405661879372,1.1174383566772665,1.1632240797157132,0.5253864336673363,-0.4321419230686565,0.47262611645841973,-0.057657334444839954,0.3584006965742063,-1.6310663255951814
University of Dallas,Yes,681,588,246,44,74,1058,73,10760,6230,500,1200,85.0,93,13.4,26,8731,63,5.178976366091237,5.140683965175862,3.715346554490404,6.3990538472540806,3.581919332549348,5.3432997235176485,67.68842321830236,9.502670860800531,9.32358530355288,3592.2902607546,54886.120254639376,6.349556131156361,7.8398782563579585,1.832976461668565,0.8634361233480177,Medium,1,1,-0.8326399997557662,-0.7264410888682336,-0.6740293344145042,1.0285425548159215,-0.6131898376421169,-0.8983893211977173,0.20521823789079702,-0.22842386689854197,-0.009909663407681455,0.7924213890142526,0.9685124280279964,-0.12026961376708763,0.3914698171492021,0.09469201251883863,0.793789446936112,0.3584006965742063,0.6130958528832952
University of Dayton,Yes,6361,5293,1507,26,51,5889,665,11380,4220,500,900,75.0,85,14.8,25,8894,93,6.452625318896747,6.4422186923114335,4.394430837045256,5.097794723902809,3.895660851992991,9.115921068544571,69.05989237400364,9.502670860800531,8.842506598639705,2797.1408339686877,43361.72889933899,6.849139912449009,7.665481401085836,1.8331115504169846,0.8321018707750354,Medium,1,1,1.2264137374061361,1.4469935683839419,1.1892967857365992,0.13602341304359422,1.048246360878753,0.4410353216067126,0.35186742914747826,-0.22842386689854197,-0.5979547424825227,0.04516955486019143,0.2554446883163039,0.23290908127871499,0.3174147165843801,0.1419605655670152,0.5806473597775363,0.3584006965742063,0.6130958528832952
University of Delaware,Yes,14446,10516,3252,22,57,14130,4522,10220,4230,530,1300,75.0,87,18.3,15,10650,75,6.869987005164312,6.809371034951547,4.630138563084802,4.72006404693986,4.015724616001477,13.127446937329402,66.45098371386051,9.632410098317434,9.45926910861573,2797.1408339686877,46086.272753520185,8.023471582250671,5.675799188389897,1.8343590440664668,0.7279523743596843,Medium,1,1,1.9011445083650096,2.060101777752702,1.8360506187049415,-0.12305785184375591,1.6840509047214034,1.8652801934067234,0.07290064124555953,-0.01332196917783784,0.1559430194537629,0.04516955486019143,0.4240248994484804,1.0630980149914302,-0.5274750385853566,0.5784678279238892,-0.1277991235326521,0.3584006965742063,0.6130958528832952
University of Denver,Yes,2974,2001,580,29,60,2666,554,15192,4695,400,1350,84.0,91,15.9,21,11762,67,6.042575427207769,5.890742335206159,4.060278365414027,5.353618702746615,3.7653037973773316,8.771914363377636,76.56726693768353,9.014694833976261,9.523523757948993,3508.30890518449,51847.00689353883,7.228855508595915,6.929403951155235,1.8349963491206225,0.6728312037659717,Medium,1,1,0.5635036317249577,0.5260824300191098,0.2724223350998674,0.3114902312545731,0.35793310665891137,0.31889980466755835,1.1546200128624826,-1.0374664620381557,0.23448449294285456,0.7134988370127088,0.7804683371675396,0.5013474568975291,0.0048500806392386695,0.8014655839374627,-0.5027447623221337,0.3584006965742063,0.6130958528832952
University of Detroit Mercy,Yes,927,731,415,24,50,2149,2217,11130,3996,600,2166,75.0,79,13.5,14,10891,51,5.367489347588722,5.278762123538006,3.9310349394424366,4.914783971046612,3.7257710404970172,11.546383158762666,68.51293131905813,9.911870086910547,10.343843879894868,2797.1408339686877,35793.58122346702,6.385894684619047,5.443683341838181,1.8345056439652212,0.7885652642934197,Medium,1,1,-0.527879132798729,-0.495864179518831,-0.08220618106112665,0.010498375683124296,0.14858512675254962,1.3039421758372285,0.29338168338847437,0.450010288926062,1.237200277386911,0.04516955486019143,-0.21283183845717074,-0.09458022317358943,-0.6260396734364524,0.6297642176839919,0.2845023296166986,0.3584006965742063,0.6130958528832952
University of Dubuque,Yes,576,558,137,11,39,662,131,10430,3620,400,1500,85.0,98,16.5,18,8767,45,5.07480550348961,5.1071510260866395,3.452449203759191,3.3150176007474266,3.4737624515244465,6.263081208036455,66.93719636184596,9.014694833976261,9.703857838201385,3592.2902607546,62958.47816557827,7.43165335007073,6.329097661694977,1.8330066300913133,0.96875,Medium,1,1,-1.001048573775152,-0.7824377906515513,-1.3953882483523,-1.086763562568219,-1.185940800194158,-0.5718317704422652,0.12489064868351525,-1.0374664620381557,0.45491530270202957,0.7924213890142526,1.4679867891663476,0.6447145550544336,-0.25006129701322827,0.10524816695609238,1.5101562861987436,0.3584006965742063,0.6130958528832952
University of Evansville,Yes,2096,1626,694,35,67,2551,407,11800,4340,700,960,60.0,81,15.8,26,7780,77,5.846011234339779,5.76813715096791,4.126871586205268,5.811354652879335,3.757368260945385,8.204976636155372,69.96129428214628,10.265383834059623,8.949542123369973,1790.5445158830128,38216.88394908151,7.194768122981464,7.8398782563579585,1.8321030034560268,0.7757633587786259,Medium,1,1,0.24572671601712423,0.32134386175312213,0.45514617500155924,0.6254462220634173,0.3159100186529083,0.11761526181831645,0.44825301702368187,1.036120392064417,-0.4671201971970746,-0.9007921972379641,-0.06289081824039729,0.4772495201356816,0.3914698171492021,-0.2109374817046111,0.1974211121957744,0.3584006965742063,0.6130958528832952
University of Florida,No,12445,8836,3623,54,85,24470,3286,7090,4180,630,1530,88.0,97,13.4,20,14737,66,6.795985029105291,6.717948031976285,4.661070499763748,6.955116051222014,4.080164720202994,12.405458828452433,58.26521473042172,10.023005814993539,9.737909117572528,3850.189112920918,61289.05591242347,6.349556131156361,6.734445050971812,1.8363221558966194,0.7100040176777822,Low,0,0,1.7815086816907493,1.9074343774953098,1.9209241565578576,1.4099394281606583,2.0252971699486255,1.6089468441517427,-0.8023916657268871,0.6342683936656499,0.49653777957723677,1.0347851307407439,1.3646918631281069,-0.12026961376708763,-0.07793639470495539,1.265375188964174,-0.24988756956585123,-1.0977194109733543,-1.6310663255951814
University of Georgia,No,11220,7871,3320,43,79,19553,2748,5697,3600,525,1755,88.0,95,14.7,22,7881,63,6.7440737721319755,6.656585344549445,4.636103685258405,6.338439565826767,4.054770228924717,12.010986885823884,53.837754398677376,9.611239042489787,9.975206881783839,3850.189112920918,58032.99277532507,6.814084059463645,7.119694928162363,1.8322034273789227,0.7015151515151515,Low,0,0,1.6975859748599302,1.804964740124093,1.8524182011118695,0.9869678941908152,1.8908191858820929,1.468894240794635,-1.2758135245213311,-0.048422640127014555,0.7865979736677399,1.0347851307407439,1.1632240797157132,0.2081264905007414,0.08565438996495688,-0.1757984077088299,-0.30763059845408436,-1.0977194109733543,-1.6310663255951814
University of Hartford,Yes,5081,4040,1194,11,26,3768,1415,14220,6000,500,1440,61.0,76,10.7,9,10625,66,6.333830018662163,6.292824554419179,4.3174179951057585,3.3150176007474266,3.8249889882517407,10.606075236248577,74.78283930983014,9.502670860800531,9.633820353483664,1850.701062143412,32340.751369602982,5.324335193798416,4.135098422421764,1.8343435437624285,0.7951190710490061,Medium,1,1,1.0343624611368882,1.1975200890247437,0.977982750558141,-1.086763562568219,0.6739994558313657,0.9700969557491199,0.9638137760667527,-0.22842386689854197,0.36930519812159834,-0.8442593142160162,-0.4264744945937568,-0.8450453297697846,-1.1817113204611744,0.5730441568019846,0.3290826829366349,0.3584006965742063,0.6130958528832952
University of Hawaii at Manoa,No,3580,2603,1627,36,69,11028,2411,4460,3038,687,1281,85.0,87,11.8,6,12833,54,6.144728185578821,6.043588778674739,4.419178817771163,5.881850116998911,3.9840140949946226,11.726723210615546,49.261941116712826,10.222019470871562,9.434250741967034,3592.2902607546,46086.272753520185,5.752949445648684,3.171990682507586,1.8355280220254897,0.7270949720670391,Low,0,0,0.7286496230296995,0.7813209192782158,1.2572022874426474,0.6737982758594397,1.5161260232196798,1.3679697809014872,-1.7650985473394762,0.964224202494268,0.12536189573324547,0.7924213890142526,0.4240248994484804,-0.5420382510475145,-1.5906810832634517,0.9875018689872908,-0.13363135181903918,-1.0977194109733543,-1.6310663255951814
University of Illinois - Urbana,No,14939,11652,5705,52,88,25422,911,7560,4574,500,1982,87.0,90,17.4,13,8559,81,6.886530831355074,6.862728036085396,4.785602635248019,6.850431063719223,4.08436321299987,9.723594717102868,59.62873261684401,9.502670860800531,10.187611372408345,3763.230380637817,50367.40936643958,7.730544699247318,5.203164536960752,1.832829632829526,0.7799718856683847,Low,0,0,1.9278902039273629,2.1492027084105985,2.262625454625076,1.3381371610135828,2.047530529193932,0.6567826721153424,-0.6565926920667006,-0.22842386689854197,1.0462299511581619,0.9530645509285739,0.6889187505729792,0.8560145624116187,-0.7281725029254713,0.04331551485840938,0.2260483852751912,-1.0977194109733543,-1.6310663255951814
University of Illinois at Chicago,No,8384,5727,2710,22,50,13518,2916,7230,5088,630,3228,82.0,84,10.0,6,13883,34,6.5959611069220445,6.485269563071787,4.576757538657312,4.72006404693986,4.010184846489792,12.141132513832147,58.677420422651835,10.023005814993539,11.058807222077757,3343.323684287649,42037.76711508565,5.04260878005569,3.171990682507586,1.8359867599995958,0.6830868320610687,Low,0,0,1.4581385697097544,1.518884277548009,1.6895794667560928,-0.12305785184375591,1.6547147377566436,1.5151009086165503,-0.7583151138440726,0.6342683936656499,2.111133525306145,0.5584518675118793,0.17352500962299197,-1.044210656770872,-1.5906810832634517,1.1480176818728456,-0.4329838508452061,-1.0977194109733543,-1.6310663255951814
University of Indianapolis,Yes,1487,1276,388,26,51,1417,1646,11120,4080,525,1405,55.0,56,11.1,23,6735,69,5.648168984414335,5.622651766407118,3.9042497042562307,5.097794723902809,3.643932061638302,10.918095528880432,68.49088584648771,9.611239042489787,9.591706763173455,1504.656575461497,14529.133571585424,5.482096185079573,7.305625713076967,1.8309308917543434,0.8581035642232683,Medium,1,1,-0.07411637982194705,0.07839761503714864,-0.15570166555250345,0.13602341304359422,-0.2847978764501166,1.0808760747712476,0.29102439324462925,-0.048422640127014555,0.3178277802039596,-1.1694590422937714,-1.5285622016377773,-0.7335168472284893,0.16460720682316513,-0.62106804252202,0.7575162733827204,0.3584006965742063,0.6130958528832952
University of Kansas,No,8579,5561,3681,25,50,17880,1673,6994,3384,700,2681,88.0,94,13.7,17,9657,57,6.607764632523231,6.469229052777058,4.665574741117449,5.0076495594765635,4.044292875870443,10.951945907576626,57.97946108198539,10.265383834059623,10.723458507007125,3850.189112920918,56445.99688283852,6.458258782327776,6.117876942980019,1.8336965163109928,0.6482107471733303,Low,0,0,1.4772208242409368,1.492098207020869,1.9332832565715394,0.07419384862799155,1.8353357622666209,1.0928942518548583,-0.8329468854834741,1.036120392064417,1.7012210522380498,1.0347851307407439,1.0650292563104273,-0.04342272256216631,-0.3397531182413292,0.34664446201143545,-0.6702182162598053,-1.0977194109733543,-1.6310663255951814
University of La Verne,Yes,1597,969,226,16,38,1431,1522,13540,5050,630,2298,75.0,68,14.1,23,10139,47,5.6897137866137655,5.454433905274204,3.678710633922248,4.043409132038042,3.6459509350684884,10.755904330104416,73.48629883465222,10.023005814993539,10.448523203500692,2797.1408339686877,24164.67508092954,6.601764206578399,7.305625713076967,1.83403059871307,0.606762680025047,Medium,1,1,-0.006952676636731927,-0.20250962603182157,-0.7745539224282342,-0.5871679226871698,-0.27410681648747015,1.0232920056006276,0.8251765990467765,0.6342683936656499,1.3651547274563591,0.04516955486019143,-0.9323663945762501,0.05802784562419385,0.16460720682316513,0.4635423674980623,-0.952156568550079,0.3584006965742063,0.6130958528832952
University of Louisville,No,4777,3057,1823,16,33,9844,6198,6540,3600,530,2440,84.0,92,11.1,24,10207,31,6.3008636364247055,6.135635990179285,4.45538666917812,4.043409132038042,3.9689012728084125,13.863068521671948,56.592002779815914,9.632410098317434,10.555090139004204,3508.30890518449,53353.18359977521,5.482096185079573,7.487471891197417,1.8340757638665073,0.6399413858069918,Low,0,0,0.9810671222625269,0.9350306862297998,1.3565523048326944,-0.5871679226871698,1.4360952071309954,2.126453947074337,-0.9813057727903354,-0.01332196917783784,1.4954164941380421,0.7134988370127088,0.8736625013025863,-0.7335168472284893,0.2418255545223002,0.4793459890146872,-0.7264681279813192,-1.0977194109733543,-1.6310663255951814
University of Maine at Farmington,No,1208,803,438,20,48,1906,344,6810,3970,450,1647,67.0,75,15.9,26,5712,59,5.525952346872266,5.337700265377621,3.9523125743928875,4.511710153177958,3.702947634267166,7.902977682997147,57.42448444843796,9.270525807002555,9.865056930346004,2232.4911398680765,31237.605304478584,7.228855508595915,7.8398782563579585,1.829475167412487,0.6647350993377483,Low,0,0,-0.2716987856489522,-0.39744329420739294,-0.023822893453505273,-0.2659654673280361,0.027722470923430984,0.010394100994825113,-0.8922897253408318,-0.6133100630418952,0.6519565184508812,-0.48546721020260253,-0.4947312768374728,0.5013474568975291,0.3914698171492021,-1.130436765540206,-0.5578161444036461,-1.0977194109733543,-1.6310663255951814
University of Maine at Machias,No,441,369,172,17,45,633,317,6600,3680,600,400,46.0,46,15.1,4,5935,64,4.905986383108863,4.837958130252254,3.5574494258172917,4.167994170464725,3.46283892662473,7.757993395690847,56.778921447648386,9.911870086910547,7.540282586470517,1052.6242441965287,8677.382214256915,6.953758067641122,2.399320130769619,1.829825245841495,0.8367346938775511,Low,0,0,-1.2739712185578242,-1.2319633830882297,-1.1072801866453614,-0.5017164322200872,-1.2437869523898137,-0.041080857522674714,-0.9613188329787783,0.450010288926062,-2.1897242687337264,-1.5942622016194825,-1.890637298281031,0.30686845488617326,-1.9187844502831575,-1.0079417318220625,0.6121607837281072,-1.0977194109733543,-1.6310663255951814
University of Maine at Presque Isle,No,461,381,235,10,40,974,503,6600,3630,400,1675,67.0,67,15.2,11,6408,35,4.934254104403217,4.859069207026998,3.6956415077148765,3.140658651142298,3.563631134006712,8.592490303658025,56.778921447648386,9.014694833976261,9.894242442512029,2232.4911398680765,23244.601297193447,6.988450466626353,4.6929731524538,1.8305047262262788,0.8264642082429501,Low,0,0,-1.2282720036807733,-1.1967099665196828,-0.72809762799583,-1.2063544244260114,-0.7100360412250963,0.2551974117896571,-0.9613188329787783,-1.0374664620381557,0.6876313397103412,-0.48546721020260253,-0.9892956425607811,0.3313941033568047,-0.9448178904126144,-0.7701865154245298,0.5422988095453073,-1.0977194109733543,-1.6310663255951814
University of Maryland at Baltimore County,No,4269,2594,985,27,57,6476,2592,8594,4408,494,2768,82.0,88,18.4,6,7618,55,6.240399050933609,6.041594304504411,4.2516533993753765,5.185399347607472,3.9098312821690913,11.883549797918267,62.443607397768105,9.47591151904604,10.780809789721674,3343.323684287649,47487.224979564795,8.055668848173166,3.171990682507586,1.8319376593054002,0.6076364488170531,Low,0,0,0.8833166153845157,0.7779903440777179,0.7975325588020086,0.19611044886994475,1.1232866860640658,1.423649208140344,-0.3556022480634096,-0.2727896678953152,1.7713242167192282,0.5584518675118793,0.5107083351693819,1.0858597394275726,-1.5906810832634517,-0.26879262394658826,-0.9462130119393556,-1.0977194109733543,-1.6310663255951814
University of Maryland at College Park,No,14292,10315,3409,22,53,19340,3991,8723,5146,550,1550,89.0,92,18.1,12,9021,63,6.864694626668987,6.799289765297732,4.643701427892049,4.72006404693986,4.053498160063553,12.842269540975321,62.778870677763486,9.715390024589627,9.76026815027679,3938.140272384894,53353.18359977521,7.958870720536977,4.953303378471571,1.833214186299602,0.7217324377273999,Low,0,0,1.8925885466180385,2.04326705148848,1.8732654989615454,-0.12305785184375591,1.8840828723183127,1.764031327614512,-0.31975303580442543,0.12425506576926057,0.5238682746092042,1.1174383566772665,0.8736625013025863,1.0174287020688955,-0.8342724276648658,0.1778736206431204,-0.1701084230032983,-1.0977194109733543,-1.6310663255951814
University of Massachusetts at Amherst,No,14438,12414,3816,12,39,16282,1940,8566,3897,500,1400,88.0,92,16.7,15,10276,68,6.869713571156659,6.895486652951949,4.675749113136256,3.4779670941379464,4.033105228007051,11.262518545333286,62.370401321115814,9.502670860800531,9.585611403607514,3850.189112920918,53353.18359977521,7.498611600723711,5.675799188389897,1.8341211215445576,0.8598143787228147,Low,0,0,1.9007024593105313,2.2039063684336453,1.9612005175445855,-0.9749983196713342,1.7760909317784368,1.2031593981146074,-0.3634300667872245,-0.22842386689854197,0.31037713613816026,1.0347851307407439,0.8736625013025863,0.6920504143711256,-0.5274750385853566,0.4952169763185875,0.7691535885644107,-1.0977194109733543,-1.6310663255951814
University of Massachusetts at Dartmouth,No,3347,2597,1006,10,37,4664,1630,6919,4500,500,1250,74.0,90,15.0,20,7462,56,6.107820051016716,6.042259950980884,4.25895855944524,3.140658651142298,3.8596102383295086,10.897799164141563,57.7544190182282,9.502670860800531,9.392683958613311,2723.085158261725,50367.40936643958,6.918976065250672,6.734445050971812,1.8317732340736887,0.775918733193905,Low,0,0,0.6689818219182724,0.7791019080577495,0.8175770450605495,-1.2063544244260114,0.8573382699585134,1.0736700902304392,-0.8570103042716654,-0.22842386689854197,0.07455286562134684,-0.024425212660713208,0.6889187505729792,0.282279461657542,-0.07793639470495539,-0.32632622965797,0.1984780012052219,-1.0977194109733543,-1.6310663255951814
University of Miami,Yes,7122,5386,1643,42,69,7760,876,16500,6526,630,1985,82.0,94,5.9,17,17500,59,6.5116346816422865,6.451754284011143,4.422318864202999,6.276768658259247,3.9360089172037513,9.646925443865003,78.85391453914579,10.023005814993539,10.190264529691111,3343.323684287649,56445.99688283852,3.2028376127203932,6.117876942980019,1.8372292313925578,0.7562482448750351,High,2,1,1.321811647969409,1.4629170662710602,1.2658181996132456,0.9446685054628217,1.2619118527789381,0.629562152341718,1.399127897016832,0.6342683936656499,1.0494730298232717,0.5584518675118793,1.0650292563104273,-2.3448293005169343,-0.3397531182413292,1.5827676194967213,0.06467525847353882,1.8145208041217669,0.6130958528832952
University of Michigan at Ann Arbor,No,19152,12940,4893,66,92,22045,1339,15732,4659,476,1600,75.0,98,11.5,26,14847,87,7.007742310692934,6.916867877934026,4.7444593968800515,7.529117268263236,4.068504602037103,10.493320451279732,77.52638078217412,9.393897726550229,9.81501796881166,2797.1408339686877,62958.47816557827,5.637657762251316,7.8398782563579585,1.8363631824553168,0.6756474519632414,High,2,0,2.1238476135163884,2.2396109058706326,2.1497333251971718,1.803640470801961,1.9635503458936014,0.9300647013113752,1.2571766536975515,-0.4087648959200879,0.5907915473312447,0.04516955486019143,1.4679867891663476,-0.6235432314264993,0.3914698171492021,1.279730685545955,-0.48358805777574215,1.8145208041217669,-1.6310663255951814
University of Minnesota at Duluth,No,4192,3126,1656,15,45,5887,1254,8828,3474,753,2610,79.0,91,19.0,11,6393,53,6.230563299270436,6.148333310973144,4.424844288104945,3.912896621040344,3.895609665987791,10.360166042951056,63.04936412038667,10.435212687797865,10.675362866025495,3103.2898290035896,51847.00689353883,8.247440324781588,4.6929731524538,1.830484374634945,0.745706106870229,Medium,1,0,0.8674155767386291,0.9562339599437156,1.272747661009769,-0.676685000581864,1.047975302454455,0.8827898015792367,-0.2908295675397366,1.3176890942241501,1.6424314930342132,0.33287698488245776,0.7804683371675396,1.2214317943896493,-0.9448178904126144,-0.7773076878821062,-0.00703455149319213,0.3584006965742063,-1.6310663255951814
University of Minnesota at Morris,No,1458,874,588,56,86,1846,154,9843,3180,600,1500,74.0,78,14.6,16,6716,51,5.636665274539635,5.390524304153555,4.065427102836195,7.056958567922015,3.6967624402380586,6.527044326541971,65.5613914973084,9.911870086910547,9.703857838201385,2723.085158261725,34618.54631426671,6.778935197303488,5.900304933741678,1.830907008089209,0.5994513031550068,Medium,1,0,-0.09271393510321284,-0.3092323581347757,0.28654985530756716,1.479792076238102,-0.005031578566279564,-0.4781147833972081,-0.02222215357872282,0.450010288926062,0.45491530270202957,-0.024425212660713208,-0.28553671812966114,0.18327814727000463,-0.4321419230686565,-0.6294251137481851,-1.0018900709673977,0.3584006965742063,-1.6310663255951814
University of Minnesota Twin Cities,No,11054,6397,3524,26,55,16502,21836,8949,3744,714,2910,88.0,90,12.2,37,16122,45,6.736573834646321,6.545308590476147,4.653186642664551,5.097794723902809,4.034723102974844,17.041094981712202,63.35846862870251,10.311305679569289,10.870926401832849,3850.189112920918,50367.40936643958,5.904911098320331,9.567248268196495,1.8368068202844692,0.5787045413425005,Medium,1,0,1.685461146998767,1.6191435332003996,1.8992917948056376,0.13602341304359422,1.7846584813999802,3.2547746998776024,-0.2577774744832701,1.1122567738176947,1.8814779810693596,1.0347851307407439,0.6889187505729792,-0.4346095870330258,1.1249724926404445,1.4349628459354073,-1.1430138493054927,0.3584006965742063,-1.6310663255951814
University of Mississippi,No,3844,3383,1669,26,47,7524,804,4916,3810,600,550,75.0,86,20.3,14,6971,53,6.183550429658476,6.193119584505964,4.427346944095551,5.097794723902809,3.931611954924099,9.480111708360925,51.03567978435468,9.911870086910547,8.042368215839243,2797.1408339686877,44711.16894989349,8.655033203179359,5.443683341838181,1.8312191420288717,0.8800728407908429,Low,0,0,0.7914118830552307,1.0310226206194342,1.279614649978363,0.13602341304359422,1.2386274870121772,0.5703369061115457,-1.5754352654282078,0.450010288926062,-1.5760014399966686,0.04516955486019143,0.3389408259481421,1.509577899793664,-0.6260396734364524,-0.5202071377308939,0.9069558507292809,-1.0977194109733543,-1.6310663255951814
University of Missouri at Columbia,No,6574,4637,2940,32,62,14782,1583,9057,3485,600,1983,87.0,87,12.7,15,10145,58,6.469875506625597,6.369397843328805,4.600792950317707,5.590470826008503,4.021313749059903,10.837122793738475,63.63205419644768,9.911870086910547,10.188496171104335,3763.230380637817,46086.272753520185,6.092161014487607,5.675799188389897,1.8340346026379657,0.7053544265287496,Medium,1,0,1.2543013774278187,1.3253899310398227,1.7555297640990168,0.47394446499414217,1.7136484791772344,1.05212766168511,-0.22852336980104393,0.450010288926062,1.0473114821297789,0.9530645509285739,0.4240248994484804,-0.3022340305882601,-0.5274750385853566,0.46494337045755757,-0.2815150532478254,0.3584006965742063,-1.6310663255951814
University of Missouri at Rolla,No,1877,1826,823,49,77,3926,561,9057,3600,700,1435,88.0,88,14.4,23,9699,49,5.7829531735503,5.83689283264415,4.188461718047449,6.68764507875179,3.8317811122075276,8.795368365215994,63.63205419644768,10.265383834059623,9.627862542746131,3850.189112920918,47487.224979564795,6.708354885340432,7.305625713076967,1.8337266420305254,0.9728289824187534,Medium,1,0,0.14378344865074635,0.4361590705389982,0.624142136700639,1.226484066723249,0.7099675375344063,0.32722687095956465,-0.22852336980104393,1.036120392064417,0.362022686444226,1.0347851307407439,0.5107083351693819,0.13338168663923877,0.16460720682316513,0.3571856742774354,1.5379023709087987,0.3584006965742063,-1.6310663255951814
University of Missouri at Saint Louis,No,1618,1141,479,18,54,4793,4552,7246,3964,500,4288,71.0,73,13.4,15,6433,48,5.69729513960021,5.55469480581447,3.9872234883414426,4.287247085802575,3.86392301021147,13.14264129715167,58.724194903289245,9.502670860800531,11.580668114306544,2506.874201393403,29101.843668955273,6.349556131156361,5.675799188389897,1.8305384828559346,0.7051915945611866,Low,0,0,0.005303772179165633,-0.03508380829654944,0.07196848253587464,-0.4199221856006509,0.8801768006488736,1.8706747713715672,-0.7533135870299899,-0.22842386689854197,2.7490285859327206,-0.2276122220975675,-0.6268807912936191,-0.12026961376708763,-0.5274750385853566,-0.75837482082909,-0.2826226700751829,-1.0977194109733543,-1.6310663255951814
University of Mobile,Yes,452,331,269,17,54,1417,301,6150,3680,550,1200,59.0,63,16.6,4,5412,52,4.921699950401444,4.76591188935432,3.753449504952548,4.167994170464725,3.643932061638302,7.666733563656637,55.3487050362942,9.715390024589627,9.32358530355288,1731.3809243997205,19782.08415571577,7.4651717527356345,2.399320130769619,1.8289695256752483,0.7323008849557522,Low,0,1,-1.2485677670128252,-1.3522735013106826,-0.569479391683056,-0.5017164322200872,-0.2847978764501166,-0.0734815828395544,-1.11424978237361,0.12425506576926057,-0.009909663407681455,-0.9563919383202588,-1.2035376962767816,0.6684102516652818,-1.9187844502831575,-1.3073645523446022,-0.09821965223943027,-1.0977194109733543,0.6130958528832952
University of Montevallo,No,1351,892,570,18,78,2385,331,4440,3030,300,600,72.0,72,18.9,8,5883,51,5.591987742272983,5.403187424268779,4.053726015089748,4.287247085802575,3.7451107922614764,7.834501970038455,49.18147271056043,8.405836708794975,8.18162464989385,2577.9518231023017,28068.836197330573,8.215644031739009,3.833720635194582,1.8297454450076793,0.6602516654330126,Low,0,0,-0.16494218887611042,-0.28808619618184234,0.25444346882177254,-0.4199221856006509,0.2509998906921755,-0.01391739199170982,-1.773702916336699,-2.046926211268621,-1.4057817650474291,-0.1608161188745901,-0.6907977722592065,1.1989535360782697,-1.3096870359996657,-1.0358646342890392,-0.5883133920359979,-1.0977194109733543,-1.6310663255951814
University of Nebraska at Lincoln,No,6277,6003,3526,33,63,16454,3171,5595,3145,500,2070,86.0,92,15.1,48,6813,53,6.44565121190047,6.510868467693157,4.65334843033336,5.665746738617808,4.0343723615061515,12.326306465954532,53.4867401122111,9.502670860800531,10.263935089879718,3677.2640912751194,53353.18359977521,6.953758067641122,11.043474488295791,1.831027862381677,0.9563485741596304,Low,0,0,1.2151389971863775,1.5616319241008034,1.8997357208350798,0.5255753751737814,1.7828011098495338,1.5808447328689257,-1.3133469688688264,-0.22842386689854197,1.1395240130598205,0.87227663203218,0.8736625013025863,0.30686845488617326,1.7518305917460641,-0.587137302206074,1.425799214613835,-1.0977194109733543,-1.6310663255951814
University of New England,Yes,1209,750,265,19,54,820,159,11450,5045,900,2500,75.0,75,11.4,13,9718,64,5.52644275539406,5.294899483807629,3.7470992565651544,4.401674224577899,3.524509238160779,6.579685944202146,69.21162550345154,10.856914905640831,10.598401182873939,2797.1408339686877,31237.605304478584,5.598967634870062,5.203164536960752,1.8337402043544255,0.6203473945409429,Medium,1,1,-0.27090596318612964,-0.46891637908345407,-0.5869037143976995,-0.3414378853851846,-0.9172082829751127,-0.459424998899203,0.36809203079300534,2.016852655434644,1.5483576157405647,0.04516955486019143,-0.4947312768374728,-0.6508950575092252,-0.7281725029254713,0.3619312318033672,-0.8597505218882844,0.3584006965742063,0.6130958528832952
University of New Hampshire,No,9750,7640,2529,24,62,10358,1338,11180,3862,650,2450,89.0,87,17.5,16,7855,75,6.673086151403285,6.640699444058318,4.556124759369775,4.914783971046612,3.9757201418682033,10.491798763388886,68.62296405243697,10.094559934711176,10.56237665565897,3938.140272384894,46086.272753520185,7.763378856053728,5.900304933741678,1.8321777660214849,0.7835897435897435,Medium,1,0,1.5828233274038366,1.7784368527237606,1.6329655860266767,0.010498375683124296,1.4722049190652025,0.9295244440013368,0.30514732266274486,0.7529019484450437,1.504323145417078,1.1174383566772665,0.4240248994484804,0.8792265342330661,-0.4321419230686565,-0.18477750663106826,0.25065780548094063,0.3584006965742063,-1.6310663255951814
University of North Carolina at Asheville,No,1757,979,394,32,74,2033,1078,5972,3420,600,750,77.0,83,13.0,11,7011,37,5.74495594213829,5.460767749913858,3.9103840313580913,5.590470826008503,3.715290921491982,10.056395663168244,54.7640084335,9.911870086910547,8.542878851701946,2948.2301091785516,40739.09727963728,6.203132952498875,4.6929731524538,1.8312665103805512,0.5571997723392146,Low,0,0,0.08235495128625109,-0.19193273002861502,-0.1388698050425757,0.47394446499414217,0.09308705588628648,0.7749397166584414,-1.1767705350816455,0.450010288926062,-0.9642037997398595,0.18715763184081718,0.0931702615374012,-0.22378287640524416,-0.9448178904126144,-0.5036326008404146,-1.2892937498248225,-1.0977194109733543,-1.6310663255951814
University of North Carolina at Chapel Hill,No,14596,5985,3331,75,92,14609,1100,8400,4200,550,1200,88.0,93,8.9,23,15893,83,6.8750840008649226,6.509237728910004,4.637055380176587,7.9105127518545855,4.019860439176318,10.096713653947567,61.93313448205593,9.715390024589627,9.32358530355288,3850.189112920918,54886.120254639376,4.583834908277293,7.305625713076967,1.8367311982572845,0.41004384762948753,Low,0,0,1.909384603112093,1.5589087511309734,1.8550295382389672,2.065235385744127,1.705952393391272,0.7892541430106579,-0.4101863704524781,0.12425506576926057,-0.009909663407681455,1.0347851307407439,0.9685124280279964,-1.3685389544921518,0.16460720682316513,1.4085021388416512,-2.290278881266118,-1.0977194109733543,-1.6310663255951814
University of North Carolina at Charlotte,No,5803,4441,1730,19,62,10099,3255,7248,3109,600,1900,79.0,91,16.8,7,6227,62,6.404319267148453,6.345482574119735,4.4387971880867525,4.401674224577899,3.9723370134359364,12.384370970052483,58.730036943646255,9.911870086910547,10.113612769182097,3103.2898290035896,51847.00689353883,7.531973546882462,3.513908539388445,1.8302541256601785,0.7652938135447183,Low,0,0,1.1483194115239796,1.285453789611693,1.311032751175817,-0.3414378853851846,1.454289368545842,1.6014598491364342,-0.7526889061976992,0.450010288926062,0.9557779855209387,0.33287698488245776,0.7804683371675396,0.7156355046998162,-1.4454906138784915,-0.8578735085398188,0.12620509331807228,-1.0977194109733543,-1.6310663255951814
University of North Carolina at Greensboro,No,5191,4134,1500,15,44,7532,1847,8677,3505,600,1300,75.0,94,15.5,17,7392,53,6.345239671100768,6.30565514804749,4.392917557362244,3.912896621040344,3.9317637419503884,11.158975257852413,62.65969521032792,9.911870086910547,9.45926910861573,2797.1408339686877,56445.99688283852,7.091998160287616,6.117876942980019,1.8316977201114457,0.7963783471392796,Low,0,0,1.052807957787813,1.2189459152309035,1.1851445271246908,-0.676685000581864,1.239431283909668,1.1663975770451052,-0.33249629426154065,0.450010288926062,0.1559430194537629,0.04516955486019143,1.0650292563104273,0.40459671859716,-0.3397531182413292,-0.3527491240287026,0.33764854017432117,-1.0977194109733543,-1.6310663255951814
University of North Carolina at Wilmington,No,6071,3856,1449,15,67,6635,1145,7558,3680,500,1500,82.0,85,19.1,15,6005,55,6.428114864315155,6.26675792115983,4.381640332118161,3.912896621040344,3.9134018829382673,10.176967827388507,59.623050039955,9.502670860800531,9.703857838201385,3343.323684287649,43361.72889933899,8.279171502485475,5.675799188389897,1.8299309837011295,0.6351507165211662,Low,0,0,1.186788734775235,1.1539913817666314,1.1542011686934353,-0.676685000581864,1.1421950070886318,0.8177474392531751,-0.6572003217035493,-0.22842386689854197,0.45491530270202957,0.5584518675118793,0.2554446883163039,1.2438640196807278,-0.5274750385853566,-0.9709432720257337,-0.7590552544203198,-1.0977194109733543,-1.6310663255951814
University of North Dakota,No,2777,2249,1652,20,54,8334,1435,5634,2703,450,1200,97.0,97,15.9,16,9424,49,6.00446911040278,5.958988797892807,4.424069677486376,4.511710153177958,3.9460559655786973,10.63483944889969,53.621443674330045,9.270525807002555,9.32358530355288,4677.47509485812,61289.05591242347,7.228855508595915,5.900304933741678,1.8335256466382774,0.8098667626935542,Low,0,0,0.5018987806755726,0.6400472933036042,1.270622222039078,-0.2659654673280361,1.3151165733018269,0.9803093496609965,-1.2989433139546651,-0.6133100630418952,-0.009909663407681455,1.8122377032356005,1.3646918631281069,0.5013474568975291,-0.4321419230686565,0.2868558986886685,0.42939954131928504,-1.0977194109733543,-1.6310663255951814
University of North Florida,No,1800,1253,560,44,85,3876,3588,6634,4360,600,2604,82.0,85,17.8,14,6104,47,5.758883454237173,5.611634159829071,4.047039689714451,6.3990538472540806,3.829668253307323,12.602011984325681,56.88434718190033,9.911870086910547,10.671243114569235,3343.323684287649,43361.72889933899,7.861445633866882,5.443683341838181,1.830077325130356,0.6961111111111111,Low,0,0,0.10487096386051965,0.059999298436410664,0.2360969910138213,1.0285425548159215,0.6987787721284381,1.6787307202740176,-0.9500458133841204,0.450010288926062,1.6373957274804203,0.5584518675118793,0.2554446883163039,0.9485544386053418,-0.6260396734364524,-0.9197373226667649,-0.3443900024999814,-1.0977194109733543,-1.6310663255951814
University of North Texas,No,4418,2737,2049,23,51,14047,5134,4104,3579,450,1700,86.0,94,22.6,6,5657,35,6.25890218053402,6.072440731337824,4.49193539027577,4.818997178837589,4.014990611529986,13.420860040952501,47.79249174667946,9.270525807002555,9.919921665567582,3677.2640912751194,56445.99688283852,9.352068607655228,3.171990682507586,1.829385569157821,0.6195110909913988,Low,0,0,0.91322983289158,0.8295008352957911,1.4568376279197706,-0.055200718403029835,1.6801639419726597,1.9694530497768883,-1.9222246196337116,-0.6133100630418952,0.7190202592323733,0.87227663203218,1.0650292563104273,2.002344206010686,-1.5906810832634517,-1.1617878580868164,-0.8654392321465803,-1.0977194109733543,-1.6310663255951814
University of Northern Colorado,No,5530,4007,1697,12,37,8463,1498,7731,4128,540,2286,75.0,75,21.5,8,6309,40,6.378834489538089,6.288244271363021,4.4326617256113146,3.4779670941379464,3.9481981812218296,10.723143140235324,60.11098769203371,9.67423499739097,10.43924020020521,2797.1408339686877,31237.605304478584,9.022333886447807,3.833720635194582,1.830369030313987,0.7245931283905968,Low,0,0,1.1071192625631747,1.1898714679570683,1.294197775336471,-0.9749983196713342,1.3264607990225703,1.0116605321435574,-0.6050258621004542,0.05602185721487039,1.35380767685696,0.04516955486019143,-0.4947312768374728,1.769239603923712,-1.3096870359996657,-0.8176675196060693,-0.15064941158285164,-1.0977194109733543,-1.6310663255951814
University of Northern Iowa,No,4144,3379,1853,18,52,10135,1448,6197,2930,595,2380,78.0,82,16.3,26,6333,77,6.224333263809723,6.192450781350144,4.460530763809049,4.287247085802575,3.9728135415079913,10.653343060858926,55.50123264174253,9.892878373226644,10.510781439678075,3025.263672430051,39465.53223109407,7.364378221795919,7.8398782563579585,1.8304022263883362,0.815395752895753,Low,0,0,0.8573437451167558,1.0299057852961553,1.3706670857760532,-0.4199221856006509,1.4568128502639368,0.9868788385050762,-1.097940228571156,0.41852287052772635,1.4412558914490514,0.2595509072328201,0.01436886348154269,0.5971546804090669,0.3914698171492021,-0.8060519674618496,0.467008879816546,-1.0977194109733543,-1.6310663255951814
University of Notre Dame,Yes,7700,3700,1906,79,96,7671,30,16850,4400,600,1350,96.0,92,13.1,46,13936,97,6.55209636342945,6.243593047397363,4.469388053737628,8.069153480706142,3.9343701122079953,4.042514495345579,79.44546729991036,9.911870086910547,9.523523757948993,4581.58506400201,53353.18359977521,6.239901345838685,10.78932967832484,1.836008493448281,0.4805194805194805,High,2,1,1.3872243167524347,1.1153083267420276,1.3949704308860016,2.1740452950265117,1.2532334669946967,-1.36021775036312,1.4623817686705642,0.450010288926062,0.23448449294285456,1.7221238214662933,0.8736625013025863,-0.19778961228228817,1.6439116764017525,1.155622376446701,-1.810889004229553,1.8145208041217669,0.6130958528832952
University of Oklahoma,No,4743,3970,2233,32,63,13436,2582,5173,3526,765,3176,86.0,90,11.5,11,10244,44,6.297037203758719,6.283060550493369,4.51841270451749,5.590470826008503,4.009419412759862,11.875146969696463,51.98808912037413,10.472212323573403,11.029291077766079,3677.2640912751194,50367.40936643958,5.637657762251316,4.6929731524538,1.8341001446635585,0.837022981235505,Low,0,0,0.9748810923807896,1.1812151652424894,1.529488214136308,0.47394446499414217,1.65066133956845,1.4206658832422931,-1.4735955278796462,1.379032848223447,2.0750545568577747,0.87227663203218,0.6889187505729792,-0.6235432314264993,-0.9448178904126144,0.48787701037847275,0.6141217741500941,-1.0977194109733543,-1.6310663255951814
University of Oregon,No,8631,6732,2546,25,61,11669,1605,10602,3660,570,1530,79.0,87,19.7,13,8020,54,6.610863618920926,6.572851148544036,4.558134081565623,5.0076495594765635,3.9913937598574907,10.865723778658937,67.33066116389833,9.79577979342351,9.737909117572528,3103.2898290035896,46086.272753520185,8.468217241114084,5.203164536960752,1.8323384350934784,0.7799791449426486,Medium,1,0,1.4822308228826608,1.6651368893560772,1.638478926016283,0.07419384862799155,1.555205461471473,1.062282103519418,0.16696326458528868,0.2575377346399167,0.49653777957723677,0.33287698488245776,0.4240248994484804,1.3775091254126752,-0.7281725029254713,-0.1285582090094536,0.2260977643648716,0.3584006965742063,-1.6310663255951814
University of Pennsylvania,Yes,12394,5232,2464,85,100,9205,531,17020,7270,500,1544,95.0,96,6.3,38,25765,93,6.793935347549681,6.435866274497477,4.54829580499368,8.296279289982145,3.959793125717859,8.692924329049584,79.72988455653629,9.502670860800531,9.753588626450492,4486.687340503674,59647.28650004573,3.4006343964808754,9.710163764170094,1.838987015266183,0.42213974503792157,High,2,1,1.778195049266545,1.436385657011047,1.6114838707857266,2.329828358316237,1.3878624921733684,0.2908553260838731,1.4927940900051326,-0.22842386689854197,0.5157035791518848,1.6329424732160491,1.2631079470739583,-2.2049976794982715,1.1856594896053954,2.197829208635599,-2.2080000774655573,1.8145208041217669,0.6130958528832952
University of Pittsburgh-Main Campus,No,8586,6383,2503,25,59,13138,4289,10786,4560,400,900,93.0,93,7.8,10,13789,66,6.60818297676769,6.544124171455547,4.553021344001391,5.0076495594765635,4.006589041340507,13.006243797091436,67.74696430602172,9.014694833976261,8.842506598639705,4299.868873409913,54886.120254639376,4.102364454760928,4.420803225514992,1.835947897570637,0.7434195201490799,Medium,1,0,1.4778971434716612,1.6171656702249355,1.6244501851167459,0.07419384862799155,1.6356729454926056,1.8222484502305856,0.21147795079330203,-1.0374664620381557,-0.5979547424825227,1.4573774316188435,0.9685124280279964,-1.7089125071243796,-1.0603909108017935,1.134419430306252,-0.022588388786092376,0.3584006965742063,-1.6310663255951814
University of Portland,Yes,1758,1485,419,27,58,2041,174,12040,4100,600,1100,92.0,96,13.2,17,9060,72,5.745283977244516,5.713983242896084,3.9348317132982302,5.185399347607472,3.7160368355200184,6.729112844574686,70.46695254723205,9.911870086910547,9.176997673903145,4207.948159114593,59647.28650004573,6.276560578554963,6.117876942980019,1.8332452585182828,0.8447098976109215,Medium,1,1,0.08288527159932259,0.2309121750873439,-0.0717882873187022,0.19611044886994475,0.09703708637432046,-0.4063727430928535,0.5023223158619537,0.450010288926062,-0.1890906028016409,1.37099376580703,1.2631079470739583,-0.1718735188122101,-0.3397531182413292,0.1887460199673966,0.6664097741990378,0.3584006965742063,0.6130958528832952
University of Puget Sound,Yes,4044,2826,688,51,83,2738,138,16230,4500,630,1800,79.0,86,15.0,17,11217,63,6.2111013911785315,6.090780146085037,4.123691292278734,6.796963010362023,3.770062862874122,6.347570311214137,78.39192001267696,10.023005814993539,10.019259575285039,3103.2898290035896,44711.16894989349,6.918976065250672,6.117876942980019,1.8346961751642223,0.6988130563798219,High,2,1,0.8359523430896185,0.8601258495764603,0.44641982851511935,1.301464018640753,0.3831350107662188,-0.5418349124236862,1.3497274978973755,0.6342683936656499,0.840445648422016,0.33287698488245776,0.3389408259481421,0.282279461657542,-0.3397531182413292,0.6964324945959296,-0.32601081018895034,1.8145208041217669,0.6130958528832952
University of Rhode Island,No,9643,7751,1968,12,40,8894,2456,10330,5558,500,1250,84.0,89,16.6,7,9158,63,6.667476750796082,6.648396157670711,4.479395636567026,3.4779670941379464,3.955076965643068,11.766679789561591,66.70647609697801,9.502670860800531,9.392683958613311,3508.30890518449,48914.209492885086,7.4651717527356345,3.513908539388445,1.8333224353615383,0.8037954993259359,Medium,1,0,1.5737548495802902,1.7912896055265506,1.4224300422547667,-0.9749983196713342,1.3628877961874135,1.3821558922516344,0.10022006815404504,-0.22842386689854197,0.07455286562134684,0.7134988370127088,0.5990025096854961,0.6684102516652818,-1.4454906138784915,0.21575076871363488,0.38810154824127724,0.3584006965742063,-1.6310663255951814
University of Richmond,Yes,5892,2718,756,46,72,2854,594,14500,3285,700,1125,75.0,89,11.7,32,11984,100,6.412350128207118,6.068442923484447,4.15798651670588,6.517276073871263,3.7774182726643426,8.90250416881315,75.30487619112132,10.265383834059623,9.214767197935483,2797.1408339686877,48914.209492885086,5.714647119153561,8.820611540394847,1.8351125509939992,0.46130346232179226,Medium,1,1,1.1613025607968213,0.8228248903821371,0.5405218260332026,1.1096298635196908,0.4220860048906104,0.3652641724379781,1.0196344163846656,1.036120392064417,-0.14292314097182654,0.04516955486019143,0.5990025096854961,-0.5691159228921928,0.8079240121706287,0.8421254796006208,-1.9416003469045642,0.3584006965742063,0.6130958528832952
University of Rochester,Yes,8766,5498,1243,56,75,5071,438,17840,6582,500,882,93.0,99,5.9,23,26037,80,6.618816397180456,6.463006807763244,4.330919720541736,7.056958567922015,3.8727546485904196,8.338378611267508,81.07620156009926,9.502670860800531,8.809105859466666,4299.868873409913,64655.72972029902,3.2028376127203932,7.305625713076967,1.8390297913008429,0.6271959844855122,High,2,1,1.495087739036861,1.4817076713886002,1.015029871686193,1.479792076238102,0.9269452478759185,0.1649780572124307,1.6367537984148146,-0.22842386689854197,-0.6387820335423359,1.4573774316188435,1.5730036436391222,-2.3448293005169343,0.16460720682316513,2.2127968598069327,-0.8131649921559632,1.8145208041217669,0.6130958528832952
University of San Diego,Yes,3934,2735,886,40,70,3698,217,13600,5940,630,1820,93.0,96,15.6,13,10813,66,6.196134343594696,6.072021310311525,4.214613085566875,6.150076980026682,3.821867989033895,7.10083595251747,73.60239617097366,10.023005814993539,10.038512055903844,4299.868873409913,59647.28650004573,7.126340200101668,5.203164536960752,1.8344587483258268,0.6952211489578037,Medium,1,1,0.8117557579992812,0.8288004435386346,0.6958983640621252,0.8577720942126082,0.6574720255910854,-0.27439684476032083,0.8375907174451513,0.6342683936656499,0.8639788590427507,1.4573774316188435,1.2631079470739583,0.42887468209580437,-0.7281725029254713,0.6133550863212556,-0.3504437097140362,0.3584006965742063,0.6130958528832952
University of San Francisco,Yes,2306,1721,538,23,48,4309,549,13226,6452,750,2450,86.0,86,13.6,8,10074,62,5.900158766060048,5.801861926814802,4.031832077410234,4.818997178837589,3.84694961941555,8.754997432019936,72.87314727196272,10.425882498985677,10.56237665565897,3677.2640912751194,44711.16894989349,6.422128545636341,3.833720635194582,1.8339869874707222,0.746313963573287,Medium,1,1,0.3332647124965483,0.37766091200579893,0.1943691201743296,-0.055200718403029835,0.7902932368477226,0.312893648027692,0.7596131990881339,1.3022200552656582,1.504323145417078,0.87227663203218,0.3389408259481421,-0.0689648444728493,-1.3096870359996657,0.4482824709742205,-0.0028997840823096256,0.3584006965742063,0.6130958528832952
University of Sci. and Arts of Oklahoma,No,285,280,208,21,43,1140,473,3687,1920,600,1800,67.0,77,23.6,3,3864,43,4.622767730220954,4.653904240660968,3.642387088538455,4.61773086410158,3.598141326041966,8.479129268299962,45.96058013242892,9.911870086910547,10.019259575285039,2232.4911398680765,33467.66720923342,9.646440835210852,1.9499330346678316,1.8254545656280698,0.9824561403508771,Low,0,0,-1.731838690107388,-1.5393152301804336,-0.8742213902651869,-0.1932470423613438,-0.5272853413274476,0.21494991531281954,-2.11810824965687,0.450010288926062,0.840445648422016,-0.48546721020260253,-0.3567469657519844,2.2104494389644347,-2.1096101767128186,-2.53727509186881,1.6033882965832276,-1.0977194109733543,-1.6310663255951814
University of Scranton,Yes,4471,2942,910,29,60,3674,493,11584,5986,650,800,83.0,83,14.1,41,9131,92,6.265322758949364,6.113776442957672,4.224016284952269,5.353618702746615,3.8207813280681036,8.555396720292523,69.50039576775632,10.094559934711176,8.648479600106288,3425.3200408639627,40739.09727963728,6.601764206578399,10.12756185867775,1.8333012998376055,0.6580183404160144,Medium,1,1,0.9236097071510728,0.8985273978174688,0.721699619484904,0.3114902312545731,0.6517175501640302,0.24202777319998847,0.3989698128730691,0.7529019484450437,-0.835123048894733,0.6355089913449042,0.0931702615374012,0.05802784562419385,1.3629015494814063,0.20835529243669307,-0.6035049321666505,0.3584006965742063,0.6130958528832952
University of South Carolina at Aiken,No,848,560,377,14,24,1855,1412,5800,3066,500,1500,62.0,62,14.8,3,5035,48,5.313480373193082,5.1094459475990535,3.892713932298105,3.7757494643672955,3.6977057086766694,10.601729042197162,54.18804744979273,9.502670860800531,9.703857838201385,1911.850540404655,18969.870093350863,6.849139912449009,1.9499330346678316,1.8282692589103349,0.660377358490566,Low,0,0,-0.6151931295830582,-0.7786054980152023,-0.18735444527052922,-0.7707527080612918,-3.644648554845967e-05,0.9685538908924921,-1.2383572008152146,-0.22842386689854197,0.45491530270202957,-0.7867933106586992,-1.253793161208231,0.23290908127871499,-2.1096101767128186,-1.5523930770178467,-0.5874584017800192,-1.0977194109733543,-1.6310663255951814
University of South Carolina at Columbia,No,7693,5815,2328,30,66,12594,3661,8074,3522,495,2941,84.0,88,16.9,18,8246,63,6.551626098723344,6.493572370727539,4.531115540031472,5.434512156192033,4.0012147541437955,12.64727878535925,61.057605384073575,9.48039101669459,10.890057115961985,3508.30890518449,47487.224979564795,7.56525823478441,6.329097661694977,1.8325504133005142,0.755881970622644,Low,0,0,1.3864640599340785,1.5327491476396617,1.564343276786463,0.3669741501362814,1.6072130996115197,1.694802163247008,-0.5038054165732423,-0.26536285960292827,1.9048623507950093,0.7134988370127088,0.5107083351693819,0.7391659776222961,-0.25006129701322827,-0.05438546522761973,0.06218378501505264,-1.0977194109733543,-1.6310663255951814
University of South Florida,No,7589,4676,1876,29,63,14770,10962,6760,3776,500,2180,84.0,89,17.0,7,11020,47,6.5445846848942,6.374027335119215,4.464409930637767,5.353618702746615,4.021213611531734,15.253153158299789,57.27197769989973,9.502670860800531,10.355222162753055,3508.30890518449,48914.209492885086,7.598466298912923,3.513908539388445,1.8345820765939838,0.6161549611279483,Low,0,0,1.3750805076390251,1.333120725841499,1.381311055990147,0.3114902312545731,1.713118195157365,2.6199870763234596,-0.9085970489443885,-0.22842386689854197,1.2511084865317872,0.7134988370127088,0.5990025096854961,0.7626422816839673,-1.4454906138784915,0.6565085602702102,-0.8882683237997141,-1.0977194109733543,-1.6310663255951814
University of Southern California,Yes,12229,8498,2477,45,71,13259,1429,17230,6482,600,2210,90.0,94,11.4,10,17007,68,6.7872414438930715,6.697308706398647,4.54988051469127,6.4586530156495385,4.007747624389655,10.626248318448926,80.0786600489303,9.911870086910547,10.379378086802877,4027.0838434683237,56445.99688283852,5.598967634870062,4.420803225514992,1.837084180711055,0.6949055523755009,High,2,1,1.767373301790537,1.8729687389091803,1.6158321248216863,1.0694209607168643,1.6418082884343377,0.9772591702809562,1.5300881433763724,0.450010288926062,1.2806354061874121,1.2010242141140972,1.0650292563104273,-0.6508950575092252,-1.0603909108017935,1.532013312320823,-0.35259046314609804,1.8145208041217669,0.6130958528832952
University of Southern Colorado,No,1401,1239,605,10,34,3716,675,7100,4380,540,2948,63.0,88,19.4,0,5389,36,5.613320853396366,5.604821301728121,4.076104790094778,3.140658651142298,3.8226773630460604,9.144311962605448,58.29483431003769,9.67423499739097,10.894351103037792,1973.9929282613914,47487.224979564795,8.373979046509408,0.0,1.8289289774575066,0.8843683083511777,Low,0,0,-0.13045386139220358,0.04862249718567897,0.3158481531519365,-1.2063544244260114,0.661758112062326,0.4511151731631155,-0.7992244873926252,0.05602185721487039,1.910111092723827,-0.7283942076217277,0.5107083351693819,1.310887822159327,-2.9376210187183966,-1.3215526738851178,0.9361745122882019,-1.0977194109733543,-1.6310663255951814
University of Southern Indiana,No,2379,2133,1292,8,25,4283,2973,4973,3192,500,1425,56.0,65,22.0,21,4078,38,5.917750152541459,5.928125939923564,4.343820944734391,2.7487654512087505,3.845972726461395,12.183756202754187,51.249685938314876,9.502670860800531,9.615889031023626,1559.8481122051853,21470.19703315302,9.173008483791365,6.929403951155235,1.826060900729764,0.8965952080706179,Low,0,0,0.36170395393479826,0.5885093637088792,1.050429289163003,-1.475149606103812,0.785120044217717,1.5302339458572658,-1.5525519003362904,-0.22842386689854197,0.34738690112312137,-1.1175920904074985,-1.0990862943084903,1.8757583894788763,0.0048500806392386695,-2.3251139514724555,1.0193444209882783,-1.0977194109733543,-1.6310663255951814
University of Southern Mississippi,No,2850,2044,1046,20,50,9260,1387,4652,2470,500,500,78.0,99,18.7,23,5917,45,6.018918708246069,5.903203127715529,4.272398559663304,4.511710153177958,3.9606069759838642,10.565183586586391,50.022650220906506,9.502670860800531,7.890855810096345,3025.263672430051,64655.72972029902,8.15185417668031,7.305625713076967,1.829797744845654,0.7171929824561404,Low,0,0,0.5252588269223621,0.5468907248206608,0.8544547995668648,-0.2659654673280361,1.392172282903376,0.955578858587141,-1.683757035247974,-0.22842386689854197,-1.7612021643396472,0.2595509072328201,1.5730036436391222,1.1538575609677506,0.16460720682316513,-1.0175645338392436,-0.2009867395939266,-1.0977194109733543,-1.6310663255951814
University of St. Thomas MN,Yes,2057,1807,828,26,53,4106,982,11712,4037,500,800,80.0,80,13.8,13,8546,89,5.8353151908987595,5.830716296964259,4.190620354697466,5.097794723902809,3.839124468107777,9.871296391109249,69.77419503635107,9.502670860800531,8.648479600106288,3182.3085613523126,36992.96354026978,6.494286444209187,5.203164536960752,1.8328183504582276,0.8784637822070978,Medium,1,1,0.22843488048303476,0.42584486498723917,0.630065177709274,0.13602341304359422,0.7488546995935793,0.7092224066803816,0.4282467682746368,-0.22842386689854197,-0.835123048894733,0.4071358482998492,-0.13862047133804148,-0.01795311549064537,-0.7281725029254713,0.03936772962489686,0.8960107003989494,0.3584006965742063,0.6130958528832952
University of St. Thomas TX,Yes,374,280,185,45,77,995,408,8550,4050,500,1344,75.0,75,12.6,17,7237,62,4.800147653473967,4.653904240660968,3.5903073527881726,6.4586530156495385,3.5683785660341525,8.20942071345946,62.328498716172334,9.502670860800531,9.515930675246764,2797.1408339686877,31237.605304478584,6.05494407369219,6.117876942980019,1.8315265195855794,0.7486631016042781,Low,0,1,-1.4450761618086032,-1.5393152301804336,-1.0171219615889389,1.0694209607168643,-0.6848957428215123,0.11919307896751692,-0.36791065105772347,-0.22842386689854197,0.22520311159619957,0.04516955486019143,-0.4947312768374728,-0.328544393486175,-0.3397531182413292,-0.4126534553180568,0.013079540198134093,-1.0977194109733543,0.6130958528832952
University of Tennessee at Knoxville,No,7473,5372,3013,27,53,15749,3237,5764,3262,750,3300,86.0,92,16.5,22,8612,53,6.536607523758995,6.450330135753021,4.607970937145116,5.185399347607472,4.029072616698109,12.372043203172824,54.066082693282205,10.425882498985677,11.09895704574773,3677.2640912751194,53353.18359977521,7.43165335007073,7.119694928162363,1.8328753581939476,0.7188545430215443,Low,0,0,1.3621841727335506,1.4605388791072966,1.7752253021775775,0.19611044886994475,1.7547360074600908,1.5970830211329745,-1.2513987138742089,1.3022200552656582,2.160210539095627,0.87227663203218,0.8736625013025863,0.6447145550544336,0.08565438996495688,0.059315158345393575,-0.18968445989136457,-1.0977194109733543,-1.6310663255951814
University of Texas at Arlington,No,3281,2559,1448,19,43,10975,8431,4422,2780,500,2850,73.0,73,21.0,4,4696,29,6.096862365181648,6.033766992632946,4.381414652925141,4.401674224577899,3.9833806244467302,14.60343371483507,49.10884741463908,9.502670860800531,10.833356951435384,2650.022148392148,29101.843668955273,8.870288122955666,2.399320130769619,1.8275667865640435,0.7799451386772326,Low,0,0,0.6512670003266211,0.764919505059842,1.1535819319566527,-0.3414378853851846,1.5127714436255237,2.3893118630177326,-1.7814686330262566,-0.22842386689854197,1.8355550786333379,-0.09308710977675971,-0.6268807912936191,1.6617514781113547,-1.9187844502831575,-1.7981933509417636,0.2258664466919715,-1.0977194109733543,-1.6310663255951814
University of Texas at Austin,No,14752,9572,5329,48,85,30017,5189,5130,3309,650,3140,91.0,99,19.7,11,7837,65,6.880325558192509,6.760109114737423,4.767452415187356,6.631738515706971,4.102238463449442,13.445660114604191,51.83093555758719,10.094559934711176,11.008593531162827,4117.019810783901,64655.72972029902,8.468217241114084,4.6929731524538,1.8321599236331352,0.6488611713665944,Low,0,0,1.9178584044528328,1.977839228437707,2.212823419746154,1.1881383777111363,2.142189942481693,1.9782580229651532,-1.490399728535567,0.7529019484450437,2.0497549742641925,1.2855426885908192,1.5730036436391222,1.3775091254126752,-0.9448178904126144,-0.19102069039048705,-0.6657938959487384,-1.0977194109733543,-1.6310663255951814
University of Texas at San Antonio,No,4217,3100,1686,17,46,9375,5457,4104,5376,452,1200,94.0,100,25.3,3,4329,50,6.233777844988895,6.143584356239772,4.4305859255002265,4.167994170464725,3.9622897956087217,13.56321529560151,47.79249174667946,9.280233650942462,9.32358530355288,4392.781938782297,66380.98635477376,10.135957082116482,1.9499330346678316,1.8267124179949528,0.7351197533791796,Low,0,0,0.8726123951871431,0.9483036738068644,1.2885020278916162,-0.5017164322200872,1.4010837506787521,2.0199946013060206,-1.9222246196337116,-0.597214888642721,-0.009909663407681455,1.5446936720354811,1.6797533027611797,2.5565109320707835,-2.1096101767128186,-2.097143237614413,-0.07904512437107553,-1.0977194109733543,-1.6310663255951814
University of the Arts,Yes,974,704,290,5,22,1145,39,12520,3860,1300,700,16.0,59,7.5,9,11641,57,5.397325070391049,5.255040846008085,3.785092002463567,1.9933074045048962,3.5990842030551042,4.4144793694900715,71.45875442774823,11.757526679817515,8.430546202210584,127.09666063366379,16658.086300281702,3.9665476052807676,4.135098422421764,1.834931579805177,0.7227926078028748,Medium,1,1,-0.4796449970097928,-0.5354763739712171,-0.4826561598195867,-1.9933098674917418,-0.5222922820627408,-1.2281560157966402,0.6083742405880197,3.5100270060991905,-1.101513269226264,-2.464038574562446,-1.3968339859427865,-1.8049276690668299,-1.1817113204611744,0.7788023210170133,-0.16289692618832022,0.3584006965742063,0.6130958528832952
University of the Pacific,Yes,2459,1997,582,36,66,2664,299,16320,5326,646,1171,87.0,94,11.2,14,13706,65,5.93637476042392,5.889568651005576,4.061573196670558,5.881850116998911,3.7651693729702878,7.655020333592709,78.54647510322573,10.08040416326096,9.282276365910988,3763.230380637817,56445.99688283852,5.521188494835537,5.443683341838181,1.835913241801679,0.8121187474583164,High,2,1,0.3918135601799752,0.5241224931345748,0.2759751973342943,0.6737982758594397,0.3572212545067852,-0.07764022680607473,1.3662538477167343,0.7294323076415405,-0.06040351660475492,0.9530645509285739,1.0650292563104273,-0.7058806999736407,-0.6260396734364524,1.1222931202132418,0.4447180089257087,1.8145208041217669,0.6130958528832952
University of the South,Yes,1445,966,326,46,83,1129,24,15350,4080,450,810,89.0,93,10.3,52,18784,82,5.6314284385826605,5.452520103619162,3.833628465751883,6.517276073871263,3.59604914907625,3.7336550261924986,76.85018187487157,9.270525807002555,8.66886382941484,3938.140272384894,54886.120254639376,5.164259653618441,11.535678590176726,1.83757910980082,0.6685121107266436,High,2,1,-0.1011801036062064,-0.20570548608645803,-0.3494779047072408,1.1096298635196908,-0.5383645843639326,-1.469874656347725,1.1848716933764682,-0.6133100630418952,-0.810206448735117,1.1174383566772665,0.9685124280279964,-0.958210073115202,1.9608379399940299,1.7051926644753024,-0.5321241292909259,1.8145208041217669,0.6130958528832952
University of Tulsa,Yes,1712,1557,696,41,68,2936,433,11750,4160,1200,2350,94.0,96,11.5,10,11743,47,5.729983154021627,5.742292461071286,4.127924641399916,6.213996875421871,3.7824015135424234,8.31744969698649,69.8551007312238,11.557859430101406,10.48823779259432,4392.781938782297,59647.28650004573,5.637657762251316,4.420803225514992,1.8349862468599845,0.9094626168224299,Medium,1,1,0.05814908572224455,0.2781857780261669,0.4580356326146369,0.9016140386466763,0.44847504257830323,0.15754749342895147,0.4368978959152568,3.1789875676948047,1.4136997335966806,1.5446936720354811,1.2631079470739583,-0.6235432314264993,-1.0603909108017935,0.7979307281596001,1.1068712050178586,0.3584006965742063,0.6130958528832952
University of Utah,No,5095,4491,2400,27,53,13894,8374,6857,3975,858,3093,89.0,93,12.8,9,9275,37,6.335296809157912,6.351689194630406,4.540350960082492,5.185399347607472,4.013623621379233,14.586866784039845,57.56717189889556,10.742955308934386,10.98123850553172,3938.140272384894,54886.120254639376,6.129263988156606,4.135098422421764,1.8334129242565391,0.8814524043179588,Low,0,0,1.036733758538148,1.2958182338643585,1.5896841657655019,0.19611044886994475,1.6729249672793864,2.383429969943038,-0.8770323649218253,1.8279127018462091,2.016317642605039,1.1174383566772665,0.9685124280279964,-0.27600423628062626,-1.1817113204611744,0.24741350290624234,0.9163399280693244,-1.0977194109733543,-1.6310663255951814
University of Vermont,No,7663,6008,1735,18,51,7353,1674,15516,4928,500,990,87.0,90,9.9,10,12646,79,6.549605461317788,6.511320522093699,4.439715018007695,4.287247085802575,3.928319701746301,10.953190146029305,77.14536944528156,9.502670860800531,9.000756448069964,3763.230380637817,50367.40936643958,5.001743657107565,4.420803225514992,1.8354402142270014,0.7840271434164165,High,2,0,1.383197381943888,1.5623868103751508,1.3135511667973876,-0.4199221856006509,1.2211931716114344,1.093336004019369,1.2164356686140412,-0.22842386689854197,-0.4045185245177439,0.9530645509285739,0.6889187505729792,-1.0731000870048981,-1.0603909108017935,0.9567772703108894,0.2536330898526595,1.8145208041217669,-1.6310663255951814
University of Virginia,No,15849,5384,2678,74,95,11278,114,12212,3792,500,1000,90.0,92,9.5,22,13597,95,6.915582899604865,6.451551076971781,4.573227572648886,7.869873424237284,3.9869529572453337,6.0395996310702795,70.82528368943474,9.502670860800531,9.01750885336023,4027.0838434683237,53353.18359977521,4.836649035820484,7.119694928162363,1.8358672354935361,0.3397059751403874,Medium,1,0,1.974857438949421,1.4625777305524366,1.6798936618630673,2.037361323494492,1.5316889367111952,-0.6511762643697772,0.5406381408935688,-0.22842386689854197,-0.38404127330500104,1.2010242141140972,0.8736625013025863,-1.1898130490517917,0.08565438996495688,1.1061951724385704,-2.768731683473606,0.3584006965742063,-1.6310663255951814
University of Washington,No,12749,7025,3343,40,81,20356,4582,8199,4218,708,2172,96.0,94,9.0,10,16527,65,6.808018621260596,6.595763989609428,4.638089466575736,6.150076980026682,4.0594183650156515,13.157745679700795,61.39601077452687,10.291721877932629,10.348728601239843,4581.58506400201,56445.99688283852,4.626421205486867,4.420803225514992,1.8369365885532396,0.5510236096948781,Low,0,0,1.8009628749708408,1.7033990746281011,1.857866947743982,0.8577720942126082,1.9154336569626955,1.8760374039684784,-0.467620223037846,1.0797876998717146,1.243171101537365,1.7221238214662933,1.0650292563104273,-1.3384327472081734,-1.0603909108017935,1.480369723770242,-1.331305289547323,-1.0977194109733543,-1.6310663255951814
University of West Florida,No,1558,1254,472,20,57,3754,2477,6172,3994,541,1387,83.0,87,23.4,12,8488,53,5.67534584779426,5.612117671576858,3.9815128430930846,4.511710153177958,3.8243704675155663,11.785100864748413,55.420195864325436,9.678380261714175,9.56966862472853,3425.3200408639627,46086.272753520185,9.58796113385685,4.953303378471571,1.8327676895611562,0.8048780487804879,Low,0,0,-0.030180708235588376,0.06080671537882317,0.05629915440159747,-0.2659654673280361,0.6707240438220204,1.3886960773896704,-1.1066053726765575,0.06289452148776663,0.2908895292854385,0.6355089913449042,0.4240248994484804,2.169107455128542,-0.8342724276648658,0.021641106729174513,0.3954652742359589,-1.0977194109733543,-1.6310663255951814
University of Wisconsin-Stout,No,2593,1966,1030,9,32,6038,579,6704,2592,376,1750,78.0,78,21.0,17,6254,65,5.966159118043177,5.880386395350113,4.267094897938198,2.9528188947255454,3.899415750741092,8.85448899019491,57.100288297606276,8.88183796674169,9.97024774848691,3025.263672430051,34618.54631426671,8.870288122955666,6.117876942980019,1.8302922164940167,0.7581951407635943,Low,0,0,0.4399646560763834,0.5087890316008554,0.8399021855854949,-1.3351916215524642,1.0681306424138772,0.34821695046996803,-0.926955545662314,-1.2577372514642196,0.7805361922961006,0.2595509072328201,-0.28553671812966114,1.6617514781113547,-0.3397531182413292,-0.8445452438175817,0.07791844824490629,-1.0977194109733543,-1.6310663255951814
University of Wisconsin-Superior,No,910,910,342,14,53,1434,417,7032,2780,550,1960,75.0,81,15.2,15,6490,36,5.356295686606768,5.415579977601491,3.8532517201481262,3.7757494643672955,3.6463804217172457,8.248981569756141,58.09287797898362,9.715390024589627,10.16804047575071,2797.1408339686877,38216.88394908151,6.988450466626353,5.675799188389897,1.830614697203879,1.0,Low,0,0,-0.5459754453082682,-0.2673918540766276,-0.2956340396404083,-0.7707527080612918,-0.27183244532265854,0.13323869366565508,-0.8208193825422007,0.12425506576926057,1.0223075256692147,0.04516955486019143,-0.06289081824039729,0.3313941033568047,-0.5274750385853566,-0.7317068563169147,1.7227252698753677,-1.0977194109733543,-1.6310663255951814
University of Wisconsin-Whitewater,No,4400,3719,1472,12,38,7804,1552,6950,2500,300,1200,90.0,95,23.1,16,5559,67,6.2567027752453015,6.246469756858376,4.38678191666936,3.4779670941379464,3.9368106788548682,10.796207321213572,57.84762964758787,8.405836708794975,9.32358530355288,4027.0838434683237,58032.99277532507,9.499875213037079,5.900304933741678,1.8292225461589824,0.8452272727272727,Low,0,0,0.9096741485177238,1.1201121478856797,1.1683090622779697,-0.9749983196713342,1.266157627555938,1.0376011064971413,-0.8470434279804279,-2.046926211268621,-0.009909663407681455,1.2010242141140972,1.1632240797157132,2.10683547646955,-0.4321419230686565,-1.2188308121361218,0.6699290670842328,-1.0977194109733543,-1.6310663255951814
University of Wisconsin at Green Bay,No,2409,1939,759,17,50,3819,1347,6900,2800,475,1200,81.0,89,22.2,1,5968,46,5.924812107542978,5.872261799045941,4.1594167264227275,4.167994170464725,3.8272187226725642,10.50545721920865,57.69715432294186,9.389262578036165,9.32358530355288,3262.3198521504246,48914.209492885086,9.23290413292054,0.8185069930704526,1.829875331882035,0.8048982980489829,Low,0,0,0.37312071426386456,0.49522175689391584,0.5444461505848912,-0.5017164322200872,0.6858071422555707,0.9343737173936328,-0.8631335343978341,-0.41644976643940557,-0.009909663407681455,0.4823274812028567,0.5990025096854961,1.918101371758302,-2.5900538702726195,-0.9904162554819278,0.39560301396153313,-1.0977194109733543,-1.6310663255951814
University of Wisconsin at Madison,No,14901,10932,4631,36,80,23945,2200,9096,4290,535,1545,93.0,96,11.5,20,11006,72,6.885276643699974,6.829596168910159,4.729474466026432,5.881850116998911,4.077763323860672,11.529909631692188,63.7303224211155,9.653407742842983,9.754703547694778,4299.868873409913,59647.28650004573,5.637657762251316,6.734445050971812,1.8345738484330625,0.7336420374471512,Medium,1,0,1.9258626124370648,2.093875757176178,2.1086164656474864,0.6737982758594397,2.0125804379802044,1.2980934446516328,-0.21801569223946088,0.021491193528794167,0.5170663997144297,1.4573774316188435,1.2631079470739583,-0.6235432314264993,-0.07793639470495539,0.6536294658560073,-0.08909685473376448,0.3584006965742063,-1.6310663255951814
University of Wisconsin at Milwaukee,No,5244,3782,1930,12,37,11561,7443,8786,2964,570,1980,79.0,87,15.9,8,8094,38,6.350644722612541,6.255896991714077,4.473305909109811,3.4779670941379464,3.9901854674163517,14.300804895785834,62.94142157462861,9.79577979342351,10.185840534203702,3103.2898290035896,46086.272753520185,7.228855508595915,3.833720635194582,1.832408847839327,0.721205186880244,Low,0,0,1.0615460731769508,1.1358547005277664,1.4057205578400498,-0.9749983196713342,1.5488068795953245,2.2818670757502058,-0.30237170610829384,0.2575377346399167,1.0440653725113778,0.33287698488245776,0.4240248994484804,0.5013474568975291,-1.3096870359996657,-0.10392026801618956,-0.17369489265842034,-1.0977194109733543,-1.6310663255951814
University of Wyoming,No,2029,1516,1073,23,46,7535,1488,5988,3422,600,1500,91.0,94,15.1,13,8745,45,5.827500817333363,5.7263481599503265,4.281139672113954,4.818997178837589,3.9318206114674386,10.709352854776828,54.81702970292008,9.911870086910547,9.703857838201385,4117.019810783901,56445.99688283852,6.953758067641122,5.203164536960752,1.8329882165808116,0.7471660916707737,Low,0,0,0.21580171727274383,0.251560367332574,0.8784393675606896,-0.055200718403029835,1.239732439696722,1.0067644541953251,-1.1711010482779987,0.450010288926062,0.45491530270202957,1.2855426885908192,1.0650292563104273,0.30686845488617326,-0.7281725029254713,0.09880514332802887,0.002896568034331706,-1.0977194109733543,-1.6310663255951814
Upper Iowa University,Yes,663,452,192,10,35,1481,1160,8840,3060,500,1000,69.0,75,17.4,19,3733,78,5.162398675316025,4.9709954084378225,3.606915010277149,3.140658651142298,3.652969502202942,10.203088180339316,63.08014289724547,9.502670860800531,9.01750885336023,2367.6971460616746,31237.605304478584,7.730544699247318,6.534472866673584,1.8250572078125045,0.6817496229260935,Medium,1,1,-0.8594404427420582,-1.009804246580691,-0.9715525340691186,-1.2063544244260114,-0.23693959195305617,0.8270211620102128,-0.28753843793944656,-0.22842386689854197,-0.38404127330500104,-0.3584056382346787,-0.4947312768374728,0.8560145624116187,-0.16285168859179217,-2.676313532922637,-0.44207982482231856,0.3584006965742063,0.6130958528832952
Ursinus College,Yes,1399,1026,308,44,77,1131,17,14900,5160,500,800,82.0,85,11.6,40,12082,79,5.612483328126174,5.489637601405301,3.810178735574704,6.3990538472540806,3.596431386889382,3.2695459252530794,76.03928450044567,9.502670860800531,8.648479600106288,3343.323684287649,43361.72889933899,5.676217068867042,9.990248962005056,1.8351627973286766,0.7333809864188706,Medium,1,1,-0.13180785264211337,-0.1437229247325865,-0.41382116204968095,1.0285425548159215,-0.536340422116274,-1.634651110143575,1.098163622941653,-0.22842386689854197,-0.835123048894733,0.5584518675118793,0.2554446883163039,-0.5962838885447581,1.304593615223782,0.8597070440459513,-0.09087257799038323,0.3584006965742063,0.6130958528832952
Ursuline College,Yes,325,260,86,21,47,699,717,9600,4202,450,750,39.0,69,10.5,15,7164,68,4.708933412563168,4.603875445470422,3.2257654756585312,4.61773086410158,3.4868819751072175,9.259560054025401,64.97607447733002,9.270525807002555,8.542878851701946,756.6685933472796,25106.93423290231,5.2445943428256845,5.675799188389897,1.8314439180375366,0.8,Medium,1,1,-1.5925383202126606,-1.6228583850887994,-2.0173813093521655,-0.1932470423613438,-1.1164656111072404,0.4920326466030485,-0.08480924658899966,-0.6133100630418952,-0.9642037997398595,-1.87239030619385,-0.8740644345850307,-0.9014177956963633,-0.5274750385853566,-0.44155634842504,0.3622837743449736,0.3584006965742063,0.6130958528832952
Valley City State University,No,368,344,212,5,27,863,189,4286,2570,600,2000,39.0,41,14.9,25,4958,40,4.78969090027682,4.791513088106127,3.650764513624618,1.9933074045048962,3.5362808311170304,6.867351070516534,48.55374657813713,9.911870086910547,10.203474874757537,756.6685933472796,6418.606091926495,6.88410362834028,7.665481401085836,1.8281162186809377,0.9347826086956522,Low,0,0,-1.4619811470494246,-1.3095220237862704,-0.8512347369385495,-1.9933098674917418,-0.8548711377784849,-0.3572928939719881,-1.8408247537239133,0.450010288926062,1.0656206545879023,-1.87239030619385,-2.0303982916738934,0.25762653611778186,0.3174147165843801,-1.6059429861435375,1.2791030430719785,-1.0977194109733543,-1.6310663255951814
Valparaiso University,Yes,2075,1727,520,49,81,2501,198,11800,3260,500,800,87.0,89,14.2,23,9681,95,5.840278642633421,5.8039245985117836,4.018845841958267,6.68764507875179,3.7537809170339593,6.945617875878218,69.96129428214628,9.502670860800531,8.648479600106288,3763.230380637817,48914.209492885086,6.6373917079764695,7.305625713076967,1.8337137556797258,0.832289156626506,Medium,1,1,0.236459080417377,0.38110537035123115,0.15873644196088885,1.226484066723249,0.2969130333589154,-0.32950518928935196,0.44825301702368187,-0.22842386689854197,-0.835123048894733,0.9530645509285739,0.5990025096854961,0.08321456089136182,0.16460720682316513,0.352676644743205,0.5819213169968684,0.3584006965742063,0.6130958528832952
Vanderbilt University,Yes,7791,4690,1499,71,92,5500,90,17865,6525,630,952,93.0,98,5.8,26,23850,83,6.558168365635408,6.375679132399383,4.392700709619751,7.7454549301539934,3.885286160936495,5.666513377462403,81.11660334361875,10.023005814993539,8.935634722067006,4299.868873409913,62958.47816557827,3.1525803699474535,7.8398782563579585,1.8386648385486974,0.6019766397124887,High,2,1,1.397040662776741,1.3358790644248828,1.184549522832789,1.95202406393789,0.9933065897566535,-0.783636131467944,1.641073902045166,0.6342683936656499,-0.48411986651397987,1.4573774316188435,1.4679867891663476,-2.3803584511495273,0.3914698171492021,2.085097190317846,-0.9847122077525065,1.8145208041217669,0.6130958528832952
Vassar College,Yes,3550,1877,653,53,87,2164,77,18920,5950,600,800,90.0,98,9.7,39,17089,90,6.140123087861277,5.853137748397671,4.104478444311139,6.903140484602667,3.7270758151318075,5.425026320234688,82.78877391620205,9.911870086910547,8.648479600106288,4027.0838434683237,62958.47816557827,4.919527835158992,9.85113937380516,1.8371087533818675,0.5287323943661972,High,2,1,0.7212047586937158,0.463286478027041,0.3937020696445642,1.3742899658208605,0.1554946356151209,-0.8693732584646681,1.8198766560795225,0.450010288926062,-0.835123048894733,1.2010242141140972,1.4679867891663476,-1.1312222234617375,1.2455227419124493,1.5406114717340154,-1.482934761142026,1.8145208041217669,0.6130958528832952
Villanova University,Yes,7759,5588,1477,30,68,6362,1292,15925,6507,400,300,89.0,90,13.4,24,10458,96,6.556041877343863,6.47187267209154,4.387887391370799,5.434512156192033,3.9072048484338295,10.420668592826827,77.8639265130078,9.014694833976261,7.096776161387666,3938.140272384894,50367.40936643958,6.349556131156361,7.487471891197417,1.8342385403444958,0.7201959015337028,High,2,1,1.3936028601906416,1.4965127906035312,1.1713423527535023,0.3669741501362814,1.1093782556831642,0.9042705171996732,1.2932699250869424,-1.0374664620381557,-2.73184298682397,1.1174383566772665,0.6889187505729792,-0.12026961376708763,0.2418255545223002,0.5363026835937559,-0.18056026098974753,1.8145208041217669,0.6130958528832952
Virginia Commonwealth University,No,4963,3497,1567,18,45,10262,5065,10217,4182,500,3630,81.0,87,8.7,11,11183,45,6.321291900339713,6.211832717157439,4.407078179709746,4.287247085802575,3.9744783045899847,13.389406374966793,66.44399050419003,9.502670860800531,11.273181986045072,3262.3198521504246,46086.272753520185,4.498098999573443,4.6929731524538,1.8346767044561374,0.7046141446705622,Medium,1,0,1.0140926220011115,1.0622717069499872,1.2239995826391945,-0.4199221856006509,1.4656286985816536,1.9582857972289132,0.07215286756198706,-0.22842386689854197,2.3731738603726535,0.4823274812028567,0.4240248994484804,-1.4291496017718601,-0.9448178904126144,0.6896195497077233,-0.28655060403915794,0.3584006965742063,-1.6310663255951814
Virginia State University,No,2996,2440,704,2,30,3006,338,5587,4845,500,600,61.0,63,16.0,11,5733,31,6.046661809990559,6.006270518981865,4.132102224771131,0.7587140470162561,3.7865232131426825,7.87166861185591,53.459032470982756,9.502670860800531,8.18162464989385,1850.701062143412,19782.08415571577,7.262859493212,4.6929731524538,1.8295090276447177,0.8144192256341789,Low,0,0,0.5701099118320818,0.719003105336107,0.4694984221602993,-2.840103702854633,0.47030173904947126,-0.0007218148617106539,-1.3163097064272147,-0.22842386689854197,-1.4057817650474291,-0.8442593142160162,-1.2035376962767816,0.5253864336673363,-0.9448178904126144,-1.1185888196368823,0.460366338775736,-1.0977194109733543,-1.6310663255951814
Virginia Tech,No,15712,11719,4277,29,53,18511,604,10260,3176,740,2200,85.0,89,13.8,20,8944,73,6.911325393037113,6.865699057679619,4.707596595893456,5.353618702746615,4.048379705145224,8.933910834648081,66.54409798806623,10.394545090884396,10.37136003078452,3592.2902607546,48914.209492885086,6.494286444209187,6.734445050971812,1.8331522263194964,0.7458630346232179,Medium,1,0,1.9679745103449484,2.1541640215171185,2.048586204427657,0.3114902312545731,1.8569778009306004,0.3764147381376296,0.08285721442108897,1.2502640234494886,1.2708345600115423,0.7924213890142526,0.5990025096854961,-0.01795311549064537,-0.07793639470495539,0.1561933649537545,-0.005967096358359761,0.3584006965742063,-1.6310663255951814
Virginia Union University,Yes,1847,1610,453,19,59,1298,67,7384,3494,500,1763,51.0,67,13.7,8,6757,30,5.773703664294937,5.762250131532188,3.9655063899832057,4.401674224577899,3.6257267695015765,5.212803798904802,59.12483789693334,9.502670860800531,9.983114348377834,1293.8214305708966,23244.601297193447,6.458258782327776,3.833720635194582,1.8309584170932047,0.8716838115863562,Low,0,1,0.1288301630085616,0.31151311978154633,0.012379359853558938,-0.3414378853851846,-0.38120504440875946,-0.9447203576910573,-0.7104734175983121,-0.22842386689854197,0.7962636412000131,-1.3675940637330268,-0.9892956425607811,-0.04342272256216631,-1.3096870359996657,-0.6114367227018518,0.8498919335442806,-1.0977194109733543,0.6130958528832952
Virginia Wesleyan College,Yes,1470,900,287,20,49,1130,417,10900,5100,500,550,70.0,81,15.7,14,7804,68,5.641454968885915,5.40872796174854,3.780736430965072,4.511710153177958,3.5962403709853796,8.248981569756141,68.00255648013339,9.502670860800531,8.042368215839243,2436.7893025328367,38216.88394908151,7.160596602002433,5.443683341838181,1.8321270479535796,0.6122448979591837,Medium,1,1,-0.08497064130012319,-0.27883404491207225,-0.4946073275167645,-0.2659654673280361,-0.537351957784123,0.13323869366565508,0.2388080482068652,-0.22842386689854197,-1.5760014399966686,-0.29347540133892097,-0.06289081824039729,0.4530921042246257,-0.6260396734364524,-0.20252413402475228,-0.9148653847243764,0.3584006965742063,0.6130958528832952
Viterbo College,Yes,647,518,271,17,43,1014,387,9140,3365,500,2245,51.0,65,10.7,31,8050,73,5.147252085240937,5.059308303005327,3.7565839101178056,4.167994170464725,3.5725698770921626,8.1139628886428,63.84085759356895,9.502670860800531,10.407179167340335,1293.8214305708966,21470.19703315302,5.324335193798416,8.664190735529143,1.8323671010471387,0.8006182380216383,Medium,1,1,-0.8839272864917989,-0.8623304206938471,-0.5608789584738112,-0.5017164322200872,-0.6627004148859963,0.08530190590386258,-0.206196327889683,-0.22842386689854197,1.314617971692917,-1.3675940637330268,-1.0990862943084903,-0.8450453297697846,0.7415021812454939,-0.11852777962784909,0.3664891576387304,0.3584006965742063,0.6130958528832952
Voorhees College,Yes,1465,1006,188,10,30,703,20,4450,2522,500,1200,75.0,43,22.9,3,5861,58,5.639464383345972,5.477529195312989,3.5975122103562582,3.140658651142298,3.4882494937938424,3.48630508621625,49.22173659522019,9.502670860800531,9.32358530355288,2797.1408339686877,7271.789877455898,9.440903589980786,1.9499330346678316,1.8297113549646786,0.6866894197952218,Low,0,1,-0.08818873572569587,-0.16394276896450427,-0.9973526934090381,-1.2063544244260114,-1.1092238375219614,-1.557693330606437,-1.7693975580297616,-0.22842386689854197,-0.009909663407681455,0.04516955486019143,-1.9776078392543555,2.0651457306137813,-2.1096101767128186,-1.0477929926819183,-0.4084783016210524,-1.0977194109733543,0.6130958528832952
Wabash College,Yes,800,623,256,41,76,801,5,12925,4195,500,635,78.0,85,9.9,55,14904,72,5.277956934448208,5.177564834714341,3.7323976548089903,6.213996875421871,3.5190657842094177,1.7444748095764888,72.27634224400194,9.502670860800531,8.272845896238978,3025.263672430051,43361.72889933899,5.001743657107565,11.891964015137606,1.8363842578529703,0.77875,Medium,1,1,-0.6726223522455163,-0.6648536733553658,-0.6272431527620489,0.9016140386466763,-0.9460344053697867,-2.176109594191858,0.6957977101837425,-0.22842386689854197,-1.2942777544302728,0.2595509072328201,0.2554446883163039,-1.0731000870048981,2.1121293892239406,1.287105123192697,0.21773686544486928,0.3584006965742063,0.6130958528832952
Wagner College,Yes,1416,1015,417,10,44,1324,117,13500,5800,585,1700,67.0,78,13.2,23,9006,75,5.6195616651421965,5.483009566822603,3.932938578242292,3.140658651142298,3.6298734879503995,6.081129996184631,73.40871283345535,9.854473780462241,9.919921665567582,2232.4911398680765,34618.54631426671,6.276560578554963,7.305625713076967,1.8332021802466052,0.7168079096045198,Medium,1,1,-0.1203646082115129,-0.15479108893225027,-0.07698282368086388,-1.2063544244260114,-0.3592458591910486,-0.6364313988316138,0.8168804413963757,0.354849760195645,0.7190202592323733,-0.48546721020260253,-0.28553671812966114,-0.1718735188122101,0.16460720682316513,0.17367261382632346,-0.20360608502466096,0.3584006965742063,0.6130958528832952
Wake Forest University,Yes,5661,2392,903,75,88,3499,172,13850,4360,500,1250,95.0,97,4.3,37,41766,89,6.3912280951440374,5.994770773998397,4.221303514835811,7.9105127518545855,3.812587049501473,6.709876109567898,74.0825480387824,9.502670860800531,9.392683958613311,4486.687340503674,61289.05591242347,2.3526853307813336,9.567248268196495,1.840723276658286,0.4225401872460696,Medium,1,1,1.1271554741767655,0.6997996651392873,0.7142561024638009,2.065235385744127,0.6083242783538277,-0.4132025186146285,0.8889326545217692,-0.22842386689854197,0.07455286562134684,1.6329424732160491,1.3646918631281069,-2.945840952153327,1.1249724926404445,2.8053599221726357,-2.205276186482925,0.3584006965742063,0.6130958528832952
Walsh University,Yes,1092,890,477,27,92,847,497,8670,4180,500,1450,42.0,58,11.3,33,5738,68,5.465895354874533,5.40179397934008,3.9856017493868725,5.185399347607472,3.5319858893366054,8.570314807909863,62.64152347489602,9.502670860800531,9.645678727479,877.5461121268073,15928.406042687022,5.560145089438339,8.97452607649717,1.8295170614363572,0.815018315018315,Low,0,1,-0.3687903535752977,-0.2904131118129549,0.06751862464379056,0.19611044886994475,-0.877615248144214,0.2473242639820601,-0.33443937135790874,-0.22842386689854197,0.38380024519512246,-1.7587941133611364,-1.4419827001745347,-0.678340495986942,0.8732815923383459,-1.115777736473167,0.46444146906428857,-1.0977194109733543,0.6130958528832952
Warren Wilson College,Yes,440,311,112,25,49,466,7,10000,3052,400,1100,65.0,75,11.4,20,9430,63,4.904537055719881,4.724345727642441,3.3563487717521143,5.0076495594765635,3.3852219042071914,2.145576604714225,65.93453030292328,9.014694833976261,9.176997673903145,2101.2563449237364,31237.605304478584,5.598967634870062,6.734445050971812,1.8335301282114724,0.7068181818181818,Medium,1,1,-1.27631428410197,-1.4216848927626573,-1.6590763496921026,0.07419384862799155,-1.654812343273944,-2.033703140019409,0.017677033247629488,-1.0374664620381557,-0.1890906028016409,-0.6087967856553352,-0.4947312768374728,-0.6508950575092252,-0.07793639470495539,0.28842403432383584,-0.27155828607259697,0.3584006965742063,0.6130958528832952
Wartburg College,Yes,1231,1074,345,34,66,1295,105,11600,3610,400,850,66.0,91,12.4,37,7735,67,5.537122906611661,5.517696294192776,3.8568131229256117,5.739346337815967,3.6252417974507396,5.908815723582758,69.53472895738739,9.014694833976261,8.74813681377624,2166.3773306690255,51847.00689353883,5.980163231535211,9.567248268196495,1.8320576103901167,0.8724614134849715,Medium,1,1,-0.2536398199292951,-0.09686767448835867,-0.28586197600980673,0.5760565206522865,-0.38377324170046667,-0.6976095457808463,0.40264101063331637,-1.0374664620381557,-0.7133073594983343,-0.5475985071923998,0.7804683371675396,-0.38141040162417134,1.1249724926404445,-0.22682085148259304,0.8551813429936781,0.3584006965742063,0.6130958528832952
Washington and Jefferson College,Yes,1305,1100,334,42,64,1098,151,16260,4005,300,500,91.0,91,12.1,40,10162,86,5.571598824597972,5.532339720535611,3.8435756606880047,6.276768658259247,3.5900168336893916,6.494715179609128,78.44350075905612,8.405836708794975,7.890855810096345,4117.019810783901,51847.00689353883,5.8671049482622815,9.990248962005056,1.8340459272951573,0.842911877394636,High,2,1,-0.19790407923290237,-0.07241459640224289,-0.3221839905012181,0.9446685054628217,-0.5703090562412705,-0.4895928651134602,1.3552429516787998,-2.046926211268621,-1.7612021643396472,1.2855426885908192,0.7804683371675396,-0.46133648899060975,1.304593615223782,0.46890595183812733,0.654179267638851,1.8145208041217669,0.6130958528832952
Washington and Lee University,Yes,3315,1096,425,68,93,1584,3,13750,4619,680,1115,81.0,96,9.6,45,15736,90,6.102536490320031,5.530111145785654,3.9404491647969806,7.6170666571932575,3.6665586239715324,1.1604596941657,73.8911756886367,10.198372275405962,9.19975356603084,3262.3198521504246,59647.28650004573,4.878172502210449,10.660094564281724,1.8366783749059659,0.3306184012066365,Medium,1,1,0.6604401155288727,-0.07613609648737148,-0.05637467169661178,1.8639639772570498,-0.16497761875779476,-2.3834572619832834,0.868469488973282,0.9250182019213093,-0.161275007870945,0.4823274812028567,1.2631079470739583,-1.1604582056350563,1.5890338556289196,1.3900188571975503,-2.830547246839482,0.3584006965742063,0.6130958528832952
Washington College,Yes,1209,942,214,31,60,822,46,15276,5318,500,300,79.0,86,11.2,37,10830,65,5.52644275539406,5.436976816666393,3.654885123840124,5.5134261936560724,3.52507328542517,4.653510883837945,76.71791664149663,9.502670860800531,7.096776161387666,3103.2898290035896,44711.16894989349,5.521188494835537,9.567248268196495,1.8344690135294768,0.7791563275434243,High,2,1,-0.27090596318612964,-0.23166124266093877,-0.8399282749238088,0.4211004096393092,-0.9142213383577811,-1.1432907002922248,1.1707287653892233,-0.22842386689854197,-2.73184298682397,0.33287698488245776,0.3389408259481421,-0.7058806999736407,1.1249724926404445,0.6169469570651709,0.22050078969912595,1.8145208041217669,0.6130958528832952
Washington State University,No,6540,5839,2440,31,70,14445,1344,8200,4210,800,2719,84.0,87,16.9,30,10912,56,6.467162556512934,6.495813446664668,4.545344687193403,5.5134261936560724,4.018463248197334,10.500913562737729,61.39870431355919,10.577309512175834,10.748717360156027,3508.30890518449,46086.272753520185,7.56525823478441,8.505142557374741,1.8345181813486453,0.8928134556574924,Low,0,0,1.2499154671219153,1.5364915234746963,1.603386356202983,0.4211004096393092,1.6985534884811195,0.9327605458375713,-0.4673322068480059,1.5532793225065122,1.7320961338943173,0.7134988370127088,0.4240248994484804,0.7391659776222961,0.673964674278998,0.6341511409503717,0.9936201564450876,-1.0977194109733543,-1.6310663255951814
Washington University,Yes,7654,5259,1254,62,93,4879,1274,18350,5775,768,1512,91.0,98,3.9,31,45702,90,6.548997613474168,6.438687725510811,4.333866386569681,7.347098629618152,3.86672039970874,10.392212282256855,81.89315837139635,10.481383131838124,9.717553371339182,4117.019810783901,62958.47816557827,2.121757447036495,8.664190735529143,1.8409996814149372,0.687091716749412,High,2,1,1.3822147003570393,1.4410972019958017,1.0231151711376456,1.678795913530624,0.8949905370659335,0.8941674402844774,1.7241097955732738,1.39423764130786,0.47165599561721816,1.2855426885908192,1.4679867891663476,-3.1090944677491725,0.7415021812454939,2.902075992573745,-0.4057417942710229,1.8145208041217669,0.6130958528832952
Wayne State College,No,1373,1373,724,6,21,2754,474,2700,2660,540,1660,60.0,68,20.3,29,4550,52,5.60147701388658,5.666888871445591,4.1423109892400785,2.2755807268401735,3.7710997500553085,8.483011048158195,41.00131390658495,9.67423499739097,9.878664025344904,1790.5445158830128,24164.67508092954,8.655033203179359,8.343335916108645,1.8272396441811516,1.0,Low,0,0,-0.14960128969358308,0.152269218477745,0.4975100519066017,-1.7997017391221424,0.38862590626408006,0.21632809539625483,-2.6483953350231575,0.05602185721487039,0.6685891092783032,-0.9007921972379641,-0.9323663945762501,1.509577899793664,0.6052558258750537,-1.9126628923428897,1.7227252698753677,-1.0977194109733543,-1.6310663255951814
Waynesburg College,Yes,1190,978,324,12,30,1280,61,8840,3620,500,1200,57.0,58,16.2,26,6563,63,5.517049689067962,5.460137488338776,3.831097623329121,3.4779670941379464,3.622796239656373,5.0713175365769425,63.08014289724547,9.502670860800531,9.32358530355288,1616.0326987995059,15928.406042687022,7.330620142373578,7.8398782563579585,1.83071081127205,0.8218487394957983,Medium,1,1,-0.28609133139890003,-0.19298520471243055,-0.3564222338773654,-0.9749983196713342,-0.39672383316933096,-0.994953383761919,-0.28753843793944656,-0.22842386689854197,-0.009909663407681455,-1.064791907235012,-1.4419827001745347,0.5732895453024277,0.3914698171492021,-0.6980758323924866,0.5109034335205624,0.3584006965742063,0.6130958528832952
Webber College,Yes,280,143,79,5,27,327,110,5590,2900,650,1952,53.0,63,15.1,4,4839,90,4.6110916452369,4.190626925461026,3.1826576141134844,1.9933074045048962,3.288748397362767,5.982666302508909,53.46942588718579,10.094559934711176,10.160873321634455,1397.2527513082268,19782.08415571577,6.953758067641122,2.399320130769619,1.8278723542170996,0.5107142857142857,Low,0,1,-1.7507149168485783,-2.3129426653778755,-2.135664130003746,-1.9933098674917418,-2.1656933282127864,-0.671389770125531,-1.3151983536313947,0.7529019484450437,1.0135467768229418,-1.27039315843607,-1.2035376962767816,0.30686845488617326,-1.9187844502831575,-1.6912729672141944,-1.6054976745472045,-1.0977194109733543,0.6130958528832952
Webster University,Yes,665,462,226,17,44,1739,1550,9160,4340,500,500,68.0,68,20.6,14,6951,48,5.164264357048086,4.985231598229817,3.678710633922248,4.167994170464725,3.685099857341259,10.793542393463186,63.89098537364637,9.502670860800531,7.890855810096345,2299.597751802593,24164.67508092954,8.747633729264866,5.443683341838181,1.831195300414613,0.6947368421052632,Medium,1,1,-0.8564242749555626,-0.9860312133791586,-0.7745539224282342,-0.5017164322200872,-0.06679145474509614,1.0366549553799966,-0.2008362376701635,-0.22842386689854197,-1.7612021643396472,-0.42240291415622744,-0.9323663945762501,1.5750414600373785,-0.6260396734364524,-0.5285494950443083,-0.35373806540786545,0.3584006965742063,0.6130958528832952
Wellesley College,Yes,2895,1249,579,80,96,2195,156,18345,5995,500,700,94.0,98,10.6,51,21409,91,6.027629360821893,5.609695974532079,4.059629016761798,8.107877876151246,3.7297377753928416,6.54828322961376,81.88522181971413,9.502670860800531,8.430546202210584,4392.781938782297,62958.47816557827,5.28453802129421,11.414537756392667,1.8381912328159788,0.431433506044905,High,2,1,0.539340966039159,0.056762720104052304,0.27064059999589607,2.2006059266240867,0.16959119874947667,-0.4705741617554448,1.7232611517078786,-0.22842386689854197,-1.101513269226264,1.5446936720354811,1.4679867891663476,-0.8731797768392634,1.9093972381855786,1.9193790386372116,-2.1447819868483444,1.8145208041217669,0.6130958528832952
Wells College,Yes,318,240,130,40,85,416,19,14900,5550,600,500,93.0,98,8.3,42,13935,69,4.6947058847385055,4.549547086461573,3.427719582628284,6.150076980026682,3.3551173311172127,3.4175164951990755,76.03928450044567,9.911870086910547,7.890855810096345,4299.868873409913,62958.47816557827,4.3242882412261405,10.26314323792509,1.8360080845629894,0.7547169811320755,Medium,1,1,-1.6155393553671402,-1.7135813876177761,-1.4632433735236552,0.8577720942126082,-1.8142328355358628,-1.5821159072516269,1.098163622941653,0.450010288926062,-1.7612021643396472,1.4573774316188435,1.4679867891663476,-1.5520244009880955,1.4204742199244158,1.1554793044564433,0.05425928479092214,0.3584006965742063,0.6130958528832952
Wentworth Institute of Technology,Yes,1480,1257,452,6,25,2961,572,9850,6050,850,920,10.0,68,15.4,8,17858,64,5.645414421273582,5.6135657347516235,3.9646425817117357,2.2755807268401735,3.7838871617427556,8.831697126814374,65.57811116270237,10.720699095764742,8.878900665499815,49.3747522438537,24164.67508092954,7.057569713883966,3.833720635194582,1.8373306731221792,0.8493243243243244,Medium,1,1,-0.07856956412891214,0.06322483809526659,0.01000917318250654,-1.7997017391221424,0.4563423777740926,0.34012496861560976,-0.020434344208082326,1.7910128881854168,-0.5534685665074899,-2.5370787310937746,-0.9323663945762501,0.38025767031614155,-1.3096870359996657,1.6182628315999552,0.6977980620940235,0.3584006965742063,0.6130958528832952
Wesley College,Yes,980,807,350,10,25,872,448,9890,4674,500,1350,52.0,57,14.4,15,6243,84,5.401022247054501,5.340806946515717,3.862670122959401,3.140658651142298,3.5386543372012906,8.379598382677074,65.67350275990205,9.502670860800531,9.523523757948993,1345.040514947662,15218.827017927002,6.708354885340432,5.675799188389897,1.8302767286633392,0.823469387755102,Medium,1,1,-0.47366792977391176,-0.3922554430392342,-0.26979106783383405,-1.2063544244260114,-0.8423021002701807,0.17961265012473462,-0.010234260215042774,-0.22842386689854197,0.23448449294285456,-1.3194602747181297,-1.4858876575586604,0.13338168663923877,-0.5274750385853566,-0.849964550418214,0.521927419228642,0.3584006965742063,0.6130958528832952
Wesleyan University,Yes,4772,1973,712,60,86,2714,27,19130,5600,1400,1400,90.0,94,12.1,39,16262,92,6.300302763031795,5.882473285979528,4.136225398298633,7.2527986409147225,3.7684936144366117,3.895833163481379,83.11426868823371,11.94422527626009,9.585611403607514,4027.0838434683237,56445.99688283852,5.8671049482622815,9.85113937380516,1.8368522415631758,0.41345347862531434,High,2,1,0.980160382259167,0.5122739331753585,0.48081191759683767,1.614116601411784,0.37482496572284807,-1.4122952245038178,1.8546813360668848,3.819564992950375,0.31037713613816026,1.2010242141140972,1.0650292563104273,-0.46133648899060975,1.2455227419124493,1.4508560875797414,-2.267085863810271,1.8145208041217669,0.6130958528832952
West Chester University of Penn.,No,6502,3539,1372,11,51,7484,1904,7844,4108,400,2000,76.0,79,15.3,16,6773,52,6.464112457081148,6.218562975258542,4.363716317083772,3.3150176007474266,3.9308500599365988,11.222979098632388,60.42583937424156,9.014694833976261,10.203474874757537,2872.1891570226703,35793.58122346702,7.023054080272134,5.900304933741678,1.8309783488997298,0.5442940633651184,Low,0,0,1.2449845019451298,1.0735105743456987,1.1050198133749054,-1.086763562568219,1.2345928284373435,1.1891213846405417,-0.5713592321440718,-1.0374664620381557,1.0656206545879023,0.11569717540939685,-0.21283183845717074,0.35585698539765914,-0.4321419230686565,-0.6044624360562368,-1.3770810599128194,-1.0977194109733543,-1.6310663255951814
West Liberty State College,No,1164,1062,478,12,25,2138,227,4470,2890,600,1210,33.0,33,16.3,10,4249,60,5.503931718222531,5.5108093179787,3.9864135973561625,3.4779670941379464,3.724807135279431,7.1776702583483,49.30208649536815,9.911870086910547,9.337615634420624,541.7403777975856,3634.259214621692,7.364378221795919,4.420803225514992,1.826511215638261,0.9123711340206185,Low,0,0,-0.30729859328512726,-0.1083682456796366,0.06974623845496358,-0.9749983196713342,0.14348071142594307,-0.24711773211408433,-1.7608058607062969,0.450010288926062,0.007240268485599216,-2.0743718430857956,-2.2026787942324852,0.5971546804090669,-1.0603909108017935,-2.1675454315940934,1.1266555424522566,-1.0977194109733543,-1.6310663255951814
West Virginia Wesleyan College,Yes,1566,1400,483,28,55,1509,170,14200,3775,450,1100,58.0,81,16.4,42,8080,67,5.678324369126405,5.678608565347874,3.9904436573441027,5.270625276993018,3.6567750167041937,6.690436727374396,74.7452936358243,9.270525807002555,9.176997673903145,1673.2103108531687,38216.88394908151,7.39805573041577,10.26314323792509,1.8323956027883592,0.8939974457215837,Medium,1,1,-0.025365460308237036,0.17183995168105098,0.0808042414660967,0.25456596475215887,-0.21678727179604448,-0.42010424162618726,0.959799072050075,-0.6133100630418952,-0.1890906028016409,-1.0110585156983387,-0.06289081824039729,0.6209628563189757,1.4204742199244158,-0.10855480939451484,1.0016739025125152,0.3584006965742063,0.6130958528832952
Western Carolina University,No,3224,2519,1057,11,31,5000,706,6390,2380,110,1622,67.0,78,14.6,9,6554,55,6.087206726395233,6.024679971506034,4.275990827520511,3.3150176007474266,3.8705561649276956,9.229976446595975,56.11972712593671,6.4498286879756535,9.838607557472368,2232.4911398680765,34618.54631426671,6.778935197303488,4.135098422421764,1.8306990508386018,0.7813275434243176,Low,0,0,0.6356571424579672,0.7497450757982586,0.8643115532878172,-1.086763562568219,0.9153030516323877,0.4815293362545929,-1.0318055178292174,-5.2899006983072026,0.6196262086614175,-0.48546721020260253,-0.28553671812966114,0.18327814727000463,-1.1817113204611744,-0.702190895111028,0.2352698505997351,-1.0977194109733543,-1.6310663255951814
Western Maryland College,Yes,1205,984,278,31,50,1071,98,14510,5340,500,1400,84.0,91,12.5,39,10026,60,5.5244785017942615,5.46390875788672,3.767347783220598,5.5134261936560724,3.584591358455322,5.79991262724456,75.3233974657904,9.502670860800531,9.585611403607514,3508.30890518449,51847.00689353883,6.017611906998858,9.85113937380516,1.833954502814145,0.816597510373444,Medium,1,1,-0.27408148789133907,-0.1866875564311747,-0.5313441769722156,0.4211004096393092,-0.5990399713080633,-0.7362743036700444,1.0216148692005185,-0.22842386689854197,0.31037713613816026,0.7134988370127088,0.7804683371675396,-0.3549362148576937,1.2455227419124493,0.4369158491746065,0.4751834835176201,0.3584006965742063,0.6130958528832952
Western Michigan University,No,9167,7191,2738,24,53,15739,4278,6940,4100,500,1700,80.0,84,24.7,11,5983,55,6.641685566169936,6.608295814689846,4.579807038529339,4.914783971046612,4.0289953754471926,13.0003762661899,57.817591581863965,9.502670860800531,9.919921665567582,3182.3085613523126,42037.76711508565,9.964693612926274,4.6929731524538,1.8298979573689835,0.7844442020290171,Low,0,0,1.532059345514337,1.724325986819178,1.6979469299869696,0.010498375683124296,1.7543269719887293,1.8201652526967822,-0.8502553544222395,-0.22842386689854197,0.7190202592323733,0.4071358482998492,0.17352500962299197,2.4354369284249713,-0.9448178904126144,-0.9824994301165663,0.25647000906591005,-1.0977194109733543,-1.6310663255951814
Western New England College,Yes,1650,1471,409,7,21,1803,1116,8994,5500,498,2065,74.0,97,15.4,15,8409,59,5.708646854654208,5.708308238795854,3.925259898955971,2.52477703580596,3.692177093059328,10.12558189808074,63.47272463212091,9.493782333958585,10.25967977323995,2723.085158261725,61289.05591242347,7.057569713883966,5.675799188389897,1.8326978210992468,0.8915151515151515,Medium,1,1,0.023655603940691997,0.22143547782039166,-0.09805220203348261,-1.628780765874191,-0.029313547363518117,0.7995034720713221,-0.24556024711955235,-0.24316064991220093,1.1343225398198606,-0.024425212660713208,1.3646918631281069,0.38025767031614155,-0.5274750385853566,-0.0028063852847569266,0.9847888222997899,0.3584006965742063,0.6130958528832952
Western State College of Colorado,No,2702,1623,604,7,24,2315,146,5918,3755,500,2050,76.0,79,19.4,4,4599,52,5.989192531673727,5.767038070377159,4.075486322170695,2.52477703580596,3.7396263948575266,6.4395240954098245,54.584370027546214,9.502670860800531,10.246856335235375,2872.1891570226703,35793.58122346702,8.373979046509408,2.399320130769619,1.827351222081084,0.6006661732050333,Low,0,0,0.4772017898337747,0.3195085055407616,0.3141511510757235,-1.628780765874191,0.22195694989761855,-0.509187807589489,-1.1959790071367769,-0.22842386689854197,1.118647849715311,0.11569717540939685,-0.21283183845717074,1.310887822159327,-1.9187844502831575,-1.873620959216252,-0.9936262728287318,-1.0977194109733543,-1.6310663255951814
Western Washington University,No,5548,3563,1549,30,71,8909,506,8124,4144,639,2385,75.0,89,22.7,10,7203,61,6.380555999896182,6.22237056656753,4.403343451159413,5.434512156192033,3.955309017197226,8.60348879955075,61.19337750410501,10.055446652914092,10.514513108587213,2797.1408339686877,48914.209492885086,9.381731017773395,4.420803225514992,1.831488208195989,0.6422134102379236,Low,0,0,1.1099023546613445,1.079868876386414,1.2137519338004854,0.3669741501362814,1.364116638492648,0.25910229783180344,-0.48928750232410007,0.6880538631497891,1.4458172854919475,0.04516955486019143,0.5990025096854961,2.0233139245838974,-1.0603909108017935,-0.4260588941306678,-0.7110133464078271,-1.0977194109733543,-1.6310663255951814
Westfield State College,No,3100,2150,825,3,20,3234,941,5542,3788,500,1300,75.0,79,15.7,20,4222,65,6.065552820848387,5.932759748709701,4.1893269834935145,1.2693752740102677,3.799178209814889,9.787226821093325,53.30268960796032,9.502670860800531,9.45926910861573,2797.1408339686877,35793.58122346702,7.160596602002433,6.734445050971812,1.8264419865465928,0.6935483870967742,Low,0,0,0.6006502003628381,0.596247367467745,0.626516321684647,-2.4898468540270966,0.537316999256821,0.679374498954965,-1.333027220142841,-0.22842386689854197,0.1559430194537629,0.04516955486019143,-0.21283183845717074,0.4530921042246257,-0.07793639470495539,-2.191769203227779,-0.361822182953462,-1.0977194109733543,-1.6310663255951814
Westminster College MO,Yes,662,553,184,20,43,665,37,10720,4050,600,1650,66.0,70,12.5,20,7925,62,5.1614635670733975,5.101374991361772,3.587875733202423,4.511710153177958,3.4748591231433315,4.339068815784311,67.59817837618462,9.911870086910547,9.868205833654798,2166.3773306690255,26071.58053472029,6.017611906998858,6.734445050971812,1.8322465583093188,0.8353474320241692,Medium,1,1,-0.8609521922059836,-0.792083199099582,-1.023794035151519,-0.2659654673280361,-1.1801333127798785,-1.2549296420695684,0.19556848889233233,0.450010288926062,0.655805570750033,-0.5475985071923998,-0.8143772774197001,-0.3549362148576937,-0.07793639470495539,-0.16070657589235568,0.6027243407755716,0.3584006965742063,0.6130958528832952
Westminster College,Yes,996,866,377,29,58,1411,72,12065,3615,430,685,62.0,78,12.5,41,8596,80,5.410763777474828,5.384806378061209,3.892713932298105,5.353618702746615,3.643059379081475,5.322238211547547,70.51924341683917,9.171321099399199,8.395395603896883,1911.850540404655,34618.54631426671,6.017611906998858,10.12756185867775,1.8328616001158367,0.8694779116465864,Medium,1,1,-0.45791921457772844,-0.3187807308962626,-0.18735444527052922,0.3114902312545731,-0.2894192169481831,-0.9058669622243369,0.5079137020816982,-0.7777870653483813,-1.1444794952383643,-0.7867933106586992,-0.28553671812966114,-0.3549362148576937,1.3629015494814063,0.05450110497204439,0.8348869444790262,0.3584006965742063,0.6130958528832952
Westminster College of Salt Lake City,Yes,917,720,213,21,60,979,743,8820,4050,600,2025,68.0,83,10.5,34,7170,50,5.3609318120668155,5.2692129474433855,3.652830398130165,4.61773086410158,3.564772709157479,9.327890979228005,63.028829671957084,9.911870086910547,10.22528959094505,2299.597751802593,40739.09727963728,5.2445943428256845,9.126046493076482,1.8314507560734403,0.7851690294438386,Medium,1,1,-0.5384804197492753,-0.5118103620059697,-0.8455661967303754,-0.1932470423613438,-0.7039907645840586,0.5162927344071535,-0.2930252860818434,0.450010288926062,1.0922858059954998,-0.42240291415622744,0.0931702615374012,-0.9014177956963633,0.9376225443004441,-0.43916366904468745,0.261400435527016,0.3584006965742063,0.6130958528832952
Westmont College,No,950,713,351,42,72,1276,9,14320,5304,490,1410,77.0,77,14.9,17,8837,87,5.382287816039882,5.263054551261494,3.8638299401974967,6.276768658259247,3.622138190841601,2.4539847230142864,74.9700494558412,9.457914103976202,9.597782069669002,2948.2301091785516,33467.66720923342,6.88410362834028,6.117876942980019,1.8330647477361162,0.7505263157894737,Medium,1,0,-0.5039550823753268,-0.5220942763847053,-0.266608667931697,0.9446685054628217,-0.4002085683844697,-1.9242064808233883,0.983831883213705,-0.3026285833204569,0.32525391246068086,0.18715763184081718,-0.3567469657519844,0.25762653611778186,-0.3397531182413292,0.125583961080635,0.025753509661139092,0.3584006965742063,-1.6310663255951814
Wheaton College IL,Yes,1432,920,548,56,84,2200,56,11480,4200,530,1400,81.0,83,12.7,40,11916,85,5.626140770277587,5.422351880739937,4.038831900678364,7.056958567922015,3.7301628346486466,4.943480986111736,69.27646755690517,9.632410098317434,9.585611403607514,3262.3198521504246,40739.09727963728,6.092161014487607,9.990248962005056,1.835077312385321,0.6424581005586593,Medium,1,1,-0.10972845059024133,-0.2560834435749377,0.2135757987369334,1.479792076238102,0.1718421244011506,-1.040340240879165,0.3750254967472836,-0.01332196917783784,0.31037713613816026,0.4823274812028567,0.0931702615374012,-0.3022340305882601,1.304593615223782,0.8297952295750979,-0.7093489120784097,0.3584006965742063,0.6130958528832952
Westminster College PA,Yes,1738,1373,417,21,55,1335,30,18460,5970,700,850,92.0,96,13.2,41,22704,71,5.73868490328839,5.666888871445591,3.932938578242292,4.61773086410158,3.6315981165695623,4.042514495345579,82.0674044451253,10.265383834059623,8.74813681377624,4207.948159114593,59647.28650004573,6.276560578554963,10.12756185867775,1.8384522732414836,0.7899884925201381,High,2,1,0.0722168312404318,0.152269218477745,-0.07698282368086388,-0.1932470423613438,-0.3501129894900182,-1.36021775036312,1.7427416734290588,1.036120392064417,-0.7133073594983343,1.37099376580703,1.2631079470739583,-0.1718735188122101,1.3629015494814063,2.01071901583779,0.2941834233028883,1.8145208041217669,0.6130958528832952
Wheeling Jesuit College,Yes,903,755,213,15,49,971,305,10500,4545,600,600,66.0,71,14.1,27,7494,72,5.3516211107746905,5.299073487011984,3.652830398130165,3.912896621040344,3.5629427572137744,7.689951109914901,67.09783771091139,9.911870086910547,8.18162464989385,2166.3773306690255,27058.81466023696,6.601764206578399,8.010865648125515,1.8318073920894473,0.8361018826135105,Medium,1,1,-0.5535326319376644,-0.46194620530730435,-0.8455661967303754,-0.676685000581864,-0.7136813799868779,-0.06523846730802497,0.1420677932258447,0.450010288926062,-1.4057817650474291,-0.5475985071923998,-0.7532925064547982,0.05802784562419385,0.46407713838160014,-0.31437408709395426,0.607856270215908,0.3584006965742063,0.6130958528832952
Whitman College,Yes,1861,998,359,45,77,1220,46,16670,4900,750,800,80.0,83,10.5,51,13198,72,5.778040021929521,5.472613522581911,3.8729733999909732,6.4586530156495385,3.612652925237889,4.653510883837945,79.1422585533541,10.425882498985677,8.648479600106288,3182.3085613523126,40739.09727963728,5.2445943428256845,11.414537756392667,1.8356938566820218,0.5362708221386352,High,2,1,0.13584056675717224,-0.17215145771839444,-0.24152010691002432,1.0694209607168643,-0.45043833604332834,-1.1432907002922248,1.4299601007974054,1.3022200552656582,-0.835123048894733,0.4071358482998492,0.0931702615374012,-0.9014177956963633,1.9093972381855786,1.0455286428764878,-1.4316568113786092,1.8145208041217669,0.6130958528832952
Whittier College,Yes,1681,1069,344,35,63,1235,30,16249,5699,500,1998,84.0,92,13.6,29,11778,52,5.719420628704453,5.514836778459234,3.8556299714321445,5.811354652879335,3.6152448528099574,4.042514495345579,78.42459507952975,9.502670860800531,10.201718806731211,3508.30890518449,53353.18359977521,6.422128545636341,8.343335916108645,1.8350048367955538,0.635930993456276,High,2,1,0.04107310322307366,-0.1016427838025113,-0.2891084023202187,0.6254462220634173,-0.43671263502736163,-1.36021775036312,1.3532213950136902,-0.22842386689854197,1.0634741302232702,0.7134988370127088,0.8736625013025863,-0.0689648444728493,0.6052558258750537,0.8044354842248027,-0.7537476488176763,1.8145208041217669,0.6130958528832952
Whitworth College,Yes,1121,926,372,43,70,1270,160,12660,4500,678,2424,80.0,80,16.9,20,8328,80,5.481530491181632,5.426377316607237,3.887341330800937,6.338439565826767,3.6211463920201132,6.590034917686288,71.743315283418,10.191576958366191,10.543373994544892,3182.3085613523126,36992.96354026978,7.56525823478441,6.734445050971812,1.8326251253117152,0.8260481712756468,Medium,1,1,-0.34351369804690185,-0.2493613626022765,-0.2020962217480719,0.9869678941908152,-0.40546069588927647,-0.45575071811545526,0.6388019167583542,0.9137518678588936,1.4810953009015388,0.4071358482998492,-0.13862047133804148,0.7391659776222961,-0.07793639470495539,-0.028243179462823235,0.5394688397753372,0.3584006965742063,0.6130958528832952
Widener University,Yes,2139,1492,502,24,64,2186,2171,12350,5370,500,1350,88.0,86,12.6,19,9603,63,5.857559373540614,5.716799311721385,4.005330362240322,4.914783971046612,3.728969688650721,11.501541114743205,71.11039337203462,9.502670860800531,9.523523757948993,3850.189112920918,44711.16894989349,6.05494407369219,6.534472866673584,1.8336574851453042,0.6975222066386162,Medium,1,1,0.26439609828793487,0.23561473234878955,0.12165158072676686,0.010498375683124296,0.16552375138316738,1.2880215378244682,0.5711245023249655,-0.22842386689854197,0.23448449294285456,1.0347851307407439,0.3389408259481421,-0.328544393486175,-0.16285168859179217,0.3329871682140691,-0.3347914379511052,0.3584006965742063,0.6130958528832952
Wilkes University,Yes,1631,1431,434,15,36,1803,603,11150,5130,550,1260,78.0,92,13.3,24,8543,67,5.701935599022871,5.691769816712537,3.9487060300996504,3.912896621040344,3.692177093059328,8.930791341718463,68.55698328045996,9.715390024589627,9.4061959075928,3025.263672430051,53353.18359977521,6.31311179805378,7.487471891197417,1.8328157430761967,0.8773758430410791,Medium,1,1,0.012805804269979414,0.1938179437026082,-0.03371882000887782,-0.676685000581864,-0.029313547363518117,0.3753071990233494,0.2980920952019622,0.12425506576926057,0.09106915500383439,0.2595509072328201,0.8736625013025863,-0.14603378484101692,0.2418255545223002,0.03845538735147445,0.8886103124686267,0.3584006965742063,0.6130958528832952
Willamette University,Yes,1658,1327,395,49,80,1595,159,14800,4620,400,790,91.0,94,13.3,37,10779,68,5.711447860902251,5.646342219590866,3.911395938292381,6.68764507875179,3.667946051994964,6.579685944202146,75.85690794356076,9.014694833976261,8.6278580484135,4117.019810783901,56445.99688283852,6.31311179805378,9.567248268196495,1.8344381430916987,0.8003618817852834,Medium,1,1,0.028183870830987088,0.1179583358708432,-0.1360932533386693,1.226484066723249,-0.15763041413833856,-0.459424998899203,1.07866236441158,-1.0374664620381557,-0.8603297393426501,1.2855426885908192,1.0650292563104273,-0.14603378484101692,1.1249724926404445,0.6061451623723889,0.36474536933085444,0.3584006965742063,0.6130958528832952
William Jewell College,Yes,663,547,315,32,67,1279,75,10060,2970,500,2600,74.0,80,11.2,19,7885,59,5.162398675316025,5.094369521460201,3.819481456969035,5.590470826008503,3.6226319625027,5.384654090140899,66.07611503311347,9.502670860800531,10.668491727522667,2723.085158261725,36992.96354026978,5.521188494835537,6.534472866673584,1.8322073636987346,0.8250377073906485,Medium,1,1,-0.8594404427420582,-0.8037816430649778,-0.3882956062271666,0.47394446499414217,-0.3975937722522633,-0.8837069418447597,0.03281648140100025,-0.22842386689854197,1.6340325779648828,-0.024425212660713208,-0.13862047133804148,-0.7058806999736407,-0.16285168859179217,-0.17442106026857745,0.5325954547809048,0.3584006965742063,0.6130958528832952
William Woods University,Yes,469,435,227,17,39,851,120,10535,4365,550,3700,39.0,66,12.9,16,7438,52,4.945194384426874,4.9460023682980365,3.680629920666159,4.167994170464725,3.533068834491552,6.121711555601747,67.17789479502112,9.715390024589627,11.308244767466157,756.6685933472796,22346.50996978621,6.166254230007078,5.900304933741678,1.8317474670165395,0.9275053304904051,Medium,1,1,-1.210585321319288,-1.0515401591901494,-0.7692876289594262,-0.5017164322200872,-0.8718804500064616,-0.6220233955480692,0.15062818015853963,0.12425506576926057,2.416032743675473,-1.87239030619385,-1.0448647336429244,-0.24985413726745317,-0.4321419230686565,-0.3353423136916648,1.2296014868472926,0.3584006965742063,0.6130958528832952
Williams College,Yes,4186,1245,526,81,96,1988,29,19629,5790,500,1200,94.0,99,9.0,64,22014,99,6.229788745209453,5.607751134959033,4.023231461015134,8.14624425934419,3.711027465009607,3.9951505320984855,83.87840634681469,9.502670860800531,9.32358530355288,4392.781938782297,64655.72972029902,4.626421205486867,12.903612151617533,1.8383161317156689,0.2974199713330148,High,2,1,0.8661633883468534,0.053515029786823695,0.17077005656752842,2.2269210016047607,0.07050967772098268,-1.3770337660063725,1.9363894584652879,-0.22842386689854197,-0.009909663407681455,1.5446936720354811,1.5730036436391222,-1.3384327472081734,2.541711128908048,1.9630820881859694,-3.056369854772136,1.8145208041217669,0.6130958528832952
Wilson College,Yes,167,130,46,16,50,199,676,11428,5084,450,475,67.0,76,8.3,43,10291,67,4.263367573573644,4.123127209348036,2.8944614921994276,4.043409132038042,3.140302039979964,9.147130167161995,69.16400373689535,9.270525807002555,7.809757372789183,2232.4911398680765,32340.751369602982,4.3242882412261405,10.397054457490185,1.8341309198275584,0.7784431137724551,Medium,1,1,-2.3128655374589604,-2.4256605355168674,-2.926439848841471,-0.5871679226871698,-2.9517995220366404,0.4521157433996379,0.3629999049346525,-0.6133100630418952,-1.8603325903844732,-0.48546721020260253,-0.4264744945937568,-1.5520244009880955,1.4773376812303964,0.49864546807101123,0.21564936165307474,0.3584006965742063,0.6130958528832952
Wingate College,Yes,1239,1017,383,10,34,1207,157,7820,3400,550,1550,69.0,81,13.9,8,7264,91,5.54095587269122,5.484220364550543,3.8990535721709625,3.140658651142298,3.6103749915525123,6.558810816590468,60.35921853560279,9.715390024589627,9.76026815027679,2367.6971460616746,38216.88394908151,6.530212562649016,3.833720635194582,1.8315567462304738,0.8208232445520581,Low,0,1,-0.2474432277575311,-0.15276917611658627,-0.16995923105204586,-1.2063544244260114,-0.46250126443554906,-0.46683646636111154,-0.5784829009969974,0.12425506576926057,0.5238682746092042,-0.3584056382346787,-0.06289081824039729,0.007444705863380859,-1.3096870359996657,-0.40207692852086074,0.5039278041459588,-1.0977194109733543,0.6130958528832952
Winona State University,No,3325,2047,1301,20,45,5800,872,4200,2700,300,1200,53.0,60,20.2,18,5318,58,6.104193464755709,5.904061992420128,4.346129171571213,4.511710153177958,3.8933623487440108,9.637988221384388,48.19673360287073,8.405836708794975,9.32358530355288,1397.2527513082268,17408.082037358414,8.624048109702713,6.329097661694977,1.828802105550713,0.6156390977443609,Low,0,0,0.663118875164052,0.5483249441894927,1.0567627877680688,-0.2659654673280361,1.0360745051835112,0.6263890970748434,-1.8789996290926472,-2.046926211268621,-0.009909663407681455,-1.27039315843607,-1.3504282584260159,1.4876731156718916,-0.25006129701322827,-1.365946093224299,-0.8917773335649994,-1.0977194109733543,-1.6310663255951814
Winthrop University,No,2320,1805,769,24,61,3395,670,6400,3392,580,2150,71.0,80,12.8,26,6729,59,5.903578381414087,5.8300620956806375,4.164137407847629,4.914783971046612,3.8074770606142425,9.130164250300064,56.15143725451501,9.835056399720902,10.33075643934527,2506.874201393403,36992.96354026978,6.129263988156606,7.8398782563579585,1.830923360776259,0.7780172413793104,Low,0,0,0.33879305824588685,0.4247524133507227,0.5573991362891658,0.010498375683124296,0.5812640393190355,0.44609219503515724,-1.02841480015152,0.32265660470801977,1.2212028845813738,-0.2276122220975675,-0.13862047133804148,-0.27600423628062626,0.3914698171492021,-0.6237031875008264,0.2127524892759001,-1.0977194109733543,-1.6310663255951814
Wisconsin Lutheran College,Yes,152,128,75,17,41,282,22,9100,3700,500,1400,48.0,48,8.5,26,8960,50,4.198605662603939,4.112104206337664,3.155996264429795,4.167994170464725,3.2461654889471316,3.61505348869291,63.74038556066612,9.502670860800531,9.585611403607514,1146.123359651444,9701.095221244075,4.411591888636989,7.8398782563579585,1.8331651686551065,0.8421052631578947,Medium,1,1,-2.4175633464699806,-2.4440678636274775,-2.2088196874806463,-0.5017164322200872,-2.3911935603959362,-1.5119827312041771,-0.21693965544310542,-0.22842386689854197,0.31037713613816026,-1.5063952131493028,-1.8272954091087186,-1.490305447291237,0.3914698171492021,0.1607219839876217,0.6486925102461086,0.3584006965742063,0.6130958528832952
Wittenberg University,Yes,1979,1739,575,42,68,1980,144,15948,4404,400,800,82.0,95,12.8,29,10414,78,5.813254214580154,5.808027031649495,4.057018622924311,6.276768658259247,3.7102572103865463,6.416969523585456,77.90397271067064,9.014694833976261,8.648479600106288,3343.323684287649,58032.99277532507,6.129263988156606,8.343335916108645,1.8342104435254816,0.8787266296109146,High,2,1,0.19276984449787904,0.3879560291732084,0.2634779912502291,0.9446685054628217,0.06643075021690155,-0.5171955418799407,1.297552006441633,-1.0374664620381557,-0.835123048894733,0.5584518675118793,1.1632240797157132,-0.27600423628062626,0.6052558258750537,0.5264713986377563,0.897798642974674,1.8145208041217669,0.6130958528832952
Wofford College,Yes,1501,935,273,51,83,1059,34,12680,4150,605,1440,91.0,92,15.3,42,7875,75,5.653636581980761,5.432363428673769,3.7596917424095837,6.796963010362023,3.582126289517249,4.218760977575938,71.78379790081851,9.930724323696438,9.633820353483664,4117.019810783901,53353.18359977521,7.023054080272134,10.26314323792509,1.832197517120998,0.6229180546302465,Medium,1,1,-0.06527714890384496,-0.2393651457082181,-0.5523514380539117,1.301464018640753,-0.6120938851567195,-1.2976435188362476,0.6431306638373969,0.48126977672898974,0.36930519812159834,1.2855426885908192,0.8736625013025863,0.35585698539765914,1.4204742199244158,-0.17786645070654095,-0.8422643586063218,0.3584006965742063,0.6130958528832952
Worcester Polytechnic Institute,Yes,2768,2314,682,49,86,2802,86,15884,5370,530,730,92.0,94,15.2,34,10774,82,6.0026594628223116,5.975546485085983,4.120478840339227,6.68764507875179,3.774166914052344,5.595755067235544,77.79244552694192,9.632410098317434,8.49880301236655,4207.948159114593,56445.99688283852,6.988450466626353,9.126046493076482,1.834435104458387,0.8359826589595376,High,2,1,0.4989732009031392,0.667696998255228,0.4376052442839943,1.226484066723249,0.40486824900695817,-0.8087580336503585,1.2856265677768532,-0.01332196917783784,-1.0180797667335584,1.37099376580703,1.0650292563104273,0.3313941033568047,0.9376225443004441,0.6050819220835753,0.6070452861853407,1.8145208041217669,0.6130958528832952
Worcester State College,No,2197,1515,543,4,26,3089,2029,6797,3900,500,1200,60.0,60,21.0,14,4469,40,5.872747122767148,5.72595353072499,4.035350578504726,1.6653553539620274,3.7912614561497207,11.35750137714961,57.384903609584065,9.502670860800531,9.32358530355288,1790.5445158830128,17408.082037358414,8.870288122955666,5.443683341838181,1.8270510783472402,0.6895766954938553,Low,0,0,0.2889494822757977,0.2509013754384437,0.204023466713586,-2.218248526856654,0.4953933764688397,1.2368819305245558,-0.8965220465585967,-0.22842386689854197,-0.009909663407681455,-0.9007921972379641,-1.3504282584260159,1.6617514781113547,-0.6260396734364524,-1.9786434734615623,-0.38883845327376515,-1.0977194109733543,-1.6310663255951814
Xavier University,Yes,1959,1805,695,24,47,2849,1107,11520,4960,600,1250,73.0,75,13.3,31,9189,83,5.807447019475071,5.8300620956806375,4.127398550791494,4.914783971046612,3.7771087890621775,10.109389763717662,69.3627507968016,9.911870086910547,9.392683958613311,2650.022148392148,31237.605304478584,6.31311179805378,8.664190735529143,1.8333465839273808,0.9213884635017866,Medium,1,1,0.18338160077718124,0.4247524133507227,0.4565921028534233,0.010498375683124296,0.42044711673708346,0.7937546460424131,0.38425163741345686,0.450010288926062,0.07455286562134684,-0.09308710977675971,-0.4947312768374728,-0.14603378484101692,0.7415021812454939,0.2242005306584334,1.1879932884775095,0.3584006965742063,0.6130958528832952
Xavier University of Louisiana,Yes,2097,1915,695,34,61,2793,166,6900,4200,617,781,67.0,75,14.4,20,8323,49,5.846282674786963,5.86493763762708,4.127398550791494,5.739346337815967,3.773596718234659,6.650931635508118,57.69715432294186,9.975426163043554,8.60909093538255,2232.4911398680765,31237.605304478584,6.708354885340432,6.734445050971812,1.8326206022081548,0.9132093466857415,Low,0,1,0.24616554216773545,0.4829911295190354,0.4565921028534233,0.5760565206522865,0.40184874437324697,-0.4341300578220526,-0.8631335343978341,0.5553834424110313,-0.8832696623814041,-0.48546721020260253,-0.4947312768374728,0.13338168663923877,-0.07793639470495539,-0.029825846880256062,1.1323572389108185,-1.0977194109733543,0.6130958528832952
Yale University,Yes,10705,2453,1317,95,99,5217,83,19840,6510,630,2115,96.0,96,5.8,49,40386,99,6.720403625753188,6.0093433940631495,4.350187556325037,8.649657618030027,3.8771598989099774,5.540712579368851,84.19768258778673,10.023005814993539,10.301810344157682,4581.58506400201,59647.28650004573,3.1525803699474535,11.16847437899351,1.8406166531570487,0.22914525922466136,High,2,1,1.6593194625269563,0.7241345037228165,1.0678985105519525,2.572206618272609,0.9502735034330335,-0.8283002187538535,1.9705292000200894,0.6342683936656499,1.1858207139310109,1.7221238214662933,1.2631079470739583,-2.3803584511495273,1.8049099862211955,2.7680515698236725,-3.5207886120101133,1.8145208041217669,0.6130958528832952
York College of Pennsylvania,Yes,2989,1855,691,28,63,2988,1726,4990,3560,500,1250,75.0,75,18.1,28,4509,99,6.045365101718743,5.846188795208486,4.125285421373996,5.270625276993018,3.7854745974721147,11.016985193500947,51.313200327888495,9.502670860800531,9.392683958613311,2797.1408339686877,31237.605304478584,7.958870720536977,8.178628549458342,1.8271448499076008,0.6206088992974239,Low,0,1,0.5680135790810434,0.45168241139853355,0.45079392825266595,0.25456596475215887,0.46474873466386424,1.1159856820171445,-1.5457603995391977,-0.22842386689854197,0.07455286562134684,0.04516955486019143,-0.4947312768374728,1.0174287020688955,0.5353152264185853,-1.9458321103600882,-0.8579717122783077,-1.0977194109733543,0.6130958528832952
